btp;desc
2300003094;KR OTOMATIS LLG-CIMB NIAGA CAHAYA SAKTI 0000006726 A000134 62 112923 B H550 
DISTRIBUTOR GREENFIELDS;KR OTOMATIS LLG-CIMB NIAGA PUJI SURYA INDAH GF 
2300013043;KR OTOMATIS LLG-CIMB NIAGA ELANG ANDALAN NUSA EAN-5548 INV: 5222 354457 
2300009056;KR OTOMATIS LLG-CIMB NIAGA SYA SUKSES BERSAMA SEL 5222241378-41467 C L KMG 
2300000727;KR OTOMATIS LLG-CIMB NIAGA BAKTIABADI INTIMAK 
2300014826;KR OTOMATIS LLG-CIMB NIAGA ARGHA KARYA PRIMA KWT/GDI-INDO/2023/ 12/873281 
DISTRIBUTOR GREENFIELDS;KR OTOMATIS LLG-CIMB NIAGA PUJI SURYA INDAH GF 
2300000727;KR OTOMATIS LLG-CIMB NIAGA BAKTIABADI INTIMAK 
DISTRIBUTOR GREENFIELDS;KR OTOMATIS LLG-CIMB NIAGA PUJI SURYA INDAH GF
2300015911;KR OTOMATIS LLG-CIMB NIAGA UNITED MEDIA OR OF B2311-629 20240123 1667079897
2300000925;KR OTOMATIS LLG-CIMB NIAGA PRIMA ISMAYA SEJAH BILL009152005 BILL 005319001 
2300000168;KR OTOMATIS LLG-CIMB NIAGA SARI RASA NUSANTAR 2024000767-5222373 792 
2300015911;KR OTOMATIS LLG-CIMB NIAGA UNITED MEDIA OR OF B2311-048-F 202401 25649529812
DISTRIBUTOR GREENFIELDS;KR OTOMATIS LLG-CIMB NIAGA ANUGRAH BERKAT AND
2300005696;KR OTOMATIS LLG-CIMB NIAGA MATAHARI PUTRA PRI 45423 202401251384 43661 
2300016045;KR OTOMATIS LLG-CIMB NIAGA KREASI ANUGRAH PRO NV1222444018/12224 60878 Stock Susu 2 024012527125 
2300009056;KR OTOMATIS LLG-CIMB NIAGA SYA SUKSES BERSAMA SEL 5222247741 PO 7010 CL KMG 
2300013747;KR OTOMATIS LLG-CIMB NIAGA BIONIC NATURA 222320627 20240125 659498017
DISTRIBUTOR GREENFIELDS;KR OTOMATIS LLG-CIMB NIAGA ANUGRAH BERKAT AND 
MODERN TRADE;KR OTOMATIS LLG-CIMB NIAGA SYA FRESH ONE 
2300015997;KR OTOMATIS LLG-CIMB NIAGA DEANDI PRIMOSAPUTE Invoice: N7089219 
2300015997;KR OTOMATIS LLG-CIMB NIAGA DEANDI PRIMOSAPUTE Invoice: N7116884 
DISTRIBUTOR GREENFIELDS;KR OTOMATIS LLG-CIMB NIAGA PUJI SURYA INDAH GF 
MODERN TRADE;KR OTOMATIS LLG-CIMB NIAGA JAKARTA SENTRA ARO FMGM 2024011215078 67611 
MODERN TRADE;KR OTOMATIS LLG-CIMB NIAGA JAKARTA SENTRA ARO FMGM 2024011215078 67611 
MODERN TRADE;KR OTOMATIS LLG-CIMB NIAGA JAKARTA SENTRA ARO FMGM 2024011215078 67611 
2300008197;KR OTOMATIS LLG-CIMB NIAGA MENSANA ANEKA PROP AYMENT FROM AVENZE L HOTEL 2024011283 7697865 
2300015567;KR OTOMATIS LLG-CIMB NIAGA SYA KREASI BAHAN SEHAT Pb SG 10 Crt SJ 11 112022 No.N704740 5 
2300000727;KR OTOMATIS LLG-CIMB NIAGA BAKTIABADI INTIMAK 
2300013043;KR OTOMATIS LLG-CIMB NIAGA ELANG ANDALAN NUSA EAN-5582 INV: 5222 368698 
2300013043;KR OTOMATIS LLG-CIMB NIAGA ELANG ANDALAN NUSA EAN-5565 INV: 5222 363876 
2300013695;KR OTOMATIS LLG-CIMB NIAGA KUDO TEKNOLOGI IND 222354767 3 202401 091275850063 
2300015997;KR OTOMATIS LLG-CIMB NIAGA DEANDI PRIMOSAPUTE Invoice: N7072000 
2300015997;KR OTOMATIS LLG-CIMB NIAGA DEANDI PRIMOSAPUTE Invoice: N7037733 
2300015447;KR OTOMATIS LLG-CIMB NIAGA KARTA MAS KENCANA 20240109940738766 
MODERN TRADE;KR OTOMATIS LLG-CIMB NIAGA SYA FRESH ONE 
2300000925;KR OTOMATIS LLG-CIMB NIAGA PRIMA ISMAYA SEJAH 5338081 5338083 53 38084 
DISTRIBUTOR GREENFIELDS;KR OTOMATIS LLG-CIMB NIAGA ANUGRAH BERKAT AND 
2300004640;KR OTOMATIS LLG-CIMB NIAGA SYA JCO DONUT AND COFF 2024010293605189 
2300013695;KR OTOMATIS LLG-CIMB NIAGA KUDO TEKNOLOGI IND PG_TXN: 311193.000 00 
DISTRIBUTOR GREENFIELDS;KR OTOMATIS LLG-CIMB NIAGA ANUGRAH BERKAT AND 
2300000838;KR OTOMATIS LLG-CIMB NIAGA KITCHENETTE LESTAR 3275565 3275567 32 75572 3275574 327 5575 
2300008197;KR OTOMATIS LLG-CIMB NIAGA MENSANA ANEKA PROP AYMENT FROM AVENZE L HOTEL 2024020243 0950128
2300000925;KR OTOMATIS LLG-CIMB NIAGA PRIMA ISMAYA SEJAH BILL0011540326 BIL L0011540325 
2300004640;KR OTOMATIS LLG-CIMB NIAGA SYA JCO DONUT AND COFF 20240401905505341 
2300000168;KR OTOMATIS LLG-CIMB NIAGA SARI RASA NUSANTAR 2024005698-5222446 185 
2300013043;KR OTOMATIS LLG-CIMB NIAGA ELANG ANDALAN NUSA EAN-5661 INV: 5222 452381 
2300013043;KR OTOMATIS LLG-CIMB NIAGA ELANG ANDALAN NUSA EAN-5664 INV: 5222 458170 
2300011741;KR OTOMATIS LLG-CIMB NIAGA INDO KORDSA 012/5222373730( 68 3280) 5222373727( 15 202404019 
2300016371;KR OTOMATIS LLG-CIMB NIAGA FKS MANAGEMENT SER 
2300000727;KR OTOMATIS LLG-CIMB NIAGA BAKTIABADI INTIMAK 
DISTRIBUTOR GREENFIELDS;KR OTOMATIS LLG-CIMB NIAGA ANUGRAH BERKAT AND 
2300000838;KR OTOMATIS LLG-CIMB NIAGA KITCHENETTE LESTAR Jakarta 
2300013695;KR OTOMATIS LLG-CIMB NIAGA KUDO TEKNOLOGI IND 222462869 3 202404 05558631930 
2300008197;KR OTOMATIS LLG-CIMB NIAGA MENSANA ANEKA PROP AYMENT FROM AVENZE L HOTEL 2024041513 57522149 
MODERN TRADE;KR OTOMATIS LLG-CIMB NIAGA SYA FRESH ONE 
2300005696;KR OTOMATIS LLG-CIMB NIAGA MATAHARI PUTRA PRI 45422 202404151390 053991 
2300005696;KR OTOMATIS LLG-CIMB NIAGA MATAHARI PUTRA PRI 45423 202404151390 053991 
DISTRIBUTOR GREENFIELDS;KR OTOMATIS LLG-CIMB NIAGA ANUGRAH BERKAT AND 
2300003094;KR OTOMATIS LLG-CIMB NIAGA CAHAYA SAKTI 0000006905 A000137 16 032024 B H550 
2300000168;KR OTOMATIS LLG-CIMB NIAGA SARI RASA NUSANTAR 2024006641-5222464 786 
2300000925;KR OTOMATIS LLG-CIMB NIAGA PRIMA ISMAYA SEJAH BILL0011627173 BIL L0011627172 
MODERN TRADE;KR OTOMATIS LLG-CIMB NIAGA SUPRA BOGA LESTARI 20240415755959318
DISTRIBUTOR GREENFIELDS;KR OTOMATIS LLG-CIMB NIAGA PUJI SURYA INDAH GF 
MODERN TRADE;KR OTOMATIS LLG-CIMB NIAGA SYA FRESH ONE 
2300013695;KR OTOMATIS LLG-CIMB NIAGA KUDO TEKNOLOGI IND PG_TXN: 326377.000 00
DISTRIBUTOR GREENFIELDS;KR OTOMATIS LLG-CIMB NIAGA ANUGRAH BERKAT AND
2300015447;KR OTOMATIS LLG-CIMB NIAGA KARTA MAS KENCANA 20240424115294198
2300005696;KR OTOMATIS LLG-CIMB NIAGA MATAHARI PUTRA PRI 45422 202404245130 37197
2300005696;KR OTOMATIS LLG-CIMB NIAGA MATAHARI PUTRA PRI 45423 202404245130 37197
2300000925;KR OTOMATIS LLG-CIMB NIAGA PRIMA ISMAYA SEJAH BILL0011693327 BIL L0011693326
2300000727;KR OTOMATIS LLG-CIMB NIAGA BAKTIABADI INTIMAK
2300016045;KR OTOMATIS LLG-CIMB NIAGA KREASI ANUGRAH PRO NV1222547907 Beli Stock Susu 1L 2024 042519872941
2300011546;KR OTOMATIS LLG-CIMB NIAGA THE FINANCIAL CLUB reenfields 2024042 9517965756
MODERN TRADE;KR OTOMATIS LLG-CIMB NIAGA SYA FRESH ONE pot promo mar 2024 10.229.500
2300013043;KR OTOMATIS LLG-CIMB NIAGA ELANG ANDALAN NUSA EAN-5671 INV: 5222 468842
2300000168;KR OTOMATIS LLG-CIMB NIAGA SARI RASA NUSANTAR 2024007903-5210037 030
DISTRIBUTOR GREENFIELDS;KR OTOMATIS LLG-CIMB NIAGA PUJI SURYA INDAH GF
2300000168;KR OTOMATIS LLG-CIMB NIAGA SARI RASA NUSANTAR 2024007244-5222468 688
2300014826;KR OTOMATIS LLG-CIMB NIAGA ARGHA KARYA PRIMA KWT/GDI-INDO/2024/ 03/918051
2300000925;KR OTOMATIS LLG-CIMB NIAGA PRIMA ISMAYA SEJAH BILL0011886112 BIL L0011886111
DISTRIBUTOR GREENFIELDS;KR OTOMATIS LLG-CIMB NIAGA PUJI SURYA INDAH GF
2300018398;KR OTOMATIS LLG-CIMB NIAGA SUMMARECON AGUNG T PEMBAYARAN KKG 03/ 05/2024
DISTRIBUTOR GREENFIELDS;KR OTOMATIS LLG-CIMB NIAGA ANUGRAH BERKAT AND
2300015911;KR OTOMATIS LLG-CIMB NIAGA PT.UNITED MEDIA OR B2402-460-B 202405 051013777056
2300011741;KR OTOMATIS LLG-CIMB NIAGA PT.INDO KORDSA 012// 5222367823( 4686775) 202404301 122539678
2300013695;KR OTOMATIS LLG-CIMB NIAGA PT.KUDO TEKNOLOGI PG_TXN: 328344.000 00
2300016045;KR OTOMATIS LLG-CIMB NIAGA PT.KREASI ANUGRAH NV1210043135 Beli Stock Susu 1L 2024 050814166073
DISTRIBUTOR GREENFIELDS;KR OTOMATIS LLG-CIMB NIAGA PT.PUJI SURYA INDA GF
2300000168;KR OTOMATIS LLG-CIMB NIAGA CV.SARI RASA NUSAN 2024008569-5210044 227
2300005696;KR OTOMATIS LLG-CIMB NIAGA PT.MATAHARI PUTRA 45423 202405102261 7514 
2300005696;KR OTOMATIS LLG-CIMB NIAGA PT.MATAHARI PUTRA 45422 202405102261 7514 
2300000168;KR OTOMATIS LLG-CIMB NIAGA CV.SARI RASA NUSAN 2024007905-5222475 778 
DISTRIBUTOR GREENFIELDS;KR OTOMATIS LLG-CIMB NIAGA PT.ANUGRAH BERKAT 
2300015911;KR OTOMATIS LLG-CIMB NIAGA PT.UNITED MEDIA OR B2402-653 20240508 45580401
2300015911;KR OTOMATIS LLG-CIMB NIAGA PT.UNITED MEDIA OR B2403-631 20240508 45580401
2300015911;KR OTOMATIS LLG-CIMB NIAGA PT.UNITED MEDIA OR B2403-308-B 202405 0845580401
2300013695;KR OTOMATIS LLG-CIMB NIAGA PT.KUDO TEKNOLOGI PG_TXN: 329299.000 00
DISTRIBUTOR GREENFIELDS;KR OTOMATIS LLG-CIMB NIAGA PT.ANUGRAH BERKAT
2300008197;KR OTOMATIS LLG-CIMB NIAGA PT.MENSANA ANEKA P AYMENT FROM AVENZE L HOTEL 2024051513 02085406
DISTRIBUTOR GREENFIELDS;KR OTOMATIS LLG-CIMB NIAGA PT.PUJI SURYA INDA GF
2300000925;KR OTOMATIS LLG-CIMB NIAGA PT.PRIMA ISMAYA SE BILL0011930054 BIL L0011930055
2300015447;KR OTOMATIS LLG-CIMB NIAGA PT.KARTA MAS KENCA 20240515430299667
2300000925;KR OTOMATIS LLG-CIMB NIAGA PT.PRIMA ISMAYA SE BILL0011901319 BIL L0011901318
MODERN TRADE;KR OTOMATIS LLG-CIMB NIAGA SYA PT.FRESH ONE
2300016045;KR OTOMATIS LLG-CIMB NIAGA PT.KREASI ANUGRAH eli Stock Susu 1L 202405161122397755
DISTRIBUTOR GREENFIELDS;KR OTOMATIS LLG-CIMB NIAGA PT.PUJI SURYA INDA GF
MODERN TRADE;KR OTOMATIS LLG-CIMB NIAGA SUPRA BOGA LESTARI 202405141186062317
MODERN TRADE;KR OTOMATIS LLG-CIMB NIAGA SUPRA BOGA LESTARI 202405141186062317
DISTRIBUTOR GREENFIELDS;KR OTOMATIS LLG-CIMB NIAGA PT.ANUGRAH BERKAT
2300014826;KR OTOMATIS LLG-CIMB NIAGA PT.ARGHA KARYA PRI KWT/GDI-INDO/2024/ 04/927819,932187
2300003094;KR OTOMATIS LLG-CIMB NIAGA CV.CAHAYA SAKTI 0000006975 A000138 22 042924 B H550
2300000727;KR OTOMATIS LLG-CIMB NIAGA PT.BAKTIABADI INTI
2300016045;KR OTOMATIS LLG-CIMB NIAGA PT.KREASI ANUGRAH NV1210058236 Beli Stock Susu 1L 2024 052213567111
2300005696;KR OTOMATIS LLG-CIMB NIAGA PT.MATAHARI PUTRA 46768 202405268497 82132
2300005696;KR OTOMATIS LLG-CIMB NIAGA PT.MATAHARI PUTRA 45422 202405268497 82132
2300005696;KR OTOMATIS LLG-CIMB NIAGA PT.MATAHARI PUTRA 45423 202405268497 82132
2300011546;KR OTOMATIS LLG-CIMB NIAGA THE FINANCIAL CLUB reenfields 2024052 7467969053
2300003094;KR OTOMATIS LLG-CIMB NIAGA CV.CAHAYA SAKTI 0000006984 A000138 12 042924 B I245
MODERN TRADE;KR OTOMATIS LLG-CIMB NIAGA SYA PT.FRESH ONE POT PROMO APR 2024
2300000925;KR OTOMATIS LLG-CIMB NIAGA PT.PRIMA ISMAYA SE BILL0012084526 BIL L0012084525
2300000925;KR OTOMATIS LLG-CIMB NIAGA PT.PRIMA ISMAYA SE BILL0012084527
2300000727;KR OTOMATIS LLG-CIMB NIAGA PT.BAKTIABADI INTI
DISTRIBUTOR GREENFIELDS;KR OTOMATIS LLG-CIMB NIAGA PT.PUJI SURYA INDA GF
DISTRIBUTOR GREENFIELDS;KR OTOMATIS LLG-CIMB NIAGA PT.PUJI SURYA INDA GF
2300015447;KR OTOMATIS LLG-CIMB NIAGA PT.KARTA MAS KENCA 202406032124372200
2300013695;KR OTOMATIS LLG-CIMB NIAGA PT.KUDO TEKNOLOGI PG_TXN: 332377.000 00
2300018398;KR OTOMATIS LLG-CIMB NIAGA PT.SUMMARECON AGUN PEMBAYARAN KKG 05/ 06/2024
2300011741;KR OTOMATIS LLG-CIMB NIAGA PT.INDO KORDSA 012/5222473745( 27 33120) 5222473749 ( 1 20240528
2300000925;KR OTOMATIS LLG-CIMB NIAGA PT.PRIMA ISMAYA SE BILL0012109701 BIL L0012109700
2300000168;KR OTOMATIS LLG-CIMB NIAGA CV.SARI RASA NUSAN 2024010414-5210055 240R
MODERN TRADE;KR OTOMATIS LLG-CIMB NIAGA SUPRA BOGA LESTARI 202405311314608268
2300008197;KR OTOMATIS LLG-CIMB NIAGA PT.MENSANA ANEKA P AYMENT FROM AVENZE L HOTEL 2024060621 32615809
MODERN TRADE;KR OTOMATIS LLG-CIMB NIAGA SUPRA BOGA LESTARI 202405311314608268
2300000727;KR OTOMATIS LLG-CIMB NIAGA PT.BAKTIABADI INTI
MODERN TRADE;KR OTOMATIS LLG-CIMB NIAGA SYA PT.FRESH ONE
2300005696;KR OTOMATIS LLG-CIMB NIAGA PT.MATAHARI PUTRA 46768 202406106932 30841
MODERN TRADE;KR OTOMATIS LLG-CIMB NIAGA SYA PT.FRESH ONE
DISTRIBUTOR GREENFIELDS;KR OTOMATIS LLG-CIMB NIAGA PT.PUJI SURYA INDA GF
2300005696;KR OTOMATIS LLG-CIMB NIAGA PT.MATAHARI PUTRA 45422 202406106932 30841
DISTRIBUTOR GREENFIELDS;KR OTOMATIS LLG-CIMB NIAGA PT.ANUGRAH BERKAT
2300016731;KR OTOMATIS LLG-CIMB NIAGA SYA PT.NAGALAUT USAHA Pb Greenfield N738 6727 SJ 030424
2300016731;KR OTOMATIS LLG-CIMB NIAGA SYA PT.NAGALAUT USAHA Pb Greenfield 5222 461945 SJ 140324
DISTRIBUTOR GREENFIELDS;KR OTOMATIS LLG-CIMB NIAGA PT.ANUGRAH BERKAT
2300000727;KR OTOMATIS LLG-CIMB NIAGA PT.BAKTIABADI INTI
2300000925;KR OTOMATIS LLG-CIMB NIAGA PT.PRIMA ISMAYA SE BILL0012109719 BIL L0012109718
2300016045;KR OTOMATIS LLG-CIMB NIAGA PT.KREASI ANUGRAH NV1210070919/INV12 10083679 Beli Sto ck 20240613
2300008197;KR OTOMATIS LLG-CIMB NIAGA PT.MENSANA ANEKA P AYMENT FROM AVENZE L HOTEL 2024061416 06144137
2300013695;KR OTOMATIS LLG-CIMB NIAGA PT.KUDO TEKNOLOGI PG_TXN: 334408.000 00
2300013695;KR OTOMATIS LLG-CIMB NIAGA PT.KUDO TEKNOLOGI 210091141 2 202406 19901898928
MODERN TRADE;KR OTOMATIS LLG-CIMB NIAGA SYA PT.FRESH ONE
DISTRIBUTOR GREENFIELDS;KR OTOMATIS LLG-CIMB NIAGA PT.PUJI SURYA INDA GF
MODERN TRADE;KR OTOMATIS LLG-CIMB NIAGA SYA PT.FRESH ONE
2300000168;KR OTOMATIS LLG-CIMB NIAGA CV.SARI RASA NUSAN 2024011153-5210082 056
DISTRIBUTOR GREENFIELDS;KR OTOMATIS LLG-CIMB NIAGA PT.CLASSIC FINE FO 5210065389,5210065 390, 5210065391, 5 2100
DISTRIBUTOR GREENFIELDS;KR OTOMATIS LLG-CIMB NIAGA PT.ANUGRAH BERKAT
2300000925;KR OTOMATIS LLG-CIMB NIAGA PT.PRIMA ISMAYA SE BILL0012162251 BIL L0012162250
2300016731;KR OTOMATIS LLG-CIMB NIAGA SYA PT.NAGALAUT USAHA Pb Susu 10 Crt SJ 160524 no 5222482 397
2300000727;KR OTOMATIS LLG-CIMB NIAGA PT.BAKTIABADI INTI
2300013695;KR OTOMATIS LLG-CIMB NIAGA PT.KUDO TEKNOLOGI PG_TXN: 335307.000 00
2300005696;KR OTOMATIS LLG-CIMB NIAGA PT.MATAHARI PUTRA 46768 202406251968 116226
2300015447;KR OTOMATIS LLG-CIMB NIAGA PT.KARTA MAS KENCA 202406241292144986
2300004640;KR OTOMATIS LLG-CIMB NIAGA SYA PT.JCO DONUT AND C 202406191213653945
2300005696;KR OTOMATIS LLG-CIMB NIAGA PT.MATAHARI PUTRA 45422 202406251968 116226
2300003094;KR OTOMATIS LLG-CIMB NIAGA CV.CAHAYA SAKTI 0000007016 A000139 86 061324 B I245
2300011546;KR OTOMATIS LLG-CIMB NIAGA THE FINANCIAL CLUB reenfields 2024062 5503491239
2300000925;KR OTOMATIS LLG-CIMB NIAGA PT.PRIMA ISMAYA SE BILL0012272615 BIL L0012272614
2300008197;KR OTOMATIS LLG-CIMB NIAGA PT.MENSANA ANEKA P AYMENT FROM AVENZE L HOTEL 2024062710 08416687
2300009976;KR OTOMATIS LLG-CIMB NIAGA PT.RUANG MAHA KARY 0000001323 A000000 84 062524 B I245
2300015911;KR OTOMATIS LLG-CIMB NIAGA PT.UNITED MEDIA OR B2404-172-A 202406 272115150085
2300015911;KR OTOMATIS LLG-CIMB NIAGA PT.UNITED MEDIA OR B2404-172-B 202406 272115150085
2300015911;KR OTOMATIS LLG-CIMB NIAGA PT.UNITED MEDIA OR B2404-447 20240627 2115150085
2300015911;KR OTOMATIS LLG-CIMB NIAGA PT.UNITED MEDIA OR B2405-325 20240627 2115150085
2300015911;KR OTOMATIS LLG-CIMB NIAGA PT.UNITED MEDIA OR B2405-596 20240627 2115150085
MODERN TRADE;KR OTOMATIS LLG-CIMB NIAGA SYA PT.FRESH ONE
2300016965;KR OTOMATIS LLG-CIMB NIAGA PT.KURETAKESO HOTE WT/GDI-IND0/2024/0 6/947045 202406252 019321947
MODERN TRADE;KR OTOMATIS LLG-CIMB NIAGA SYA PT.FRESH ONE pot promo mei 2024 816.000
MODERN TRADE;KR OTOMATIS LLG-CIMB NIAGA SYA PT.FRESH ONE pot promo mei 2024 5.826.500 + 4.10 5.000
2300013695;KR OTOMATIS LLG-CIMB NIAGA PT.KUDO TEKNOLOGI PG_TXN: 336529.000 00
2300005696;KR OTOMATIS LLG-CIMB NIAGA PT.MATAHARI PUTRA 46768 202406282046 03948
2300013695;KR OTOMATIS LLG-CIMB NIAGA PT.KUDO TEKNOLOGI PG_TXN: 336547.000 00
2300005696;KR OTOMATIS LLG-CIMB NIAGA PT.MATAHARI PUTRA 45422 202406282046 03948
2300000168;KR OTOMATIS LLG-CIMB NIAGA CV.SARI RASA NUSAN 2024012705-5210092 419
2300000925;KR OTOMATIS LLG-CIMB NIAGA PT.PRIMA ISMAYA SE BILL0012272626 BIL L0012272625
2300015447;KR OTOMATIS LLG-CIMB NIAGA PT.KARTA MAS KENCA 20240703242325982
2300011741;KR OTOMATIS LLG-CIMB NIAGA PT.INDO KORDSA 012// 5210076033( 1366560) 52100801 09( 20240628
2300011741;KR OTOMATIS LLG-CIMB NIAGA PT.INDO KORDSA 012/5222373450/N70 02342( 6805200) 5 222 20240628
MODERN TRADE;KR OTOMATIS LLG-CIMB NIAGA SUPRA BOGA LESTARI 202407011796381869
2300000168;KR OTOMATIS LLG-CIMB NIAGA CV.SARI RASA NUSAN 2024012568-5210095 885
DISTRIBUTOR GREENFIELDS;KR OTOMATIS LLG-CIMB NIAGA PT.PUJI SURYA INDA GF
MODERN TRADE;KR OTOMATIS LLG-CIMB NIAGA SYA PT.FRESH ONE pot retur greenfie lds dairy 317.295
2300013695;KR OTOMATIS LLG-CIMB NIAGA PT.KUDO TEKNOLOGI PG_TXN: 337581.000 00
2300013695;KR OTOMATIS LLG-CIMB NIAGA PT.KUDO TEKNOLOGI PG_TXN: 337552.000 00
DISTRIBUTOR GREENFIELDS;KR OTOMATIS LLG-CIMB NIAGA PT.ANUGRAH BERKAT
2300003094;KR OTOMATIS LLG-CIMB NIAGA CV.CAHAYA SAKTI 0000007049 A000140 22 062624 B I245
2300005696;KR OTOMATIS LLG-CIMB NIAGA PT.MATAHARI PUTRA 46768 202407108762 40834
2300011741;KR OTOMATIS LLG-CIMB NIAGA PT.INDO KORDSA 210168024/52101680 23/5210172267/521 017 20241001
DISTRIBUTOR GREENFIELDS;KR OTOMATIS LLG-CIMB NIAGA PT.PUJI SURYA INDA GF
2300005696;KR OTOMATIS LLG-CIMB NIAGA PT.MATAHARI PUTRA 45422 202407108762 40834
2300015567;KR OTOMATIS LLG-CIMB NIAGA SYA PT.KREASI BAHAN SE Pb SJ 30 April 202 4Faktur no. 52100 60907
2300000925;KR OTOMATIS LLG-CIMB NIAGA PT.PRIMA ISMAYA SE BILL0013274767 BIL L0013274766
2300016045;KR OTOMATIS LLG-CIMB NIAGA PT.KREASI ANUGRAH NV1210103384 Beli Stock Susu 1L 2024 071183514567
DISTRIBUTOR GREENFIELDS;KR OTOMATIS LLG-CIMB NIAGA PT.PUJI SURYA INDA GF
2300004640;KR OTOMATIS LLG-CIMB NIAGA SYA PT.JCO DONUT AND C 202407081014102188
2300005696;KR OTOMATIS LLG-CIMB NIAGA PT.MATAHARI PUTRA 46768 202407152413 73988
2300013695;KR OTOMATIS LLG-CIMB NIAGA PT.KUDO TEKNOLOGI PG_TXN: 338622.000 00
MODERN TRADE;KR OTOMATIS LLG-CIMB NIAGA SYA PT.FRESH ONE
MODERN TRADE;KR OTOMATIS LLG-CIMB NIAGA SYA PT.FRESH ONE
2300000727;KR OTOMATIS LLG-CIMB NIAGA PT.BAKTIABADI INTI
2300000168;KR OTOMATIS LLG-CIMB NIAGA CV.SARI RASA NUSAN 2024013353-5210109 462
DISTRIBUTOR GREENFIELDS;KR OTOMATIS LLG-CIMB NIAGA PT.ANUGRAH BERKAT
2300000925;KR OTOMATIS LLG-CIMB NIAGA PT.PRIMA ISMAYA SE BILL0013276086 BIL L0013276075
MODERN TRADE;KR OTOMATIS LLG-CIMB NIAGA SUPRA BOGA LESTARI 202407161031102298
2300005478;KR OTOMATIS LLG-CIMB NIAGA PT.FILOSOFI ADIDAY 5210110167, Folks Co gaming space
DISTRIBUTOR GREENFIELDS;KR OTOMATIS LLG-CIMB NIAGA PT.PUJI SURYA INDA GF
2300013695;KR OTOMATIS LLG-CIMB NIAGA PT.KUDO TEKNOLOGI PG_TXN: 339657.000 00
2300013695;KR OTOMATIS LLG-CIMB NIAGA PT.KUDO TEKNOLOGI PG_TXN: 339710.000 00
2300003094;KR OTOMATIS LLG-CIMB NIAGA CV.CAHAYA SAKTI 0000007096 A000140 46 070424 B I245
2300004640;KR OTOMATIS LLG-CIMB NIAGA SYA PT.JCO DONUT AND C 202407151881609520
2300000168;KR OTOMATIS LLG-CIMB NIAGA CV.SARI RASA NUSAN 2024013890-5210117 799
2300005696;KR OTOMATIS LLG-CIMB NIAGA PT.MATAHARI PUTRA 46768 202407251514 049174
2300000925;KR OTOMATIS LLG-CIMB NIAGA PT.PRIMA ISMAYA SE BILL0013277147 BIL L0013277146
2300009976;KR OTOMATIS LLG-CIMB NIAGA PT.RUANG MAHA KARY 0000001377 A000001 94 072424 B I245
2300009976;KR OTOMATIS LLG-CIMB NIAGA PT.RUANG MAHA KARY 0000001377 A000002 19 072424 B I245
2300016045;KR OTOMATIS LLG-CIMB NIAGA PT.KREASI ANUGRAH NV121012528 Beli S tock Susu 1L 20240 725816558868
2300005696;KR OTOMATIS LLG-CIMB NIAGA PT.MATAHARI PUTRA 45422 202407251514 049174
DISTRIBUTOR GREENFIELDS;KR OTOMATIS LLG-CIMB NIAGA PT.ANUGRAH BERKAT
2300016824;KR OTOMATIS LLG-CIMB NIAGA PT.MAKASSAR TENE R11835 20240719632 223370
2300015447;KR OTOMATIS LLG-CIMB NIAGA PT.KARTA MAS KENCA 20240725824566566
2300008197;KR OTOMATIS LLG-CIMB NIAGA PT.MENSANA ANEKA P AYMENT FROM AVENZE L HOTEL 2024072645 4433928
MODERN TRADE;KR OTOMATIS LLG-CIMB NIAGA SYA PT.FRESH ONE pot promo juni 202 4 7.839.153
MODERN TRADE;KR OTOMATIS LLG-CIMB NIAGA SYA PT.FRESH ONE
MODERN TRADE;KR OTOMATIS LLG-CIMB NIAGA SYA PT.FRESH ONE pot promo juni 202 4 3.764.000
2300000168;KR OTOMATIS LLG-CIMB NIAGA CV.SARI RASA NUSAN 2024014195-5210127 618
2300000727;KR OTOMATIS LLG-CIMB NIAGA PT.BAKTIABADI INTI
DISTRIBUTOR GREENFIELDS;KR OTOMATIS LLG-CIMB NIAGA PT.PUJI SURYA INDA GF
DISTRIBUTOR GREENFIELDS;KR OTOMATIS LLG-CIMB NIAGA PT.ANUGRAH BERKAT
2300011546;KR OTOMATIS LLG-CIMB NIAGA THE FINANCIAL CLUB reenfields 2024072 6439392839
2300005696;KR OTOMATIS LLG-CIMB NIAGA PT.MATAHARI PUTRA 46768 202407291749 726539
2300005696;KR OTOMATIS LLG-CIMB NIAGA PT.MATAHARI PUTRA 45422 202407291749 726539
2300009976;KR OTOMATIS LLG-CIMB NIAGA PT.RUANG MAHA KARY 0000001390 A000002 80 073024 B I245
2300015447;KR OTOMATIS LLG-CIMB NIAGA PT.KARTA MAS KENCA 202407311128763542
2300000925;KR OTOMATIS LLG-CIMB NIAGA PT.PRIMA ISMAYA SE BILL0013278538 BIL L0013278537
2300018398;KR OTOMATIS LLG-CIMB NIAGA PT.SUMMARECON AGUN PEMBAYARAN KKG 02/ 08/2024
MODERN TRADE;KR OTOMATIS LLG-CIMB NIAGA SUPRA BOGA LESTARI 20240731460932622
MODERN TRADE;KR OTOMATIS LLG-CIMB NIAGA SUPRA BOGA LESTARI 20240731460932622
2300013695;KR OTOMATIS LLG-CIMB NIAGA PT.KUDO TEKNOLOGI PG_TXN: 342810.000 00
2300013695;KR OTOMATIS LLG-CIMB NIAGA PT.KUDO TEKNOLOGI 210123136 2 202408 021137874517
2300013695;KR OTOMATIS LLG-CIMB NIAGA PT.KUDO TEKNOLOGI PG_TXN: 342776.000 00
DISTRIBUTOR GREENFIELDS;KR OTOMATIS LLG-CIMB NIAGA PT.ANUGRAH BERKAT
2300011741;KR OTOMATIS LLG-CIMB NIAGA PT.INDO KORDSA 012/5210091261( 11 38800) 5210091338 ( 3 20240729
DISTRIBUTOR GREENFIELDS;KR OTOMATIS LLG-CIMB NIAGA PT.ANUGRAH BERKAT
2300015447;KR OTOMATIS LLG-CIMB NIAGA PT.KARTA MAS KENCA 202408051726841904
2300013695;KR OTOMATIS LLG-CIMB NIAGA PT.KUDO TEKNOLOGI PG_TXN: 343455.000 00
DISTRIBUTOR GREENFIELDS;KR OTOMATIS LLG-CIMB NIAGA PT.ANUGRAH BERKAT
MODERN TRADE;KR OTOMATIS LLG-CIMB NIAGA SYA PT.FRESH ONE
MODERN TRADE;KR OTOMATIS LLG-CIMB NIAGA SYA PT.FRESH ONE
2300003094;KR OTOMATIS LLG-CIMB NIAGA CV.CAHAYA SAKTI 0000007112 A000141 14 072224 B I245
DISTRIBUTOR GREENFIELDS;KR OTOMATIS LLG-CIMB NIAGA PT.PUJI SURYA INDA GF
2300009976;KR OTOMATIS LLG-CIMB NIAGA PT.RUANG MAHA KARY 0000001398 A000002 97 080624 B H550
2300000925;KR OTOMATIS LLG-CIMB NIAGA PT.PRIMA ISMAYA SE BILL0013279502 BIL L0013279501
DISTRIBUTOR GREENFIELDS;KR OTOMATIS LLG-CIMB NIAGA PT.CLASSIC FINE FO 5210105759, 521010 5760, 5210105761, 5210
DISTRIBUTOR GREENFIELDS;KR OTOMATIS LLG-CIMB NIAGA PT.ANUGRAH BERKAT
2300000727;KR OTOMATIS LLG-CIMB NIAGA PT.BAKTIABADI INTI
DISTRIBUTOR GREENFIELDS;KR OTOMATIS LLG-CIMB NIAGA PT.PUJI SURYA INDA GF
2300000168;KR OTOMATIS LLG-CIMB NIAGA CV.SARI RASA NUSAN 2024015186-5210138 119
2300005696;KR OTOMATIS LLG-CIMB NIAGA PT.MATAHARI PUTRA 46768 202408123364 05013
DISTRIBUTOR GREENFIELDS;KR OTOMATIS LLG-CIMB NIAGA PT.PUJI SURYA INDA GF
DISTRIBUTOR GREENFIELDS;KR OTOMATIS LLG-CIMB NIAGA PT.ANUGRAH BERKAT
2300013695;KR OTOMATIS LLG-CIMB NIAGA PT.KUDO TEKNOLOGI PG_TXN: 344447.000 00
2300004640;KR OTOMATIS LLG-CIMB NIAGA SYA PT.JCO DONUT AND C 202408051950535102
2300013695;KR OTOMATIS LLG-CIMB NIAGA PT.KUDO TEKNOLOGI PG_TXN: 344419.000 00
2300003094;KR OTOMATIS LLG-CIMB NIAGA CV.CAHAYA SAKTI 0000007149 A000141 35 072224 B I245
2300008197;KR OTOMATIS LLG-CIMB NIAGA PT.MENSANA ANEKA P AYMENT FROM AVENZE L HOTEL 2024081439 7161244
DISTRIBUTOR GREENFIELDS;KR OTOMATIS LLG-CIMB NIAGA PT.ANUGRAH BERKAT
2300000168;KR OTOMATIS LLG-CIMB NIAGA CV.SARI RASA NUSAN 2024015389-5210142 523
2300016045;KR OTOMATIS LLG-CIMB NIAGA PT.KREASI ANUGRAH NV1210141693 Beli Stock Susu 1L 2024 081513601836
2300009976;KR OTOMATIS LLG-CIMB NIAGA PT.RUANG MAHA KARY 0000001416 A000003 93 081224 B I245
2300009976;KR OTOMATIS LLG-CIMB NIAGA PT.RUANG MAHA KARY 0000001416 A000003 51 080824 B I245
2300015447;KR OTOMATIS LLG-CIMB NIAGA PT.KARTA MAS KENCA 202408141772512862
2300009976;KR OTOMATIS LLG-CIMB NIAGA PT.RUANG MAHA KARY 0000001416 A000003 94 081224 B H550
MODERN TRADE;KR OTOMATIS LLG-CIMB NIAGA SUPRA BOGA LESTARI 202408121296860186
2300000925;KR OTOMATIS LLG-CIMB NIAGA PT.PRIMA ISMAYA SE BILL0013280467 BIL L0013280466
2300000727;KR OTOMATIS LLG-CIMB NIAGA PT.BAKTIABADI INTI
MODERN TRADE;KR OTOMATIS LLG-CIMB NIAGA SYA PT.FRESH ONE
MODERN TRADE;KR OTOMATIS LLG-CIMB NIAGA SYA PT.FRESH ONE
DISTRIBUTOR GREENFIELDS;KR OTOMATIS LLG-CIMB NIAGA PT.ANUGRAH BERKAT
DISTRIBUTOR GREENFIELDS;KR OTOMATIS LLG-CIMB NIAGA PT.PUJI SURYA INDA GF
2300013695;KR OTOMATIS LLG-CIMB NIAGA PT.KUDO TEKNOLOGI PG_TXN: 345380.000 00
DISTRIBUTOR GREENFIELDS;KR OTOMATIS LLG-CIMB NIAGA PT.ANUGRAH BERKAT
2300009976;KR OTOMATIS LLG-CIMB NIAGA PT.RUANG MAHA KARY 0000001429 A000004 34 082024 B I245
DISTRIBUTOR GREENFIELDS;KR OTOMATIS LLG-CIMB NIAGA PT.PUJI SURYA INDA GF
2300016965;KR OTOMATIS LLG-CIMB NIAGA PT.KURETAKESO HOTE WT/GDI-IND0/2024/0 7/972043 202408191 278470465
2300009976;KR OTOMATIS LLG-CIMB NIAGA PT.RUANG MAHA KARY 0000001429 A000004 44 082024 B H550
2300000168;KR OTOMATIS LLG-CIMB NIAGA CV.SARI RASA NUSAN 2024015958-5210149 658
2300000925;KR OTOMATIS LLG-CIMB NIAGA PT.PRIMA ISMAYA SE BILL0013281839 BIL L0013281838
DISTRIBUTOR GREENFIELDS;KR OTOMATIS LLG-CIMB NIAGA PT.PUJI SURYA INDA GF
DISTRIBUTOR GREENFIELDS;KR OTOMATIS LLG-CIMB NIAGA PT.ANUGRAH BERKAT
2300013043;KR OTOMATIS LLG-CIMB NIAGA SYA PT.ELANG ANDALAN N EAN-5717 INV: 5210 068646
2300017084;KR OTOMATIS LLG-CIMB NIAGA SYA PT.ESPAY DEBIT IND EDIK-20250 INV: 52 10116301
2300013043;KR OTOMATIS LLG-CIMB NIAGA SYA PT.ELANG ANDALAN N EAN-5718 INV: 5210 063369
2300000727;KR OTOMATIS LLG-CIMB NIAGA PT.BAKTIABADI INTI
2300015911;KR OTOMATIS LLG-CIMB NIAGA PT.UNITED MEDIA OR B2406-203 20240823 964454845
2300015911;KR OTOMATIS LLG-CIMB NIAGA PT.UNITED MEDIA OR B2406-593 20240823 964454845
2300013695;KR OTOMATIS LLG-CIMB NIAGA PT.KUDO TEKNOLOGI PG_TXN: 346231.000 00
DISTRIBUTOR GREENFIELDS;KR OTOMATIS LLG-CIMB NIAGA PT.PUJI SURYA INDA GF
2300013695;KR OTOMATIS LLG-CIMB NIAGA PT.KUDO TEKNOLOGI PG_TXN: 346207.000 00
MODERN TRADE;KR OTOMATIS LLG-CIMB NIAGA SYA PT.FRESH ONE
MODERN TRADE;KR OTOMATIS LLG-CIMB NIAGA SYA PT.FRESH ONE
MODERN TRADE;KR OTOMATIS LLG-CIMB NIAGA SYA PT.FRESH ONE pot promo juli 202 4 11.481.951
2300004640;KR OTOMATIS LLG-CIMB NIAGA SYA PT.JCO DONUT AND C 202408191940346734
DISTRIBUTOR GREENFIELDS;KR OTOMATIS LLG-CIMB NIAGA PT.ANUGRAH BERKAT
2300003094;KR OTOMATIS LLG-CIMB NIAGA CV.CAHAYA SAKTI 0000007164 A000141 99 080724 B I245
2300005696;KR OTOMATIS LLG-CIMB NIAGA PT.MATAHARI PUTRA 46768 202408284775 75828
2300008197;KR OTOMATIS LLG-CIMB NIAGA PT.MENSANA ANEKA P AYMENT FROM AVENZE L HOTEL 2024082816 64890688
2300011546;KR OTOMATIS LLG-CIMB NIAGA THE FINANCIAL CLUB reenfields 2024082 7992027303
2300015447;KR OTOMATIS LLG-CIMB NIAGA PT.KARTA MAS KENCA 202408281934150434
2300017084;KR OTOMATIS LLG-CIMB NIAGA SYA PT.ESPAY DEBIT IND EDIK-20317 INV: 52 10139174
2300017084;KR OTOMATIS LLG-CIMB NIAGA SYA PT.ESPAY DEBIT IND EDIK-20314 INV: 52 10132693
2300013043;KR OTOMATIS LLG-CIMB NIAGA SYA PT.ESPAY DEBIT IND EDIK-20319 INV: 52 10091727
2300017084;KR OTOMATIS LLG-CIMB NIAGA SYA PT.ESPAY DEBIT IND EDIK-20315 INV: 52 10106190
2300017084;KR OTOMATIS LLG-CIMB NIAGA SYA PT.ESPAY DEBIT IND EDIK-20320 INV: 52 10100284
2300017084;KR OTOMATIS LLG-CIMB NIAGA SYA PT.ESPAY DEBIT IND EDIK-20316 INV: 52 10143485
2300017084;KR OTOMATIS LLG-CIMB NIAGA SYA PT.ESPAY DEBIT IND EDIK-20318 INV: 52 10125692
DISTRIBUTOR GREENFIELDS;KR OTOMATIS LLG-CIMB NIAGA PT.PUJI SURYA INDA GF
DISTRIBUTOR GREENFIELDS;KR OTOMATIS LLG-CIMB NIAGA PT.ANUGRAH BERKAT
2300005696;KR OTOMATIS LLG-CIMB NIAGA PT.MATAHARI PUTRA 45422 202408303900 54685
DISTRIBUTOR GREENFIELDS;KR OTOMATIS LLG-CIMB NIAGA PT.ANUGRAH BERKAT
2300017084;KR OTOMATIS LLG-CIMB NIAGA SYA PT.ESPAY DEBIT IND EDIK-20335 INV: 52 10133248
2300013043;KR OTOMATIS LLG-CIMB NIAGA SYA PT.ELANG ANDALAN N EAN-5750 INV: 5210 150239
2300017084;KR OTOMATIS LLG-CIMB NIAGA SYA PT.ESPAY DEBIT IND EDIK-20372 INV: 52 10156795
DISTRIBUTOR GREENFIELDS;KR OTOMATIS LLG-CIMB NIAGA PT.PUJI SURYA INDA GF
2300013695;KR OTOMATIS LLG-CIMB NIAGA PT.KUDO TEKNOLOGI 210157270 2 202409 031066022882
2300015911;KR OTOMATIS LLG-CIMB NIAGA PT.UNITED MEDIA OR B2407-828 20240902 1084568047
2300015911;KR OTOMATIS LLG-CIMB NIAGA PT.UNITED MEDIA OR B2407-313 20240902 1084568047
DISTRIBUTOR GREENFIELDS;KR OTOMATIS LLG-CIMB NIAGA PT.ANUGRAH BERKAT
2300009976;KR OTOMATIS LLG-CIMB NIAGA PT.RUANG MAHA KARY 0000001455 11PI000 0081 082624 B I24 5
2300009976;KR OTOMATIS LLG-CIMB NIAGA PT.RUANG MAHA KARY 0000001455 11PI000 0016 081624 B I24 5
2300011741;KR OTOMATIS LLG-CIMB NIAGA PT.INDO KORDSA 012/5210145654( 45 55200) 5210146139 ( 1 20240827
2300000925;KR OTOMATIS LLG-CIMB NIAGA PT.PRIMA ISMAYA SE BILL0013283270 BIL L0013283269
2300011741;KR OTOMATIS LLG-CIMB NIAGA PT.INDO KORDSA 012// 5222369065( 254) 5222369065( 6 80 202408276
DISTRIBUTOR GREENFIELDS;KR OTOMATIS LLG-CIMB NIAGA PT.ANUGRAH BERKAT
MODERN TRADE;KR OTOMATIS LLG-CIMB NIAGA SYA PT.FRESH ONE
MODERN TRADE;KR OTOMATIS LLG-CIMB NIAGA SYA PT.FRESH ONE
2300000727;KR OTOMATIS LLG-CIMB NIAGA PT.BAKTIABADI INTI
2300017292;KR OTOMATIS LLG-CIMB NIAGA PT.NUSANTARA ENAK Pembayaran Greenfi elds INV N7890724
2300017292;KR OTOMATIS LLG-CIMB NIAGA PT.NUSANTARA ENAK Pembayaran Greenfi elds INV N7890766
DISTRIBUTOR GREENFIELDS;KR OTOMATIS LLG-CIMB NIAGA PT.PUJI SURYA INDA GF
2300005696;KR OTOMATIS LLG-CIMB NIAGA PT.MATAHARI PUTRA 46768 202409091385 318818
2300017084;KR OTOMATIS LLG-CIMB NIAGA SYA PT.ESPAY DEBIT IND EDIK-20507 INV: 52 10172406
2300013695;KR OTOMATIS LLG-CIMB NIAGA PT.KUDO TEKNOLOGI PG_TXN: 348591.000 00
2300005696;KR OTOMATIS LLG-CIMB NIAGA PT.MATAHARI PUTRA 45422 202409091385 318818
2300013695;KR OTOMATIS LLG-CIMB NIAGA PT.KUDO TEKNOLOGI PG_TXN: 348557.000 00
2300017292;KR OTOMATIS LLG-CIMB NIAGA PT.NUSANTARA ENAK Pembayaran Greenfi elds INV No N7902 349
2300003094;KR OTOMATIS LLG-CIMB NIAGA CV.CAHAYA SAKTI 0000007183 A000142 60 082024 B I245
2300004640;KR OTOMATIS LLG-CIMB NIAGA SYA PT.JCO DONUT AND C 202409022047886278
2300000925;KR OTOMATIS LLG-CIMB NIAGA PT.PRIMA ISMAYA SE BILL0013284325 BIL L0013284324
2300000168;KR OTOMATIS LLG-CIMB NIAGA CV.SARI RASA NUSAN 2024017507-5210167 746
2300015447;KR OTOMATIS LLG-CIMB NIAGA PT.KARTA MAS KENCA 202409111533670714
2300008541;KR OTOMATIS LLG-CIMB NIAGA PT.HALIM BANGUN SA GREENFIELD INDONES IA 21281
DISTRIBUTOR GREENFIELDS;KR OTOMATIS LLG-CIMB NIAGA PT.ANUGRAH BERKAT
2300016045;KR OTOMATIS LLG-CIMB NIAGA PT.KREASI ANUGRAH eli Stock Susu 1L 20240912159566734
2300017431;KR OTOMATIS LLG-CIMB NIAGA PT.DUTA SENTOSA YA V/DSY/2409/0317 IN V5222488691 202409 11205664983
2300017431;KR OTOMATIS LLG-CIMB NIAGA PT.DUTA SENTOSA YA V/DSY/2409/0318 IN V5222488823 202409 11205664983
DISTRIBUTOR GREENFIELDS;KR OTOMATIS LLG-CIMB NIAGA PT.ANUGRAH BERKAT
2300017084;KR OTOMATIS LLG-CIMB NIAGA SYA PT.ESPAY DEBIT IND EDIK-20556 INV: 52 10172672
DISTRIBUTOR GREENFIELDS;KR OTOMATIS LLG-CIMB NIAGA PT.PUJI SURYA INDA GF
2300013695;KR OTOMATIS LLG-CIMB NIAGA PT.KUDO TEKNOLOGI PG_TXN: 349659.000 00
2300009976;KR OTOMATIS LLG-CIMB NIAGA PT.RUANG MAHA KARY 0000001494 A000004 75 091724 B I245
2300009976;KR OTOMATIS LLG-CIMB NIAGA PT.RUANG MAHA KARY 0000001494 11PI000 0044 082124 B I24 5
MODERN TRADE;KR OTOMATIS LLG-CIMB NIAGA SYA PT.FRESH ONE
MODERN TRADE;KR OTOMATIS LLG-CIMB NIAGA SYA PT.FRESH ONE
2300000925;KR OTOMATIS LLG-CIMB NIAGA PT.PRIMA ISMAYA SE BILL0013285529 BIL L0013285528
2300009976;KR OTOMATIS LLG-CIMB NIAGA PT.RUANG MAHA KARY 0000001498 11PI000 0090 082824 B I24 5
2300017431;KR OTOMATIS LLG-CIMB NIAGA PT.DUTA SENTOSA YA V/DSY/2409/0458 IN V5222489316 202409 181055793771
2300017431;KR OTOMATIS LLG-CIMB NIAGA PT.DUTA SENTOSA YA V/DSY/2409/0459 IN V5222489643 202409 181055793771
2300017431;KR OTOMATIS LLG-CIMB NIAGA PT.DUTA SENTOSA YA V/DSY/2409/0460 IN V5222489852 202409 181055793771
2300008197;KR OTOMATIS LLG-CIMB NIAGA PT.MENSANA ANEKA P AYMENT FROM AVENZE L HOTEL 2024092018 77324154
2300004640;KR OTOMATIS LLG-CIMB NIAGA SYA PT.JCO DONUT AND C 20240917975128269
DISTRIBUTOR GREENFIELDS;KR OTOMATIS LLG-CIMB NIAGA PT.ANUGRAH BERKAT
2300013695;KR OTOMATIS LLG-CIMB NIAGA PT.KUDO TEKNOLOGI PG_TXN: 350803.000 00
2300013695;KR OTOMATIS LLG-CIMB NIAGA PT.KUDO TEKNOLOGI PG_TXN: 350849.000 00
2300008541;KR OTOMATIS LLG-CIMB NIAGA PT.HALIM BANGUN SA GREENFIELDS INDONE SIA 21345
DISTRIBUTOR GREENFIELDS;KR OTOMATIS LLG-CIMB NIAGA PT.ANUGRAH BERKAT
2300005696;KR OTOMATIS LLG-CIMB NIAGA PT.MATAHARI PUTRA 45422 202409258289 12551
2300000925;KR OTOMATIS LLG-CIMB NIAGA PT.PRIMA ISMAYA SE BILL0013286624 BIL L0013286623
DISTRIBUTOR GREENFIELDS;KR OTOMATIS LLG-CIMB NIAGA PT.PUJI SURYA INDA GF
2300000727;KR OTOMATIS LLG-CIMB NIAGA PT.BAKTIABADI INTI
2300011546;KR OTOMATIS LLG-CIMB NIAGA THE FINANCIAL CLUB reenfields 2024092 6285174369
2300008197;KR OTOMATIS LLG-CIMB NIAGA PT.MENSANA ANEKA P AYMENT FROM AVENZE L HOTEL 2024092619 87207602
2300016045;KR OTOMATIS LLG-CIMB NIAGA PT.KREASI ANUGRAH NV1210187126 Beli Stock Susu 1L 2024 092620679148
MODERN TRADE;KR OTOMATIS LLG-CIMB NIAGA SYA PT.FRESH ONE
MODERN TRADE;KR OTOMATIS LLG-CIMB NIAGA SYA PT.FRESH ONE
2300018398;KR OTOMATIS LLG-CIMB NIAGA PT.SUMMARECON AGUN PEMBAYARAN KKG 01/ 10/2024
2300015447;KR OTOMATIS LLG-CIMB NIAGA PT.KARTA MAS KENCA 202409301889954022
2300013695;KR OTOMATIS LLG-CIMB NIAGA PT.KUDO TEKNOLOGI PG_TXN: 352111.000 00
2300005696;KR OTOMATIS LLG-CIMB NIAGA PT.MATAHARI PUTRA 46768 202410011172 083346
2300003094;KR OTOMATIS LLG-CIMB NIAGA CV.CAHAYA SAKTI 0000007224 A000143 36 090924 B I245
2300000168;KR OTOMATIS LLG-CIMB NIAGA CV.SARI RASA NUSAN 2024017912-5210178 209
2300017084;KR OTOMATIS LLG-CIMB NIAGA SYA PT.ESPAY DEBIT IND EDIK-20619 INV: 52 10179392
2300017084;KR OTOMATIS LLG-CIMB NIAGA SYA PT.ESPAY DEBIT IND EDIK-20745 INV: 52 10190577
2300017084;KR OTOMATIS LLG-CIMB NIAGA SYA PT.ESPAY DEBIT IND EDIK-20743 INV: 52 10185783
2300009976;KR OTOMATIS LLG-CIMB NIAGA PT.RUANG MAHA KARY 0000001514 11PI000 0252 091824 B I24 5
DISTRIBUTOR GREENFIELDS;KR OTOMATIS LLG-CIMB NIAGA PT.ANUGRAH BERKAT
2300016965;KR OTOMATIS LLG-CIMB NIAGA PT.KURETAKESO HOTE NV 5222489851 2024 0929861667993
2300017431;KR OTOMATIS LLG-CIMB NIAGA PT.DUTA SENTOSA YA V/DSY/2410/0089 IN V5222490156 202410 02217986933
2300017431;KR OTOMATIS LLG-CIMB NIAGA PT.DUTA SENTOSA YA V/DSY/2410/0090 IN V5222490217 202410 02217986933
2300011741;KR OTOMATIS LLG-CIMB NIAGA PT.INDO KORDSA 210168024/52101680 23/5210172267/521 017 20241001
DISTRIBUTOR GREENFIELDS;KR OTOMATIS LLG-CIMB NIAGA PT.PUJI SURYA INDA GF
2300013695;KR OTOMATIS LLG-CIMB NIAGA PT.KUDO TEKNOLOGI PG_TXN: 353188.000 00
MODERN TRADE;KR OTOMATIS LLG-CIMB NIAGA SYA PT.FRESH ONE
MODERN TRADE;KR OTOMATIS LLG-CIMB NIAGA SYA PT.FRESH ONE
MODERN TRADE;KR OTOMATIS LLG-CIMB NIAGA SYA PT.FRESH ONE rafaksi promo agt 2024 10.092.675
MODERN TRADE;KR OTOMATIS LLG-CIMB NIAGA SYA PT.FRESH ONE
DISTRIBUTOR GREENFIELDS;KR OTOMATIS LLG-CIMB NIAGA PT.ANUGRAH BERKAT
2300003094;KR OTOMATIS LLG-CIMB NIAGA CV.CAHAYA SAKTI 0000007245 A000143 71 091924 B I245
2300009976;KR OTOMATIS LLG-CIMB NIAGA PT.RUANG MAHA KARY 0000001522 11PI000 0272 091824 B I24 5
DISTRIBUTOR GREENFIELDS;KR OTOMATIS LLG-CIMB NIAGA PT.PUJI SURYA INDA GF
2300000168;KR OTOMATIS LLG-CIMB NIAGA CV.SARI RASA NUSAN 2024019315-5210201 180
2300005696;KR OTOMATIS LLG-CIMB NIAGA PT.MATAHARI PUTRA 46768 202410101334 774998
DISTRIBUTOR GREENFIELDS;KR OTOMATIS LLG-CIMB NIAGA PT.PUJI SURYA INDA GF
2300005696;KR OTOMATIS LLG-CIMB NIAGA PT.MATAHARI PUTRA 45422 202410101334 774998
2300004640;KR OTOMATIS LLG-CIMB NIAGA SYA PT.JCO DONUT AND C 20241007742675179
DISTRIBUTOR GREENFIELDS;KR OTOMATIS LLG-CIMB NIAGA PT.PUJI SURYA INDA GF
2300013695;KR OTOMATIS LLG-CIMB NIAGA PT.KUDO TEKNOLOGI PG_TXN: 354155.000 00
2300013695;KR OTOMATIS LLG-CIMB NIAGA PT.KUDO TEKNOLOGI PG_TXN: 354115.000 00
DISTRIBUTOR GREENFIELDS;KR OTOMATIS LLG-CIMB NIAGA PT.PUJI SURYA INDA gf
DISTRIBUTOR GREENFIELDS;KR OTOMATIS LLG-CIMB NIAGA PT.ANUGRAH BERKAT
2300009976;KR OTOMATIS LLG-CIMB NIAGA PT.RUANG MAHA KARY 0000001544 11PI000 0516 100224 B I24 5
2300005478;KR OTOMATIS LLG-CIMB NIAGA PT.FILOSOFI ADIDAY 5210207466, Folks Co Gaming Space C offe
2300000925;KR OTOMATIS LLG-CIMB NIAGA PT.PRIMA ISMAYA SE BILL0013287679 BIL L0013287678
MODERN TRADE;KR OTOMATIS LLG-CIMB NIAGA SYA PT.FRESH ONE
MODERN TRADE;KR OTOMATIS LLG-CIMB NIAGA SYA PT.FRESH ONE
MODERN TRADE;KR OTOMATIS LLG-CIMB NIAGA SYA PT.FRESH ONE
2300016045;KR OTOMATIS LLG-CIMB NIAGA PT.KREASI ANUGRAH NV1210207918 Beli Stock Susu 1L 2024 101754470600
DISTRIBUTOR GREENFIELDS;KR OTOMATIS LLG-CIMB NIAGA PT.ANUGRAH BERKAT
DISTRIBUTOR GREENFIELDS;KR OTOMATIS LLG-CIMB NIAGA PT.CLASSIC FINE FO 5210174718, 521017 4717
2300017292;KR OTOMATIS LLG-CIMB NIAGA PT.NUSANTARA ENAK Pembayaran Greenfi elds INV No N8014 084
2300004640;KR OTOMATIS LLG-CIMB NIAGA SYA PT.JCO DONUT AND C 20241014115041424
DISTRIBUTOR GREENFIELDS;KR OTOMATIS LLG-CIMB NIAGA PT.PUJI SURYA INDA GF
2300017431;KR OTOMATIS LLG-CIMB NIAGA PT.DUTA SENTOSA YA V.F.DSY.2410.0136 INV5222491200 I NV5 20241016
2300017431;KR OTOMATIS LLG-CIMB NIAGA PT.DUTA SENTOSA YA V.F.DSY.2410.0115 INV5222490633 2024 101611132753
DISTRIBUTOR GREENFIELDS;KR OTOMATIS LLG-CIMB NIAGA PT.ANUGRAH BERKAT
2300013695;KR OTOMATIS LLG-CIMB NIAGA PT.KUDO TEKNOLOGI PG_TXN: 354917.000 00
2300008541;KR OTOMATIS LLG-CIMB NIAGA PT.HALIM BANGUN SA GREENFIELDS INDONE SIA 8259
2300009976;KR OTOMATIS LLG-CIMB NIAGA PT.RUANG MAHA KARY 0000001557 11PI000 0715 100924 B I24 5
DISTRIBUTOR GREENFIELDS;KR OTOMATIS LLG-CIMB NIAGA PT.PUJI SURYA INDA GF
2300000168;KR OTOMATIS LLG-CIMB NIAGA CV.SARI RASA NUSAN 2024020357-5210212 258
2300017084;KR OTOMATIS LLG-CIMB NIAGA SYA PT.ESPAY DEBIT IND EDIK-20806 INV: 52 10198853
2300017084;KR OTOMATIS LLG-CIMB NIAGA SYA PT.ESPAY DEBIT IND EDIK-20847 INV: 52 10205398
2300000925;KR OTOMATIS LLG-CIMB NIAGA PT.PRIMA ISMAYA SE BILL0013288737 BIL L0013288736
2300005696;KR OTOMATIS LLG-CIMB NIAGA PT.MATAHARI PUTRA 46768 202410249996 83757
2300008197;KR OTOMATIS LLG-CIMB NIAGA PT.MENSANA ANEKA P AYMENT FROM AVENZE L HOTEL 2024102514 83596179
2300013695;KR OTOMATIS LLG-CIMB NIAGA PT.KUDO TEKNOLOGI PG_TXN: 355733.000 00
DISTRIBUTOR GREENFIELDS;KR OTOMATIS LLG-CIMB NIAGA PT.PUJI SURYA INDA GF
2300013695;KR OTOMATIS LLG-CIMB NIAGA PT.KUDO TEKNOLOGI PG_TXN: 355763.000 00
2300017431;KR OTOMATIS LLG-CIMB NIAGA PT.DUTA SENTOSA YA V.F.DSY.2410.0171 INV5222491752 1 842 20241022
2300000168;KR OTOMATIS LLG-CIMB NIAGA CV.SARI RASA NUSAN 2024020525-3210185 621-52102016
2300017454;KR OTOMATIS LLG-CIMB NIAGA PT.MINOR FOOD GROU T GREENFIELDS DAIR Y INDONESIA-PO202 408 20241025
DISTRIBUTOR GREENFIELDS;KR OTOMATIS LLG-CIMB NIAGA PT.PUJI SURYA INDA GF
2300011546;KR OTOMATIS LLG-CIMB NIAGA THE FINANCIAL CLUB reenfields 2024102 5620145489
2300015447;KR OTOMATIS LLG-CIMB NIAGA PT.KARTA MAS KENCA 20241028902345637
2300004640;KR OTOMATIS LLG-CIMB NIAGA SYA PT.JCO DONUT AND C 20241021353367436
2300009976;KR OTOMATIS LLG-CIMB NIAGA PT.RUANG MAHA KARY 0000001567 11PI000 0772 101524 B I24 5
2300009976;KR OTOMATIS LLG-CIMB NIAGA PT.RUANG MAHA KARY 0000001567 11PI000 0779 101524 B I24 5
2300009976;KR OTOMATIS LLG-CIMB NIAGA PT.RUANG MAHA KARY 0000001567 11PI000 0776 101524 B I24 5
2300009976;KR OTOMATIS LLG-CIMB NIAGA PT.RUANG MAHA KARY 0000001567 11PI000 0781 101524 B H55 0
2300009976;KR OTOMATIS LLG-CIMB NIAGA PT.RUANG MAHA KARY 0000001567 11PI000 0783 101524 B H55 0
2300005696;KR OTOMATIS LLG-CIMB NIAGA PT.MATAHARI PUTRA 45422 202410292515 64940
2300000727;KR OTOMATIS LLG-CIMB NIAGA PT.BAKTIABADI INTI
2300000925;KR OTOMATIS LLG-CIMB NIAGA PT.PRIMA ISMAYA SE BILL0013290056 BIL L0013290055
2300016045;KR OTOMATIS LLG-CIMB NIAGA PT.KREASI ANUGRAH NV1210228964 Beli Stock Susu 1L 2024 103120798359
2300008541;KR OTOMATIS LLG-CIMB NIAGA PT.HALIM BANGUN SA GREENFIELDS INDONE SIA 8337
DISTRIBUTOR GREENFIELDS;KR OTOMATIS LLG-CIMB NIAGA PT.PUJI SURYA INDA GF
2300011741;KR OTOMATIS LLG-CIMB NIAGA PT.INDO KORDSA 210201390/52101908 31/5210204947/521 018 20241028
2300013695;KR OTOMATIS LLG-CIMB NIAGA PT.KUDO TEKNOLOGI PG_TXN: 357175.000 00
2300008541;KR OTOMATIS LLG-CIMB NIAGA PT.HALIM BANGUN SA GREENFIELD INDONES IA 08353
2300008541;KR OTOMATIS LLG-CIMB NIAGA PT.HALIM BANGUN SA GREENFIELD INDONES IA 08290
DISTRIBUTOR GREENFIELDS;KR OTOMATIS LLG-CIMB NIAGA PT.PUJI SURYA INDA GF
2300013695;KR OTOMATIS LLG-CIMB NIAGA PT.KUDO TEKNOLOGI PG_TXN: 357160.000 00
DISTRIBUTOR GREENFIELDS;KR OTOMATIS LLG-CIMB NIAGA PT.ANUGRAH BERKAT
2300003094;KR OTOMATIS LLG-CIMB NIAGA CV.CAHAYA SAKTI 0000007306 A000145 00 102224 B I245
2300009976;KR OTOMATIS LLG-CIMB NIAGA PT.RUANG MAHA KARY 0000001588 11PI000 0910 102924 B I24 5
MODERN TRADE;KR OTOMATIS LLG-CIMB NIAGA SYA PT.FRESH ONE
MODERN TRADE;KR OTOMATIS LLG-CIMB NIAGA SYA PT.FRESH ONE
MODERN TRADE;KR OTOMATIS LLG-CIMB NIAGA SYA PT.FRESH ONE rafaksi promo sept 2024 11.351.304
MODERN TRADE;KR OTOMATIS LLG-CIMB NIAGA SYA PT.FRESH ONE
MODERN TRADE;KR OTOMATIS LLG-CIMB NIAGA SYA PT.FRESH ONE
2300009976;KR OTOMATIS LLG-CIMB NIAGA PT.RUANG MAHA KARY 0000001588 11PI000 0915 102924 B H55 0
2300009976;KR OTOMATIS LLG-CIMB NIAGA PT.RUANG MAHA KARY 0000001588 11PI000 0780 101524 B H55 0
2300000925;KR OTOMATIS LLG-CIMB NIAGA PT.PRIMA ISMAYA SE BILL0013291099 BIL L0013291098
2300009976;KR OTOMATIS LLG-CIMB NIAGA PT.RUANG MAHA KARY 0000001590 11PI000 0869 102324 B I24 5
2300009976;KR OTOMATIS LLG-CIMB NIAGA PT.RUANG MAHA KARY 0000001590 11PI000 0068 082624 B H55 0
2300009976;KR OTOMATIS LLG-CIMB NIAGA PT.RUANG MAHA KARY 0000001590 11PI000 0079 082624 B H55 0
2300017084;KR OTOMATIS LLG-CIMB NIAGA SYA PT.ESPAY DEBIT IND EDIK-20976 INV: 52 10213691
2300008197;KR OTOMATIS LLG-CIMB NIAGA PT.MENSANA ANEKA P AYMENT FROM AVENZE L HOTEL 2024110719 32438373
2300017431;KR OTOMATIS LLG-CIMB NIAGA PT.DUTA SENTOSA YA V.F.DSY.2411.0007 INV5222493196 2024 110629547504
2300005696;KR OTOMATIS LLG-CIMB NIAGA PT.MATAHARI PUTRA 46768 202411111628 46273
2300017084;KR OTOMATIS LLG-CIMB NIAGA SYA PT.ESPAY DEBIT IND EDIK-21025 INV: 52 10219814
DISTRIBUTOR GREENFIELDS;KR OTOMATIS LLG-CIMB NIAGA PT.PUJI SURYA INDA GF
2300005696;KR OTOMATIS LLG-CIMB NIAGA PT.MATAHARI PUTRA 45422 202411111628 46273
DISTRIBUTOR GREENFIELDS;KR OTOMATIS LLG-CIMB NIAGA PT.ANUGRAH BERKAT
2300013695;KR OTOMATIS LLG-CIMB NIAGA PT.KUDO TEKNOLOGI PG_TXN: 358068.000 00
2300004640;KR OTOMATIS LLG-CIMB NIAGA SYA PT.JCO DONUT AND C 20241104845104426
2300013695;KR OTOMATIS LLG-CIMB NIAGA PT.KUDO TEKNOLOGI PG_TXN: 358125.000 00
DISTRIBUTOR GREENFIELDS;KR OTOMATIS LLG-CIMB NIAGA PT.ANUGRAH BERKAT
2300000925;KR OTOMATIS LLG-CIMB NIAGA PT.PRIMA ISMAYA SE BILL0013292194 BIL L0013292193
2300000168;KR OTOMATIS LLG-CIMB NIAGA CV.SARI RASA NUSAN 2024020851-5210219 790
2300015447;KR OTOMATIS LLG-CIMB NIAGA PT.KARTA MAS KENCA 202411131917858465
DISTRIBUTOR GREENFIELDS;KR OTOMATIS LLG-CIMB NIAGA PT.CLASSIC FINE FO 5210203369, 521020 3370
2300016697;KR OTOMATIS LLG-CIMB NIAGA PT.PERMATA DUNIA S R14913 20241111171 6238578
2300000727;KR OTOMATIS LLG-CIMB NIAGA PT.BAKTIABADI INTI
DISTRIBUTOR GREENFIELDS;KR OTOMATIS LLG-CIMB NIAGA PT.ANUGRAH BERKAT
2300018398;KR OTOMATIS LLG-CIMB NIAGA PT.SUMMARECON AGUN PEMBAYARAN KKG 15/ 11/2024
DISTRIBUTOR GREENFIELDS;KR OTOMATIS LLG-CIMB NIAGA PT.PUJI SURYA INDA GF
2300017431;KR OTOMATIS LLG-CIMB NIAGA PT.DUTA SENTOSA YA V.F.DSY.2411.0202 INV5222493853 2024 111318551024
DISTRIBUTOR GREENFIELDS;KR OTOMATIS LLG-CIMB NIAGA PT.ANUGRAH BERKAT
DISTRIBUTOR GREENFIELDS;KR OTOMATIS LLG-CIMB NIAGA PT.PUJI SURYA INDA GF
2300013695;KR OTOMATIS LLG-CIMB NIAGA PT.KUDO TEKNOLOGI PG_TXN: 359336.000 00
2300013695;KR OTOMATIS LLG-CIMB NIAGA PT.KUDO TEKNOLOGI PG_TXN: 359385.000 00
DISTRIBUTOR GREENFIELDS;KR OTOMATIS LLG-CIMB NIAGA PT.ANUGRAH BERKAT
2300016371;KR OTOMATIS LLG-CIMB NIAGA PT.FKS MANAGEMENT
2300003094;KR OTOMATIS LLG-CIMB NIAGA CV.CAHAYA SAKTI 0000007340 A000145 45 110524 B I245
2300009976;KR OTOMATIS LLG-CIMB NIAGA PT.RUANG MAHA KARY 0000001618 11PI000 1012 110824 B H55 0
MODERN TRADE;KR OTOMATIS LLG-CIMB NIAGA SYA PT.FRESH ONE
MODERN TRADE;KR OTOMATIS LLG-CIMB NIAGA SYA PT.FRESH ONE
2300000168;KR OTOMATIS LLG-CIMB NIAGA CV.SARI RASA NUSAN 2024021865-5210234 561
2300016045;KR OTOMATIS LLG-CIMB NIAGA PT.KREASI ANUGRAH eli Stock Susu 1L 20241121772911332
2300000168;KR OTOMATIS LLG-CIMB NIAGA CV.SARI RASA NUSAN 2024022238-5210240 392
2300005696;KR OTOMATIS LLG-CIMB NIAGA PT.MATAHARI PUTRA 46768 202411251139 358380
2300013695;KR OTOMATIS LLG-CIMB NIAGA PT.KUDO TEKNOLOGI PG_TXN: 360129.000 00
DISTRIBUTOR GREENFIELDS;KR OTOMATIS LLG-CIMB NIAGA PT.PUJI SURYA INDA GF
2300004640;KR OTOMATIS LLG-CIMB NIAGA SYA PT.JCO DONUT AND C 202411181454695263
2300005696;KR OTOMATIS LLG-CIMB NIAGA PT.MATAHARI PUTRA 45422 202411251139 358380
2300017431;KR OTOMATIS LLG-CIMB NIAGA PT.DUTA SENTOSA YA V.F.DSY.2411.0412 INV5222494724 2024 111998647088
2300013695;KR OTOMATIS LLG-CIMB NIAGA PT.KUDO TEKNOLOGI PG_TXN: 360246.000 00
2300015447;KR OTOMATIS LLG-CIMB NIAGA PT.KARTA MAS KENCA 20241125449837338
2300017084;KR OTOMATIS LLG-CIMB NIAGA SYA PT.ESPAY DEBIT IND EDIK-21142 INV: 52 10235199
2300017084;KR OTOMATIS LLG-CIMB NIAGA SYA PT.ESPAY DEBIT IND EDIK-21145 INV: 52 10232423
MODERN TRADE;KR OTOMATIS LLG-CIMB NIAGA SYA PT.FRESH ONE
MODERN TRADE;KR OTOMATIS LLG-CIMB NIAGA SYA PT.FRESH ONE
MODERN TRADE;KR OTOMATIS LLG-CIMB NIAGA SYA PT.FRESH ONE
MODERN TRADE;KR OTOMATIS LLG-CIMB NIAGA SYA PT.FRESH ONE rafaks promo okt 2 024 9.960.585
2300017882;KR OTOMATIS LLG-CIMB NIAGA PT.MAKEN BANSAN CA Invoice greenfield s
DISTRIBUTOR GREENFIELDS;KR OTOMATIS LLG-CIMB NIAGA PT.PUJI SURYA INDA GF
DISTRIBUTOR GREENFIELDS;KR OTOMATIS LLG-CIMB NIAGA PT.ANUGRAH BERKAT
2300011546;KR OTOMATIS LLG-CIMB NIAGA THE FINANCIAL CLUB reenfields 2024112 51724938876
2300008197;KR OTOMATIS LLG-CIMB NIAGA PT.MENSANA ANEKA P AYMENT FROM AVENZE L HOTEL 2024112831 6510074
2300009976;KR OTOMATIS LLG-CIMB NIAGA PT.RUANG MAHA KARY 0000001626 11PI000 1111 111524 B I24 5
2300000727;KR OTOMATIS LLG-CIMB NIAGA PT.BAKTIABADI INTI
DISTRIBUTOR GREENFIELDS;KR OTOMATIS LLG-CIMB NIAGA PT.ANUGRAH BERKAT
2300017612;KR OTOMATIS LLG-CIMB NIAGA PT.PUTRA TARO PALO 2411281002623001 , SUPPLIER :GREENF I ELDS
2300008541;KR OTOMATIS LLG-CIMB NIAGA PT.HALIM BANGUN SA GREENFIELD INDONES IA 09495
2300015447;KR OTOMATIS LLG-CIMB NIAGA PT.KARTA MAS KENCA 20241128355300209
2300017084;KR OTOMATIS LLG-CIMB NIAGA SYA PT.ESPAY DEBIT IND EDIK-21182 INV: 52 10246832
DISTRIBUTOR GREENFIELDS;KR OTOMATIS LLG-CIMB NIAGA PT.PUJI SURYA INDA GF
DISTRIBUTOR GREENFIELDS;KR OTOMATIS LLG-CIMB NIAGA PT.ANUGRAH BERKAT
2300017431;KR OTOMATIS LLG-CIMB NIAGA PT.DUTA SENTOSA YA V.F.DSY.2411.0592 INV5222495033 2024 112665065509
DISTRIBUTOR GREENFIELDS;KR OTOMATIS LLG-CIMB NIAGA PT.PUJI SURYA INDA GF
2300013695;KR OTOMATIS LLG-CIMB NIAGA PT.KUDO TEKNOLOGI PG_TXN: 361477.000 00
2300003094;KR OTOMATIS LLG-CIMB NIAGA CV.CAHAYA SAKTI 0000007358 A000145 86 112124 B I245
2300009976;KR OTOMATIS LLG-CIMB NIAGA PT.RUANG MAHA KARY 0000001639 11PI000 1157 112124 B I24 5
2300000925;KR OTOMATIS LLG-CIMB NIAGA PT.PRIMA ISMAYA SE BILL0013296087 BIL L0013296086
2300011741;KR OTOMATIS LLG-CIMB NIAGA PT.INDO KORDSA 012// 5210211453( 1138800) 202411201 499807073
2300008197;KR OTOMATIS LLG-CIMB NIAGA PT.MENSANA ANEKA P AYMENT FROM AVENZE L HOTEL 2024120517 45049641
DISTRIBUTOR GREENFIELDS;KR OTOMATIS LLG-CIMB NIAGA PT.PUJI SURYA INDA GF
2300017431;KR OTOMATIS LLG-CIMB NIAGA PT.DUTA SENTOSA YA V.F.DSY.2412.0014 INV5222495386 2024 120414061734
DISTRIBUTOR GREENFIELDS;KR OTOMATIS LLG-CIMB NIAGA PT.ANUGRAH BERKAT
MODERN TRADE;KR OTOMATIS LLG-CIMB NIAGA SYA PT.FRESH ONE
MODERN TRADE;KR OTOMATIS LLG-CIMB NIAGA SYA PT.FRESH ONE
DISTRIBUTOR GREENFIELDS;KR OTOMATIS LLG-CIMB NIAGA PT.PUJI SURYA INDA GF
DISTRIBUTOR GREENFIELDS;KR OTOMATIS LLG-CIMB NIAGA PT.PUJI SURYA INDA GF
2300005696;KR OTOMATIS LLG-CIMB NIAGA PT.MATAHARI PUTRA 46768 202412101012 480010
2300015447;KR OTOMATIS LLG-CIMB NIAGA PT.KARTA MAS KENCA 202412091516156132
DISTRIBUTOR GREENFIELDS;KR OTOMATIS LLG-CIMB NIAGA PT.PUJI SURYA INDA GF
DISTRIBUTOR GREENFIELDS;KR OTOMATIS LLG-CIMB NIAGA PT.ANUGRAH BERKAT
2300005696;KR OTOMATIS LLG-CIMB NIAGA PT.MATAHARI PUTRA 45422 202412101012 480010
2300013695;KR OTOMATIS LLG-CIMB NIAGA PT.KUDO TEKNOLOGI PG_TXN: 363465.000 00
2300005478;KR OTOMATIS LLG-CIMB NIAGA PT.FILOSOFI ADIDAY Folks Co Gaming Sp ace, No 521026079 7
DISTRIBUTOR GREENFIELDS;KR OTOMATIS LLG-CIMB NIAGA PT.PUJI SURYA INDA GF
2300013695;KR OTOMATIS LLG-CIMB NIAGA PT.KUDO TEKNOLOGI PG_TXN: 363430.000 00
2300000925;KR OTOMATIS LLG-CIMB NIAGA PT.PRIMA ISMAYA SE BILL0013296102 BIL L0013296101
DISTRIBUTOR GREENFIELDS;KR OTOMATIS LLG-CIMB NIAGA PT.PUJI SURYA INDA GF
DISTRIBUTOR GREENFIELDS;KR OTOMATIS LLG-CIMB NIAGA PT.ANUGRAH BERKAT
2300017612;KR OTOMATIS LLG-CIMB NIAGA PT.PUTRA TARO PALO 2412111812783001 , SUPPLIER :GREENF I ELDS
2300015567;KR OTOMATIS LLG-CIMB NIAGA SYA PT.KREASI BAHAN SE Faktur no. N772806 8
2300017431;KR OTOMATIS LLG-CIMB NIAGA PT.DUTA SENTOSA YA V.F.DSY.2412.0235 INV5222496037 2024 121110440784
DISTRIBUTOR GREENFIELDS;KR OTOMATIS LLG-CIMB NIAGA PT.ANUGRAH BERKAT
DISTRIBUTOR GREENFIELDS;KR OTOMATIS LLG-CIMB NIAGA PT.PUJI SURYA INDA GF
DISTRIBUTOR GREENFIELDS;KR OTOMATIS LLG-CIMB NIAGA PT.PUJI SURYA INDA GF
2300015911;KR OTOMATIS LLG-CIMB NIAGA PT.UNITED MEDIA OR B2410-441 20241214 1352491726
2300015911;KR OTOMATIS LLG-CIMB NIAGA PT.UNITED MEDIA OR B2410-878 20241214 1352491726
2300013695;KR OTOMATIS LLG-CIMB NIAGA PT.KUDO TEKNOLOGI PG_TXN: 364338.000 00
DISTRIBUTOR GREENFIELDS;KR OTOMATIS LLG-CIMB NIAGA PT.PUJI SURYA INDA GF
2300013695;KR OTOMATIS LLG-CIMB NIAGA PT.KUDO TEKNOLOGI PG_TXN: 364309.000 00
MODERN TRADE;KR OTOMATIS LLG-CIMB NIAGA SYA PT.FRESH ONE
MODERN TRADE;KR OTOMATIS LLG-CIMB NIAGA SYA PT.FRESH ONE
2300009976;KR OTOMATIS LLG-CIMB NIAGA PT.RUANG MAHA KARY 0000001664 11PI000 0912 102924 B I24 5
2300009976;KR OTOMATIS LLG-CIMB NIAGA PT.RUANG MAHA KARY 0000001667 11PI000 1275 120424 B I24 5
2300017882;KR OTOMATIS LLG-CIMB NIAGA PT.MAKEN BANSAN CA Greenfields
DISTRIBUTOR GREENFIELDS;KR OTOMATIS LLG-CIMB NIAGA PT.ANUGRAH BERKAT
2300015447;KR OTOMATIS LLG-CIMB NIAGA PT.KARTA MAS KENCA 202412181645300993
2300000168;KR OTOMATIS LLG-CIMB NIAGA CV.SARI RASA NUSAN 2024023814-5210261 933
2300017084;KR OTOMATIS LLG-CIMB NIAGA SYA PT.ESPAY DEBIT IND EDIK-21297 INV: 52 10257458
2300017084;KR OTOMATIS LLG-CIMB NIAGA SYA PT.ESPAY DEBIT IND EDIK-21243 INV: 52 10246362
2300016731;KR OTOMATIS LLG-CIMB NIAGA SYA PT.NAGALAUT USAHA Naga Laut Usaha Pr ima N7651913
2300016045;KR OTOMATIS LLG-CIMB NIAGA PT.KREASI ANUGRAH eli Stock Susu 1L 202412191623027780
2300017612;KR OTOMATIS LLG-CIMB NIAGA PT.PUTRA TARO PALO 2412201114663001 , SUPPLIER :GREENF I ELDS
2300017431;KR OTOMATIS LLG-CIMB NIAGA PT.DUTA SENTOSA YA V.F.DSY.2412.0434 INV5222496538 2024 121811382097
DISTRIBUTOR GREENFIELDS;KR OTOMATIS LLG-CIMB NIAGA PT.ANUGRAH BERKAT
2300013695;KR OTOMATIS LLG-CIMB NIAGA PT.KUDO TEKNOLOGI PG_TXN: 365213.000 00
2300004640;KR OTOMATIS LLG-CIMB NIAGA SYA PT.JCO DONUT AND C 202412161210288682
2300000727;KR OTOMATIS LLG-CIMB NIAGA PT.BAKTIABADI INTI
DISTRIBUTOR GREENFIELDS;KR OTOMATIS LLG-CIMB NIAGA PT.PUJI SURYA INDA GF
2300013695;KR OTOMATIS LLG-CIMB NIAGA PT.KUDO TEKNOLOGI PG_TXN: 365201.000 00
DISTRIBUTOR GREENFIELDS;KR OTOMATIS LLG-CIMB NIAGA PT.ANUGRAH BERKAT
2300017084;KR OTOMATIS LLG-CIMB NIAGA SYA PT.ESPAY DEBIT IND EDIK-21364 INV: 52 10261941
2300017882;KR OTOMATIS LLG-CIMB NIAGA PT.MAKEN BANSAN CA inv milk
DISTRIBUTOR GREENFIELDS;KR OTOMATIS LLG-CIMB NIAGA PT.ANUGRAH BERKAT
2300011546;KR OTOMATIS LLG-CIMB NIAGA THE FINANCIAL CLUB reenfields 2024122 01553507377
2300005696;KR OTOMATIS LLG-CIMB NIAGA PT.MATAHARI PUTRA 46768 202412261358 590250
2300003094;KR OTOMATIS LLG-CIMB NIAGA CV.CAHAYA SAKTI 0000007391 A000146 47 120524 B I245
DISTRIBUTOR GREENFIELDS;KR OTOMATIS LLG-CIMB NIAGA PT.PUJI SURYA INDA GF
DISTRIBUTOR GREENFIELDS;KR OTOMATIS LLG-CIMB NIAGA PT.PUJI SURYA INDA GF
2300005696;KR OTOMATIS LLG-CIMB NIAGA PT.MATAHARI PUTRA 45422 202412261358 590250
DISTRIBUTOR GREENFIELDS;KR OTOMATIS LLG-CIMB NIAGA PT.ANUGRAH BERKAT
MODERN TRADE;KR OTOMATIS LLG-CIMB NIAGA SYA PT.FRESH ONE
DISTRIBUTOR GREENFIELDS;KR OTOMATIS LLG-CIMB NIAGA PT.PUJI SURYA INDA GF
2300004640;KR OTOMATIS LLG-CIMB NIAGA SYA PT.JCO DONUT AND C 202412231005086794
MODERN TRADE;KR OTOMATIS LLG-CIMB NIAGA SYA PT.FRESH ONE
2300017084;KR OTOMATIS LLG-CIMB NIAGA SYA PT.ESPAY DEBIT IND EDIK-21406 INV: 52 10267874
DISTRIBUTOR;KR OTOMATIS LLG-CIMB NIAGA PT.PUJI SURYA INDA GF
2300000925;KR OTOMATIS LLG-CIMB NIAGA PT.PRIMA ISMAYA SE BILL0013299319 BIL L0013299318
2300013695;KR OTOMATIS LLG-CIMB NIAGA PT.KUDO TEKNOLOGI PG_TXN: 366794.000 00
DISTRIBUTOR;KR OTOMATIS LLG-CIMB NIAGA PT.PUJI SURYA INDA GF
2300017431;KR OTOMATIS LLG-CIMB NIAGA PT.DUTA SENTOSA YA V.F.DSY.2412.0555 INV5222497646 2025 010209220043
2300013695;KR OTOMATIS LLG-CIMB NIAGA PT.KUDO TEKNOLOGI PG_TXN: 366761.000 00
DISTRIBUTOR;KR OTOMATIS LLG-CIMB NIAGA PT.PUJI SURYA INDA GF
DISTRIBUTOR;KR OTOMATIS LLG-CIMB NIAGA PT.PUJI SURYA INDA GF
2300015567;KR OTOMATIS LLG-CIMB NIAGA SYA PT.KREASI BAHAN SE Pb INV 06 Maret 20 24 No.N7297969
DISTRIBUTOR GREENFIELDS;KR OTOMATIS LLG-CIMB NIAGA PT.ANUGRAH BERKAT
2300017084;KR OTOMATIS LLG-CIMB NIAGA SYA PT.ESPAY DEBIT IND EDIK-21523 INV: 52 10281204
DISTRIBUTOR GREENFIELDS;KR OTOMATIS LLG-CIMB NIAGA PT.ANUGRAH BERKAT
ALL FRESH;KR OTOMATIS LLG-CIMB NIAGA SYA PT.FRESH ONE rafaksi promo nov 2024 11.277.600
ALL FRESH;KR OTOMATIS LLG-CIMB NIAGA SYA PT.FRESH ONE
2300000925;KR OTOMATIS LLG-CIMB NIAGA PT.PRIMA ISMAYA SE BILL0013300255 BIL L0013300254
2300011741;KR OTOMATIS LLG-CIMB NIAGA PT.INDO KORDSA 012// 5210247074( 911040) 521024618 8( 20250106
2300009976;KR OTOMATIS LLG-CIMB NIAGA PT.RUANG MAHA KARY 0000001701 11PI000 1421 121824 B I24 5
2300000168;KR OTOMATIS LLG-CIMB NIAGA CV.SARI RASA NUSAN 2024024662-5210276 501
2300000727;KR OTOMATIS LLG-CIMB NIAGA PT.BAKTIABADI INTI
2300009976;KR OTOMATIS LLG-CIMB NIAGA PT.RUANG MAHA KARY 0000001701 11PI000 1420 121824 B H55 0
2300009976;KR OTOMATIS LLG-CIMB NIAGA PT.RUANG MAHA KARY 0000001701 11PI000 1464 122424 B H55 0
2300016045;KR OTOMATIS LLG-CIMB NIAGA PT.KREASI ANUGRAH eli Stock Susu 1L 202501091147039913
2300008197;KR OTOMATIS LLG-CIMB NIAGA PT.MENSANA ANEKA P AYMENT FROM AVENZE L HOTEL 2025010909 20232172
2300005696;KR OTOMATIS LLG-CIMB NIAGA PT.MATAHARI PUTRA 46768 202501101030 533049
2300005696;KR OTOMATIS LLG-CIMB NIAGA PT.MATAHARI PUTRA 45422 202501101030 533049
DISTRIBUTOR GREENFIELDS;KR OTOMATIS LLG-CIMB NIAGA PT.ANUGRAH BERKAT
2300000168;KR OTOMATIS LLG-CIMB NIAGA CV.SARI RASA NUSAN 2025000170-3210283 297-52102834
DISTRIBUTOR;KR OTOMATIS LLG-CIMB NIAGA PT.PUJI SURYA INDA GF
2300017882;KR OTOMATIS LLG-CIMB NIAGA PT.MAKEN BANSAN CA inv milk
2300013695;KR OTOMATIS LLG-CIMB NIAGA PT.KUDO TEKNOLOGI PG_TXN: 368487.000 00
2300013695;KR OTOMATIS LLG-CIMB NIAGA PT.KUDO TEKNOLOGI PG_TXN: 368454.000 00
2300015447;KR OTOMATIS LLG-CIMB NIAGA PT.KARTA MAS KENCA 202501140934526883
2300009976;KR OTOMATIS LLG-CIMB NIAGA PT.RUANG MAHA KARY 0000001715 11PI000 1442 122324 B I24 5
2300009976;KR OTOMATIS LLG-CIMB NIAGA PT.RUANG MAHA KARY 0000001715 11PI000 0778 101524 B I24 5
DISTRIBUTOR GREENFIELDS;KR OTOMATIS LLG-CIMB NIAGA PT.CLASSIC FINE FO 5210261709, 521026 1710, 5210264278, 5210
PAPAYA;KR OTOMATIS LLG-CIMB NIAGA PT.VICTORY RETAILI REENFIELDS PPY GDS 20250116103251935 3
2300000925;KR OTOMATIS LLG-CIMB NIAGA PT.PRIMA ISMAYA SE BILL0013302999 BIL L0013302998 BILL0 01330
DISTRIBUTOR;KR OTOMATIS LLG-CIMB NIAGA PT.PUJI SURYA INDA gf
ALL FRESH;KR OTOMATIS LLG-CIMB NIAGA SYA PT.FRUIT LAND
ALL FRESH;KR OTOMATIS LLG-CIMB NIAGA SYA PT.FRUIT LAND
ALL FRESH;KR OTOMATIS LLG-CIMB NIAGA CV.ALL FRESH
ALL FRESH;KR OTOMATIS LLG-CIMB NIAGA CV.ALL FRESH
ALL FRESH;KR OTOMATIS LLG-CIMB NIAGA SYA PT.FRESH ONE
ALL FRESH;KR OTOMATIS LLG-CIMB NIAGA SYA PT.FRESH ONE
2300017431;KR OTOMATIS LLG-CIMB NIAGA PT.DUTA SENTOSA YA V.F.DSY.2501.0169 INV5222498126 2025 011418401569
DISTRIBUTOR;KR OTOMATIS LLG-CIMB NIAGA PT.PUJI SURYA INDA GF
2300013695;KR OTOMATIS LLG-CIMB NIAGA PT.KUDO TEKNOLOGI PG_TXN: 369541.000 00
2300017882;KR OTOMATIS LLG-CIMB NIAGA PT.MAKEN BANSAN CA inv milk
DISTRIBUTOR;KR OTOMATIS LLG-CIMB NIAGA PT.PUJI SURYA INDA GF
DISTRIBUTOR GREENFIELDS;KR OTOMATIS LLG-CIMB NIAGA PT.ANUGRAH BERKAT
2300003094;KR OTOMATIS LLG-CIMB NIAGA CV.CAHAYA SAKTI 0000007441 A000147 51 010625 B I245
DISTRIBUTOR;KR OTOMATIS LLG-CIMB NIAGA PT.PUJI SURYA INDA GF
2300000925;KR OTOMATIS LLG-CIMB NIAGA PT.PRIMA ISMAYA SE BILL0013304709 BIL L0013304708 BILL0 01330
2300017084;KR OTOMATIS LLG-CIMB NIAGA SYA PT.ESPAY DEBIT IND EDIK-21700 INV: 52 10292082
DISTRIBUTOR;KR OTOMATIS LLG-CIMB NIAGA PT.PUJI SURYA INDA GF
2300009976;KR OTOMATIS LLG-CIMB NIAGA PT.RUANG MAHA KARY 0000001736 11PI000 1556 011325 B H55 0
PAPAYA;KR OTOMATIS LLG-CIMB NIAGA PT.VICTORY RETAILI REENFIELDS PPY GDS 20250123143308881 9
2300008197;KR OTOMATIS LLG-CIMB NIAGA PT.MENSANA ANEKA P AYMENT FROM AVENZE L HOTEL 2025012315 08590483
2300017431;KR OTOMATIS LLG-CIMB NIAGA PT.DUTA SENTOSA YA V.F.DSY.2501.0270 INV5222498357 2025 012118102463
DISTRIBUTOR GREENFIELDS;KR OTOMATIS LLG-CIMB NIAGA PT.ANUGRAH BERKAT
2300011546;KR OTOMATIS LLG-CIMB NIAGA THE FINANCIAL CLUB reenfields 2025012 41636217535
2300005696;KR OTOMATIS LLG-CIMB NIAGA PT.MATAHARI PUTRA 46768 202501300936 107367
2300000168;KR OTOMATIS LLG-CIMB NIAGA CV.SARI RASA NUSAN 2025001365-5210297 119
2300009976;KR OTOMATIS LLG-CIMB NIAGA PT.RUANG MAHA KARY 0000001745 11PI000 1624 011725 B I24 5
2300009976;KR OTOMATIS LLG-CIMB NIAGA PT.RUANG MAHA KARY 0000001745 11PI000 1628 011725 B I24 5
DISTRIBUTOR;KR OTOMATIS LLG-CIMB NIAGA PT.PUJI SURYA INDA GF
DISTRIBUTOR;KR OTOMATIS LLG-CIMB NIAGA PT.PUJI SURYA INDA GF
DISTRIBUTOR GREENFIELDS;KR OTOMATIS LLG-CIMB NIAGA PT.ANUGRAH BERKAT
2300009976;KR OTOMATIS LLG-CIMB NIAGA PT.RUANG MAHA KARY 0000001745 11PI000 1629 011725 B H55 0
PAPAYA;KR OTOMATIS LLG-CIMB NIAGA PT.VICTORY RETAILI REENFIELDS PPY GDS 20250131101158198 7
2300015447;KR OTOMATIS LLG-CIMB NIAGA PT.KARTA MAS KENCA 202501301632029493
ALL FRESH;KR OTOMATIS LLG-CIMB NIAGA SYA PT.FRUIT LAND
ALL FRESH;KR OTOMATIS LLG-CIMB NIAGA SYA PT.FRUIT LAND
ALL FRESH;KR OTOMATIS LLG-CIMB NIAGA CV.ALL FRESH
ALL FRESH;KR OTOMATIS LLG-CIMB NIAGA CV.ALL FRESH
ALL FRESH;KR OTOMATIS LLG-CIMB NIAGA SYA PT.FRESH ONE
2300009976;KR OTOMATIS LLG-CIMB NIAGA PT.RUANG MAHA KARY 0000001751 11PI000 1555 011325 B I24 5
2300000727;KR OTOMATIS LLG-CIMB NIAGA PT.BAKTIABADI INTI
DISTRIBUTOR;KR OTOMATIS LLG-CIMB NIAGA PT.PUJI SURYA INDA GF
2300013695;KR OTOMATIS LLG-CIMB NIAGA PT.KUDO TEKNOLOGI PG_TXN: 370906.000 00
2300011741;KR OTOMATIS LLG-CIMB NIAGA PT.INDO KORDSA 012// 5210278165 5 210278167 20250122 1009482485
2300000925;KR OTOMATIS LLG-CIMB NIAGA PT.PRIMA ISMAYA SE BILL0090001073 BIL L0090001072 BILL0 09000
DISTRIBUTOR;KR OTOMATIS LLG-CIMB NIAGA PT.PUJI SURYA INDA GF
2300016965;KR OTOMATIS LLG-CIMB NIAGA PT.KURETAKESO HOTE WT/GDI-IND0/2024/1 2/1038891 20250130 1320289713
PAPAYA;KR OTOMATIS LLG-CIMB NIAGA PT.VICTORY RETAILI REENFIELDS PPY GDS 20250206141738274 3
2300009976;KR OTOMATIS LLG-CIMB NIAGA PT.RUANG MAHA KARY 0000001761 11PI000 1673 012225 B I24 5
2300004640;KR OTOMATIS LLG-CIMB NIAGA SYA PT.JCO DONUT AND C 202502031145181575
2300000677;KR OTOMATIS LLG-CIMB NIAGA PT.BOGA CATUR RATA CURR HD GREENFIELD KWT0404461371/10 39860
2300005696;KR OTOMATIS LLG-CIMB NIAGA PT.MATAHARI PUTRA 45422 202502100948 180668
2300017084;KR OTOMATIS LLG-CIMB NIAGA SYA PT.ESPAY DEBIT IND EDIK-21717 INV: 52 10297198
DISTRIBUTOR GREENFIELDS;KR OTOMATIS LLG-CIMB NIAGA PT.ANUGRAH BERKAT
2300003094;KR OTOMATIS LLG-CIMB NIAGA CV.CAHAYA SAKTI 0000007453 A000147 96 011425 B I245
ALL FRESH;KR OTOMATIS LLG-CIMB NIAGA CV.ALL FRESH
ALL FRESH;KR OTOMATIS LLG-CIMB NIAGA CV.ALL FRESH
ALL FRESH;KR OTOMATIS LLG-CIMB NIAGA SYA PT.FRUIT LAND
ALL FRESH;KR OTOMATIS LLG-CIMB NIAGA SYA PT.FRUIT LAND
ALL FRESH;KR OTOMATIS LLG-CIMB NIAGA SYA PT.FRUIT LAND
ALL FRESH;KR OTOMATIS LLG-CIMB NIAGA SYA PT.FRESH ONE
ALL FRESH;KR OTOMATIS LLG-CIMB NIAGA SYA PT.FRESH ONE pot promo des 2024 28.860
ALL FRESH;KR OTOMATIS LLG-CIMB NIAGA SYA PT.FRESH ONE pot promo des 2024 7.953.150
ALL FRESH;KR OTOMATIS LLG-CIMB NIAGA SYA PT.FRESH ONE
2300009976;KR OTOMATIS LLG-CIMB NIAGA PT.RUANG MAHA KARY 0000001766 11PI000 1703 012425 B I24 5
2300000925;KR OTOMATIS LLG-CIMB NIAGA PT.PRIMA ISMAYA SE BILL0090001089 BIL L0090001088 BILL0 09000
2300017882;KR OTOMATIS LLG-CIMB NIAGA PT.MAKEN BANSAN CA GF MILK
PAPAYA;KR OTOMATIS LLG-CIMB NIAGA PT.VICTORY RETAILI REENFIELDS PPY GDS 20250213150358655 8
2300000677;KR OTOMATIS LLG-CIMB NIAGA PT.BOGA CATUR RATA CURR HD GREENFIELD F.10421211042119
2300013695;KR OTOMATIS LLG-CIMB NIAGA PT.KUDO TEKNOLOGI PG_TXN: 373395.000 00
2300013695;KR OTOMATIS LLG-CIMB NIAGA PT.KUDO TEKNOLOGI PG_TXN: 373356.000 00
2300015447;KR OTOMATIS LLG-CIMB NIAGA PT.KARTA MAS KENCA 202502181424586738
2300009976;KR OTOMATIS LLG-CIMB NIAGA PT.RUANG MAHA KARY 0000001783 11PI000 1776 020525 B I24 5
DISTRIBUTOR GREENFIELDS;KR OTOMATIS LLG-CIMB NIAGA PT.ANUGRAH BERKAT
DISTRIBUTOR GREENFIELDS;KR OTOMATIS LLG-CIMB NIAGA PT.CLASSIC FINE FO 5210300143, 521030 0144, 5210300145, 5210
PAPAYA;KR OTOMATIS LLG-CIMB NIAGA PT.VICTORY RETAILI REENFIELDS PPY GDS 20250221084851290 8
ALL FRESH;KR OTOMATIS LLG-CIMB NIAGA SYA PT.FRUIT LAND
ALL FRESH;KR OTOMATIS LLG-CIMB NIAGA SYA PT.FRUIT LAND
ALL FRESH;KR OTOMATIS LLG-CIMB NIAGA SYA PT.FRESH ONE
2300013695;KR OTOMATIS LLG-CIMB NIAGA PT.KUDO TEKNOLOGI PG_TXN: 374228.000 00
2300013695;KR OTOMATIS LLG-CIMB NIAGA PT.KUDO TEKNOLOGI PG_TXN: 374199.000 00
DISTRIBUTOR GREENFIELDS;KR OTOMATIS LLG-CIMB NIAGA PT.ANUGRAH BERKAT
2300000168;KR OTOMATIS LLG-CIMB NIAGA CV.SARI RASA NUSAN 2025003576-5210315 101
2300000727;KR OTOMATIS LLG-CIMB NIAGA PT.BAKTIABADI INTI
DISTRIBUTOR;KR OTOMATIS LLG-CIMB NIAGA PT.PUJI SURYA INDA GF
DISTRIBUTOR;KR OTOMATIS LLG-CIMB NIAGA PT.PUJI SURYA INDA GF
DISTRIBUTOR GREENFIELDS;KR OTOMATIS LLG-CIMB NIAGA PT.ANUGRAH BERKAT
2300005696;KR OTOMATIS LLG-CIMB NIAGA PT.MATAHARI PUTRA 46768 202502250943 466018
2300005696;KR OTOMATIS LLG-CIMB NIAGA PT.MATAHARI PUTRA 45422 202502250943 466018
2300009976;KR OTOMATIS LLG-CIMB NIAGA PT.RUANG MAHA KARY 0000001793 11PI000 1866 021425 B I24 5
2300015447;KR OTOMATIS LLG-CIMB NIAGA PT.KARTA MAS KENCA 202502241521133205
2300005696;KR OTOMATIS LLG-CIMB NIAGA PT.MATAHARI PUTRA 45422 202502251817 178072
2300005696;KR OTOMATIS LLG-CIMB NIAGA PT.MATAHARI PUTRA 45423 202502251817 178072
2300018095;KR OTOMATIS LLG-CIMB NIAGA SYA PT.BESTINDO PERSAD
2300011546;KR OTOMATIS LLG-CIMB NIAGA THE FINANCIAL CLUB reenfields 2025022 61750104042
DISTRIBUTOR;KR OTOMATIS LLG-CIMB NIAGA PT.PUJI SURYA INDA GF
2300016045;KR OTOMATIS LLG-CIMB NIAGA PT.KREASI ANUGRAH eli Stock Susu 1L 202502271208199372
DISTRIBUTOR;KR OTOMATIS LLG-CIMB NIAGA PT.PUJI SURYA INDA GF
2300011989;KR OTOMATIS LLG-CIMB NIAGA PT.MAKO ANUGERAH K 202502241010128304
2300017882;KR OTOMATIS LLG-CIMB NIAGA PT.MAKEN BANSAN CA GF MILK
DISTRIBUTOR;KR OTOMATIS LLG-CIMB NIAGA PT.PUJI SURYA INDA GF
ALL FRESH;KR OTOMATIS LLG-CIMB NIAGA SYA PT.FRUIT LAND
ALL FRESH;KR OTOMATIS LLG-CIMB NIAGA SYA PT.FRUIT LAND
ALL FRESH;KR OTOMATIS LLG-CIMB NIAGA CV.ALL FRESH
ALL FRESH;KR OTOMATIS LLG-CIMB NIAGA SYA PT.FRESH ONE
ALL FRESH;KR OTOMATIS LLG-CIMB NIAGA SYA PT.FRESH ONE
DISTRIBUTOR GREENFIELDS;KR OTOMATIS LLG-CIMB NIAGA PT.ANUGRAH BERKAT
2300011741;KR OTOMATIS LLG-CIMB NIAGA PT.INDO KORDSA 210310088 52103074 15 202502271044094 982
2300009976;KR OTOMATIS LLG-CIMB NIAGA PT.RUANG MAHA KARY 0000001808 11PI000 1927 021925 B I24 5
2300009976;KR OTOMATIS LLG-CIMB NIAGA PT.RUANG MAHA KARY 0000001808 11PI000 1995 022525 B I24 5
2300009976;KR OTOMATIS LLG-CIMB NIAGA PT.RUANG MAHA KARY 0000001808 11PI000 1994 022525 B H55 0
2300000925;KR OTOMATIS LLG-CIMB NIAGA PT.PRIMA ISMAYA SE BILL0090005270 BIL L0090005269
2300000168;KR OTOMATIS LLG-CIMB NIAGA CV.SARI RASA NUSAN 2025004300-5210312 922
DISTRIBUTOR;KR OTOMATIS LLG-CIMB NIAGA PT.PUJI SURYA INDA GF
DISTRIBUTOR GREENFIELDS;KR OTOMATIS LLG-CIMB NIAGA PT.ANUGRAH BERKAT
PAPAYA;KR OTOMATIS LLG-CIMB NIAGA PT.VICTORY RETAILI REENFIELDS PPY GDS 20250306142812566 6
2300017084;KR OTOMATIS LLG-CIMB NIAGA SYA PT.ESPAY DEBIT IND EDIK-22046 INV: 52 10312721
2300017084;KR OTOMATIS LLG-CIMB NIAGA SYA PT.ESPAY DEBIT IND EDIK-22073 INV: 52 10323688
2300018157;KR OTOMATIS LLG-CIMB NIAGA SYA PT.ESPAY DEBIT IND EDIK-22084 INV: 52 10333629
2300017882;KR OTOMATIS LLG-CIMB NIAGA PT.MAKEN BANSAN CA GF MILK
2300015447;KR OTOMATIS LLG-CIMB NIAGA PT.KARTA MAS KENCA 202503051656445158
2300016731;KR OTOMATIS LLG-CIMB NIAGA SYA PT.BERKAH KAYARASA N7929125
2300017431;KR OTOMATIS LLG-CIMB NIAGA PT.DUTA SENTOSA YA V.F.DSY.2503.0041 5222500001-MR1 52 224 20250305
2300016371;KR OTOMATIS LLG-CIMB NIAGA PT.FKS MANAGEMENT 5210313644
2300005696;KR OTOMATIS LLG-CIMB NIAGA PT.MATAHARI PUTRA 46768 202503101021 567328
DISTRIBUTOR;KR OTOMATIS LLG-CIMB NIAGA PT.PUJI SURYA INDA GF
2300005696;KR OTOMATIS LLG-CIMB NIAGA PT.MATAHARI PUTRA 45422 202503101021 567328
2300015567;KR OTOMATIS LLG-CIMB NIAGA SYA CV.REMPAH TANI BER Faktur no. N832184 5, N8449413
DISTRIBUTOR GREENFIELDS;KR OTOMATIS LLG-CIMB NIAGA PT.ANUGRAH BERKAT
ALL FRESH;KR OTOMATIS LLG-CIMB NIAGA SYA PT.FRUIT LAND 
ALL FRESH;KR OTOMATIS LLG-CIMB NIAGA SYA PT.FRUIT LAND 
ALL FRESH;KR OTOMATIS LLG-CIMB NIAGA CV.ALL FRESH 
ALL FRESH;KR OTOMATIS LLG-CIMB NIAGA CV.ALL FRESH 
2300016731;KR OTOMATIS LLG-CIMB NIAGA SYA PT.BERKAH KAYARASA Faktur no. 5222499 181
2300000168;KR OTOMATIS LLG-CIMB NIAGA CV.SARI RASA NUSAN 2025004805-5210033 4415
2300009976;KR OTOMATIS LLG-CIMB NIAGA PT.RUANG MAHA KARY 0000001815 11PI000 2062 030425 B I24 5
2300000925;KR OTOMATIS LLG-CIMB NIAGA PT.PRIMA ISMAYA SE BILL0090006353 BIL L0090006352
2300016045;KR OTOMATIS LLG-CIMB NIAGA PT.KREASI ANUGRAH eli Stock Susu 1L 202503131035315613
PAPAYA;KR OTOMATIS LLG-CIMB NIAGA PT.VICTORY RETAILI REENFIELDS PPY GDS 20250313145122715 3
2300008197;KR OTOMATIS LLG-CIMB NIAGA PT.MENSANA ANEKA P AYMENT FROM AVENZE L HOTEL 2025031313 34253459
2300016731;KR OTOMATIS LLG-CIMB NIAGA SYA PT.BERKAH KAYARASA Faktur no. N821458 8
2300017882;KR OTOMATIS LLG-CIMB NIAGA PT.MAKEN BANSAN CA GF MILK
2300017431;KR OTOMATIS LLG-CIMB NIAGA PT.DUTA SENTOSA YA V.F.DSY.2503.0170 5222502100-MR1 52 225 20250312
2300000168;KR OTOMATIS LLG-CIMB NIAGA CV.SARI RASA NUSAN 2025004806-5210033 7572
2300004640;KR OTOMATIS LLG-CIMB NIAGA SYA PT.JCO DONUT AND C 202503100955155487
DISTRIBUTOR;KR OTOMATIS LLG-CIMB NIAGA PT.PUJI SURYA INDA GF
DISTRIBUTOR GREENFIELDS;KR OTOMATIS LLG-CIMB NIAGA PT.ANUGRAH BERKAT
2300003094;KR OTOMATIS LLG-CIMB NIAGA CV.CAHAYA SAKTI 0000007532 A000149 74 030525 B I245
DISTRIBUTOR;KR OTOMATIS LLG-CIMB NIAGA PT.PUJI SURYA INDA GF
ALL FRESH;KR OTOMATIS LLG-CIMB NIAGA SYA PT.FRESH ONE pot promo Jan 2025 790.875 + 7.357 .413
ALL FRESH;KR OTOMATIS LLG-CIMB NIAGA SYA PT.FRESH ONE
2300000168;KR OTOMATIS LLG-CIMB NIAGA CV.SARI RASA NUSAN 2025005381-5210345 300
DISTRIBUTOR GREENFIELDS;KR OTOMATIS LLG-CIMB NIAGA PT.CLASSIC FINE FO 5210321414, 521032 1415
2300018157;KR OTOMATIS LLG-CIMB NIAGA SYA PT.ESPAY DEBIT IND EDIK-22187 INV: 52 10314206
2300018157;KR OTOMATIS LLG-CIMB NIAGA SYA PT.ESPAY DEBIT IND EDIK-22195 INV: 52 10344617
2300017084;KR OTOMATIS LLG-CIMB NIAGA SYA PT.ESPAY DEBIT IND EDIK-22201 INV: 52 10339165
2300017084;KR OTOMATIS LLG-CIMB NIAGA SYA PT.ESPAY DEBIT IND EDIK-22194 INV: 52 10346087
PAPAYA;KR OTOMATIS LLG-CIMB NIAGA PT.VICTORY RETAILI REENFIELDS PPY GDS 20250320143854589 9
ALL FRESH;KR OTOMATIS LLG-CIMB NIAGA SYA PT.FRUIT LAND
ALL FRESH;KR OTOMATIS LLG-CIMB NIAGA SYA PT.FRUIT LAND
2300017084;KR OTOMATIS LLG-CIMB NIAGA SYA PT.ESPAY DEBIT IND EDIK-22191 INV: 52 10342762
2300017084;KR OTOMATIS LLG-CIMB NIAGA SYA PT.ESPAY DEBIT IND EDIK-22198 INV: 52 10342434
2300017084;KR OTOMATIS LLG-CIMB NIAGA SYA PT.ESPAY DEBIT IND EDIK-22196 INV: 52 10308663
ALL FRESH;KR OTOMATIS LLG-CIMB NIAGA CV.ALL FRESH
ALL FRESH;KR OTOMATIS LLG-CIMB NIAGA CV.ALL FRESH
2300016045;KR OTOMATIS LLG-CIMB NIAGA PT.KREASI ANUGRAH eli Stock Susu 1L 202503201341522531
2300017882;KR OTOMATIS LLG-CIMB NIAGA PT.MAKEN BANSAN CA GF MILK
DISTRIBUTOR;KR OTOMATIS LLG-CIMB NIAGA PT.PUJI SURYA INDA GF
2300017431;KR OTOMATIS LLG-CIMB NIAGA PT.DUTA SENTOSA YA V.F.DSY.2503.0275 5222499813-MR1 202 503190938522
2300011546;KR OTOMATIS LLG-CIMB NIAGA THE FINANCIAL CLUB reenfields 2025032 01059505204
2300000168;KR OTOMATIS LLG-CIMB NIAGA CV.SARI RASA NUSAN 2025004807-5210320 880
DISTRIBUTOR;KR OTOMATIS LLG-CIMB NIAGA PT.PUJI SURYA INDA GF
2300005696;KR OTOMATIS LLG-CIMB NIAGA PT.MATAHARI PUTRA 46768 202503242039 259485
2300016371;KR OTOMATIS LLG-CIMB NIAGA PT.FKS MANAGEMENT 5210336357
2300015447;KR OTOMATIS LLG-CIMB NIAGA PT.KARTA MAS KENCA 202503251236508896
2300009976;KR OTOMATIS LLG-CIMB NIAGA PT.RUANG MAHA KARY 0000001851 11PI000 2179 031825 B I24 5
2300009976;KR OTOMATIS LLG-CIMB NIAGA PT.RUANG MAHA KARY 0000001851 11PI000 2229 032125 B I24 5
DISTRIBUTOR;KR OTOMATIS LLG-CIMB NIAGA PT.PUJI SURYA INDA GF
2300009976;KR OTOMATIS LLG-CIMB NIAGA PT.RUANG MAHA KARY 0000001851 11PI000 2197 031925 B H55 0
2300009976;KR OTOMATIS LLG-CIMB NIAGA PT.RUANG MAHA KARY 0000001851 11PI000 2196 031925 B H55 0
2300008197;KR OTOMATIS LLG-CIMB NIAGA PT.MENSANA ANEKA P AYMENT FROM AVENZE L HOTEL 2025032708 28521965
2300017084;KR OTOMATIS LLG-CIMB NIAGA SYA PT.ESPAY DEBIT IND EDIK-22240 INV: 52 10345335
2300017882;KR OTOMATIS LLG-CIMB NIAGA PT.MAKEN BANSAN CA GF MILK
DISTRIBUTOR GREENFIELDS;KR OTOMATIS LLG-CIMB NIAGA PT.ANUGRAH BERKAT
2300017431;KR OTOMATIS LLG-CIMB NIAGA PT.DUTA SENTOSA YA V.F.DSY.2503.0495 5222499592-MR1 202 503251555470
2300017431;KR OTOMATIS LLG-CIMB NIAGA PT.DUTA SENTOSA YA V.F.DSY.2503.0428 5222500056-MR1 52 225 20250325
2300018157;KR OTOMATIS LLG-CIMB NIAGA SYA PT.ESPAY DEBIT IND EDIK-22322 INV: 52 10354831
2300018157;KR OTOMATIS LLG-CIMB NIAGA SYA PT.ESPAY DEBIT IND EDIK-22323 INV: 52 10322642
ALL FRESH;KR OTOMATIS LLG-CIMB NIAGA CV.ALL FRESH
ALL FRESH;KR OTOMATIS LLG-CIMB NIAGA SYA PT.FRUIT LAND
ALL FRESH;KR OTOMATIS LLG-CIMB NIAGA SYA PT.FRUIT LAND
ALL FRESH;KR OTOMATIS LLG-CIMB NIAGA CV.ALL FRESH
ALL FRESH;KR OTOMATIS LLG-CIMB NIAGA SYA PT.FRESH ONE pot promo feb 2025 1.238.760+6.315. 012
ALL FRESH;KR OTOMATIS LLG-CIMB NIAGA SYA PT.FRESH ONE
2300017882;KR OTOMATIS LLG-CIMB NIAGA PT.MAKEN BANSAN CA GF MILK
DISTRIBUTOR;KR OTOMATIS LLG-CIMB NIAGA PT.PUJI SURYA INDA GF
DISTRIBUTOR;KR OTOMATIS LLG-CIMB NIAGA PT.PUJI SURYA INDA GF
DISTRIBUTOR;KR OTOMATIS LLG-CIMB NIAGA PT.PUJI SURYA INDA GF
DISTRIBUTOR;KR OTOMATIS LLG-CIMB NIAGA PT.PUJI SURYA INDA GF
ALL FRESH;KR OTOMATIS LLG-CIMB NIAGA SYA PT.FRUIT LAND
ALL FRESH;KR OTOMATIS LLG-CIMB NIAGA SYA PT.FRUIT LAND
ALL FRESH;KR OTOMATIS LLG-CIMB NIAGA CV.ALL FRESH
ALL FRESH;KR OTOMATIS LLG-CIMB NIAGA CV.ALL FRESH
2300011741;KR OTOMATIS LLG-CIMB NIAGA PT.INDO KORDSA 012// 5210345771( 1138800) 202504080 839015918
ALL FRESH;KR OTOMATIS LLG-CIMB NIAGA SYA PT.FRESH ONE
ALL FRESH;KR OTOMATIS LLG-CIMB NIAGA SYA PT.FRESH ONE
2300005696;KR OTOMATIS LLG-CIMB NIAGA PT.MATAHARI PUTRA 46768 202504101000 544705
2300003094;KR OTOMATIS LLG-CIMB NIAGA CV.CAHAYA SAKTI 0000007550 A000150 02 031225 B I245
2300000168;KR OTOMATIS LLG-CIMB NIAGA CV.SARI RASA NUSAN 2025006587-5210358 700
DISTRIBUTOR GREENFIELDS;KR OTOMATIS LLG-CIMB NIAGA PT.CLASSIC FINE FO 5210332147, 521033 2148, 5210332149, 5210
2300005696;KR OTOMATIS LLG-CIMB NIAGA PT.MATAHARI PUTRA 45422 202504101000 544705
PAPAYA;KR OTOMATIS LLG-CIMB NIAGA PT.VICTORY RETAILI REENFIELDS PPY GDS 20250410150618240 5
2300000925;KR OTOMATIS LLG-CIMB NIAGA PT.PRIMA ISMAYA SE BILL0090008754 BIL L0090008745 BILL0 09000
2300016371;KR OTOMATIS LLG-CIMB NIAGA PT.FKS MANAGEMENT
2300000168;KR OTOMATIS LLG-CIMB NIAGA CV.SARI RASA NUSAN 2025006524-5210360 998
DISTRIBUTOR;KR OTOMATIS LLG-CIMB NIAGA PT.PUJI SURYA INDA GF
2300009976;KR OTOMATIS LLG-CIMB NIAGA PT.RUANG MAHA KARY 0000001902 11PI000 2291 040825 B I24 5
2300013695;KR OTOMATIS LLG-CIMB NIAGA PT.KUDO TEKNOLOGI PG_TXN: 1916.00000
2300008197;KR OTOMATIS LLG-CIMB NIAGA PT.MENSANA ANEKA P AYMENT FROM AVENZE L HOTEL 2025041615 20474312
ALL FRESH;KR OTOMATIS LLG-CIMB NIAGA SYA PT.FRUIT LAND
ALL FRESH;KR OTOMATIS LLG-CIMB NIAGA SYA PT.FRUIT LAND
ALL FRESH;KR OTOMATIS LLG-CIMB NIAGA CV.ALL FRESH
ALL FRESH;KR OTOMATIS LLG-CIMB NIAGA CV.ALL FRESH
PAPAYA;KR OTOMATIS LLG-CIMB NIAGA PT.VICTORY RETAILI REENFIELDS PPY GDS 20250417103458853 4
DISTRIBUTOR GREENFIELDS;KR OTOMATIS LLG-CIMB NIAGA PT.CLASSIC FINE FO 5210347143, 521034 7144, 5210347145, 5210
ALL FRESH;KR OTOMATIS LLG-CIMB NIAGA SYA PT.FRESH ONE
ALL FRESH;KR OTOMATIS LLG-CIMB NIAGA SYA PT.FRESH ONE
2300000925;KR OTOMATIS LLG-CIMB NIAGA PT.PRIMA ISMAYA SE BILL0090011485 BIL L0090011484
2300011989;KR OTOMATIS LLG-CIMB NIAGA PT.MAKO ANUGERAH K 202504141010318051
2300016045;KR OTOMATIS LLG-CIMB NIAGA PT.KREASI ANUGRAH NV1210368748 Pembe lian Whipcream 1 k ar 202504171
2300000168;KR OTOMATIS LLG-CIMB NIAGA CV.SARI RASA NUSAN 2025007334-5210367 240
2300017882;KR OTOMATIS LLG-CIMB NIAGA PT.MAKEN BANSAN CA GF MILK
2300000727;KR OTOMATIS LLG-CIMB NIAGA PT.BAKTIABADI INTI
DISTRIBUTOR GREENFIELDS;KR OTOMATIS LLG-CIMB NIAGA PT.ANUGRAH BERKAT
DISTRIBUTOR;KR OTOMATIS LLG-CIMB NIAGA PT.PUJI SURYA INDA GF
DISTRIBUTOR GREENFIELDS;KR OTOMATIS LLG-CIMB NIAGA PT.ANUGRAH BERKAT
2300015911;KR OTOMATIS LLG-CIMB NIAGA PT.UNITED MEDIA OR B2501-043 20250421 1740335599
2300015911;KR OTOMATIS LLG-CIMB NIAGA PT.UNITED MEDIA OR B2501-090 20250421 1740335599
2300009976;KR OTOMATIS LLG-CIMB NIAGA PT.RUANG MAHA KARY 0000001944 11PI000 2364 041625 B I24 5
2300009976;KR OTOMATIS LLG-CIMB NIAGA PT.RUANG MAHA KARY 0000001944 11PI000 2363 041625 B H55 0
2300016045;KR OTOMATIS LLG-CIMB NIAGA PT.KREASI ANUGRAH NV1210373990 Beli Stock Susu 1L 2025 042411241265
PAPAYA;KR OTOMATIS LLG-CIMB NIAGA PT.VICTORY RETAILI REENFIELDS PPY GDS 20250424141443317 4
2300005696;KR OTOMATIS LLG-CIMB NIAGA PT.MATAHARI PUTRA 46768 202504251001 030579
2300017882;KR OTOMATIS LLG-CIMB NIAGA PT.MAKEN BANSAN CA GF MILK
2300011989;KR OTOMATIS LLG-CIMB NIAGA PT.MAKO ANUGERAH K 202504211015106006
2300011989;KR OTOMATIS LLG-CIMB NIAGA PT.MAKO ANUGERAH K 202504211020106269
2300004640;KR OTOMATIS LLG-CIMB NIAGA SYA PT.JCO DONUT AND C
2300005696;KR OTOMATIS LLG-CIMB NIAGA PT.MATAHARI PUTRA 45422 202504251001 030579
2300011546;KR OTOMATIS LLG-CIMB NIAGA THE FINANCIAL CLUB reenfields 2025042 21254170196
2300000168;KR OTOMATIS LLG-CIMB NIAGA CV.SARI RASA NUSAN 2025007787-5210377 562
2300006333;KR OTOMATIS LLG-CIMB NIAGA PT.PUJI SURYA INDA GF
2300006328;KR OTOMATIS LLG-CIMB NIAGA PT.ANUGRAH BERKAT
2300009976;KR OTOMATIS LLG-CIMB NIAGA PT.RUANG MAHA KARY 0000001955 11PI000 2394 042225 B I24 5
2300000168;KR OTOMATIS LLG-CIMB NIAGA CV.SARI RASA NUSAN 2025008005-5210369 377
2300003094;KR OTOMATIS LLG-CIMB NIAGA CV.CAHAYA SAKTI 0000007567 A000150 33 031825 B I245
2300009976;KR OTOMATIS LLG-CIMB NIAGA PT.RUANG MAHA KARY 0000001955 11PI000 2395 042225 B H55 0
2300001053;KR OTOMATIS LLG-CIMB NIAGA PT.VICTORY RETAILI REENFIELDS PPY GDS 20250505085832158 7
2300000727;KR OTOMATIS LLG-CIMB NIAGA PT.BAKTIABADI INTI
2300006333;KR OTOMATIS LLG-CIMB NIAGA PT.PUJI SURYA INDA GF
2300018398;KR OTOMATIS LLG-CIMB NIAGA PT.SUMMARECON AGUN PEMBAYARAN KKG
2300000168;KR OTOMATIS LLG-CIMB NIAGA CV.SARI RASA NUSAN 2025008413-5210384 183
2300006328;KR OTOMATIS LLG-CIMB NIAGA PT.ANUGRAH BERKAT
2300008197;KR OTOMATIS LLG-CIMB NIAGA PT.MENSANA ANEKA P AYMENT FROM AVENZE L HOTEL 2025050813 48453698
2300015447;KR OTOMATIS LLG-CIMB NIAGA PT.KARTA MAS KENCA 202505071522122271
2300001053;KR OTOMATIS LLG-CIMB NIAGA PT.VICTORY RETAILI REENFIELDS PPY GDS 20250508142017519 7
2300003727;KR OTOMATIS LLG-CIMB NIAGA SYA PT.FRUIT LAND
2300003727;KR OTOMATIS LLG-CIMB NIAGA SYA PT.FRUIT LAND
2300004580;KR OTOMATIS LLG-CIMB NIAGA CV.ALL FRESH
2300004580;KR OTOMATIS LLG-CIMB NIAGA CV.ALL FRESH
2300003726;KR OTOMATIS LLG-CIMB NIAGA SYA PT.FRESH ONE pot promo mar 2025 8.109.660
2300003726;KR OTOMATIS LLG-CIMB NIAGA SYA PT.FRESH ONE
2300018157;KR OTOMATIS LLG-CIMB NIAGA SYA PT.ESPAY DEBIT IND EDIK-22531 INV: 52 10367960
2300017084;KR OTOMATIS LLG-CIMB NIAGA SYA PT.ESPAY DEBIT IND EDIK-22533 INV: 52 10296166
2300018157;KR OTOMATIS LLG-CIMB NIAGA SYA PT.ESPAY DEBIT IND EDIK-22611 INV: 52 10388574
2300018157;KR OTOMATIS LLG-CIMB NIAGA SYA PT.ESPAY DEBIT IND EDIK-22592 INV: 52 10381203
2300013695;KR OTOMATIS LLG-CIMB NIAGA PT.KUDO TEKNOLOGI PG_TXN: 6045.00000
2300005696;KR OTOMATIS LLG-CIMB NIAGA PT.MATAHARI PUTRA 46768 202505131815 321050
2300003094;KR OTOMATIS LLG-CIMB NIAGA CV.CAHAYA SAKTI 0000007601 A000151 37 042125 B I245
2300005696;KR OTOMATIS LLG-CIMB NIAGA PT.MATAHARI PUTRA 45422 202505131815 321050
2300006328;KR OTOMATIS LLG-CIMB NIAGA PT.ANUGRAH BERKAT
2300000925;KR OTOMATIS LLG-CIMB NIAGA PT.PRIMA ISMAYA SE BILL0090014533 BIL L0090014532
2300016045;KR OTOMATIS LLG-CIMB NIAGA PT.KREASI ANUGRAH NV1210392954 Beli Stock Susu 1L 2025 051513381580
2300001053;KR OTOMATIS LLG-CIMB NIAGA PT.VICTORY RETAILI REENFIELDS PPY GDS 20250515160012504 2
2300004580;KR OTOMATIS LLG-CIMB NIAGA CV.ALL FRESH
2300003727;KR OTOMATIS LLG-CIMB NIAGA SYA PT.FRUIT LAND
2300017882;KR OTOMATIS LLG-CIMB NIAGA PT.MAKEN BANSAN CA GF MILK
2300011989;KR OTOMATIS LLG-CIMB NIAGA PT.MAKO ANUGERAH K 202505141010088249
2300004640;KR OTOMATIS LLG-CIMB NIAGA PT.JCO DONUT AND C 202505141010358287
2300013695;KR OTOMATIS LLG-CIMB NIAGA PT.KUDO TEKNOLOGI PG_TXN: 7111.00000
2300000727;KR OTOMATIS LLG-CIMB NIAGA PT.BAKTIABADI INTI
2300013695;KR OTOMATIS LLG-CIMB NIAGA PT.KUDO TEKNOLOGI PG_TXN: 7065.00000
2300006333;KR OTOMATIS LLG-CIMB NIAGA PT.PUJI SURYA INDA GF
2300015447;KR OTOMATIS LLG-CIMB NIAGA PT.KARTA MAS KENCA 202505211107443680
2300000925;KR OTOMATIS LLG-CIMB NIAGA PT.PRIMA ISMAYA SE BILL0090015298 BIL L0090015297
2300008197;KR OTOMATIS LLG-CIMB NIAGA PT.MENSANA ANEKA P AYMENT FROM AVENZE L HOTEL 2025052208 55372221
2300015911;KR OTOMATIS LLG-CIMB NIAGA PT.UNITED MEDIA OR B2504-148 20250522 1717302952
2300001053;KR OTOMATIS LLG-CIMB NIAGA PT.VICTORY RETAILI REENFIELDS PPY GDS 20250522154016999 9
2300015911;KR OTOMATIS LLG-CIMB NIAGA PT.UNITED MEDIA OR B2504-233 20250522 1717302952
2300015911;KR OTOMATIS LLG-CIMB NIAGA PT.UNITED MEDIA OR B2503-536 20250522 1717302952
2300003726;KR OTOMATIS LLG-CIMB NIAGA SYA PT.FRESH ONE
2300003726;KR OTOMATIS LLG-CIMB NIAGA SYA PT.FRESH ONE
2300017882;KR OTOMATIS LLG-CIMB NIAGA PT.MAKEN BANSAN CA GF MILK
2000000373;KR OTOMATIS LLG-CIMB NIAGA PT.AGEL LANGGENG Inv No. 5210376195
2300004640;KR OTOMATIS LLG-CIMB NIAGA PT.JCO DONUT AND C 202505190945108020
2300006328;KR OTOMATIS LLG-CIMB NIAGA PT.ANUGRAH BERKAT
2300005696;KR OTOMATIS LLG-CIMB NIAGA PT.MATAHARI PUTRA 46768 202505260950 558494
2300013695;KR OTOMATIS LLG-CIMB NIAGA PT.KUDO TEKNOLOGI PG_TXN: 7854.00000
2300011546;KR OTOMATIS LLG-CIMB NIAGA THE FINANCIAL CLUB reenfields 2025052 71039181198
2300003094;KR OTOMATIS LLG-CIMB NIAGA CV.CAHAYA SAKTI 0000007628 A000151 87 050625 B I245
2300018157;KR OTOMATIS LLG-CIMB NIAGA SYA PT.ESPAY DEBIT IND EDIK-22823 INV: 52 10395952
2300005696;KR OTOMATIS LLG-CIMB NIAGA PT.MATAHARI PUTRA 45422 202505280944 119730
2300018398;KR OTOMATIS LLG-CIMB NIAGA PT.SUMMARECON AGUN PEMBAYARAN KKG 02/ 06/2025
2300004580;KR OTOMATIS LLG-CIMB NIAGA CV.ALL FRESH
2300004580;KR OTOMATIS LLG-CIMB NIAGA CV.ALL FRESH
2300017882;KR OTOMATIS LLG-CIMB NIAGA PT.MAKEN BANSAN CA GF MILK
2300004640;KR OTOMATIS LLG-CIMB NIAGA PT.JCO DONUT AND C 202505261000129079
2300011989;KR OTOMATIS LLG-CIMB NIAGA PT.MAKO ANUGERAH K 202505261010279661
2300013695;KR OTOMATIS LLG-CIMB NIAGA PT.KUDO TEKNOLOGI PG_TXN: 8361.00000
2300000168;KR OTOMATIS LLG-CIMB NIAGA CV.SARI RASA NUSAN 2025010332-5210413 494
2300000925;KR OTOMATIS LLG-CIMB NIAGA PT.PRIMA ISMAYA SE BILL0090016329 BIL L0090016328
2300011741;KR OTOMATIS LLG-CIMB NIAGA PT.INDO KORDSA 012// 5210383279( 1138800) 52103766 74 20250530
2300016045;KR OTOMATIS LLG-CIMB NIAGA PT.KREASI ANUGRAH NV1210411986 Beli Stock Susu 1L 2025 060510271457
2300009976;KR OTOMATIS LLG-CIMB NIAGA PT.RUANG MAHA KARY 0000002021 11PI000 2624 052325 B I24 5
2300016965;KR OTOMATIS LLG-CIMB NIAGA PT.KURETAKESO HOTE WT/GDI-IND0/2025/0 5/1077404 20250530 1313501336
2300009976;KR OTOMATIS LLG-CIMB NIAGA PT.RUANG MAHA KARY 0000002021 11PI000 2625 052325 B H55 0
2300005696;KR OTOMATIS LLG-CIMB NIAGA PT.MATAHARI PUTRA 46768 202506100951 171522
2300017882;KR OTOMATIS LLG-CIMB NIAGA PT.MAKEN BANSAN CA GF MILK
2300018157;KR OTOMATIS LLG-CIMB NIAGA SYA PT.ESPAY DEBIT IND EDIK-22925 INV: 52 10403230
2300001053;KR OTOMATIS LLG-CIMB NIAGA PT.VICTORY RETAILI REENFIELDS PPY GDS 20250610081100688 3
2300013695;KR OTOMATIS LLG-CIMB NIAGA PT.KUDO TEKNOLOGI PG_TXN: 9485.00000
2300005696;KR OTOMATIS LLG-CIMB NIAGA PT.MATAHARI PUTRA 45422 202506100951 171522
2300004580;KR OTOMATIS LLG-CIMB NIAGA CV.ALL FRESH
2300003947;KR OTOMATIS LLG-CIMB NIAGA CV.AGROPOLITAN NUS POT JASA PROMO PER IODE APR 11.677. 200
2300003947;KR OTOMATIS LLG-CIMB NIAGA CV.AGROPOLITAN NUS
2300004580;KR OTOMATIS LLG-CIMB NIAGA CV.ALL FRESH
2300003727;KR OTOMATIS LLG-CIMB NIAGA SYA PT.FRUIT LAND
2300003727;KR OTOMATIS LLG-CIMB NIAGA SYA PT.FRUIT LAND
2300015567;KR OTOMATIS LLG-CIMB NIAGA SYA CV.REMPAH TANI BER Faktur no. N874365 4
2300015567;KR OTOMATIS LLG-CIMB NIAGA SYA CV.REMPAH TANI BER Faktur no. N862847 0
2300000925;KR OTOMATIS LLG-CIMB NIAGA PT.PRIMA ISMAYA SE BILL0090018098 BIL L0090018097
2300016045;KR OTOMATIS LLG-CIMB NIAGA PT.KREASI ANUGRAH eli Stock Susu 1L Whipcream 202506 121136361636
2300015447;KR OTOMATIS LLG-CIMB NIAGA PT.KARTA MAS KENCA 202506121802295330
2300008197;KR OTOMATIS LLG-CIMB NIAGA PT.MENSANA ANEKA P AYMENT FROM AVENZE L HOTEL 2025061308 41248270
2300000168;KR OTOMATIS LLG-CIMB NIAGA CV.SARI RASA NUSAN 2025010808-5210419 527
2300000727;KR OTOMATIS LLG-CIMB NIAGA PT.BAKTIABADI INTI
2300006328;KR OTOMATIS LLG-CIMB NIAGA PT.ANUGRAH BERKAT
2300013695;KR OTOMATIS LLG-CIMB NIAGA PT.KUDO TEKNOLOGI PG_TXN: 10933.0000 0
2300013695;KR OTOMATIS LLG-CIMB NIAGA PT.KUDO TEKNOLOGI PG_TXN: 10977.0000 0
2300003094;KR OTOMATIS LLG-CIMB NIAGA CV.CAHAYA SAKTI 0000007646 A000152 78 061025 B I245
2300003727;KR OTOMATIS LLG-CIMB NIAGA SYA PT.FRUIT LAND
2300004580;KR OTOMATIS LLG-CIMB NIAGA CV.ALL FRESH
2300004580;KR OTOMATIS LLG-CIMB NIAGA CV.ALL FRESH
2300003947;KR OTOMATIS LLG-CIMB NIAGA CV.AGROPOLITAN NUS
2300003947;KR OTOMATIS LLG-CIMB NIAGA CV.AGROPOLITAN NUS
2300018157;KR OTOMATIS LLG-CIMB NIAGA SYA PT.ESPAY DEBIT IND EDIK-23072 INV: 52 10411318
2300000925;KR OTOMATIS LLG-CIMB NIAGA PT.PRIMA ISMAYA SE BILL0090019078 BIL L0090019077
2300008197;KR OTOMATIS LLG-CIMB NIAGA PT.MENSANA ANEKA P AYMENT FROM AVENZE L HOTEL 2025061908 31346767
2300017882;KR OTOMATIS LLG-CIMB NIAGA PT.MAKEN BANSAN CA GF MILK
2300004640;KR OTOMATIS LLG-CIMB NIAGA PT.JCO DONUT AND C 202506161120190558
2300006328;KR OTOMATIS LLG-CIMB NIAGA PT.ANUGRAH BERKAT
2300006328;KR OTOMATIS LLG-CIMB NIAGA PT.ANUGRAH BERKAT
2300000168;KR OTOMATIS LLG-CIMB NIAGA CV.SARI RASA NUSAN 2025011386-KWT/GDI -INDO/2025/0
2300006328;KR OTOMATIS LLG-CIMB NIAGA PT.ANUGRAH BERKAT
2300005696;KR OTOMATIS LLG-CIMB NIAGA PT.MATAHARI PUTRA 46768 202506250956 403913
2300009976;KR OTOMATIS LLG-CIMB NIAGA PT.RUANG MAHA KARY 0000002112 11PI000 2801 061625 B I24 5
2300009976;KR OTOMATIS LLG-CIMB NIAGA PT.RUANG MAHA KARY 0000002112 11PI000 2799 061625 B I24 5
2300009976;KR OTOMATIS LLG-CIMB NIAGA PT.RUANG MAHA KARY 0000002112 11PI000 2802 061625 B I24 5
2300009976;KR OTOMATIS LLG-CIMB NIAGA PT.RUANG MAHA KARY 0000002112 11PI000 2800 061625 B I24 5
2300009976;KR OTOMATIS LLG-CIMB NIAGA PT.RUANG MAHA KARY 0000002112 11PI000 2798 061625 B I24 5
2300016045;KR OTOMATIS LLG-CIMB NIAGA PT.KREASI ANUGRAH NV121041105 Beli S tock Susu Freshmi lk 20250626
2300001053;KR OTOMATIS LLG-CIMB NIAGA PT.VICTORY RETAILI REENFIELDS PPY GDS 20250626133116853 8
2300000168;KR OTOMATIS LLG-CIMB NIAGA CV.SARI RASA NUSAN 2025012056-5210430 041
2300017882;KR OTOMATIS LLG-CIMB NIAGA PT.MAKEN BANSAN CA GF MILK
2300011546;KR OTOMATIS LLG-CIMB NIAGA THE FINANCIAL CLUB reenfields 2025063 01050367840
2300004640;KR OTOMATIS LLG-CIMB NIAGA PT.JCO DONUT AND C 202506231020087792
2300005337;KR OTOMATIS LLG-CIMB NIAGA PT.SUMMARECON AGUN PEMBAYARAN KKG
2300013695;KR OTOMATIS LLG-CIMB NIAGA PT.KUDO TEKNOLOGI PG_TXN: 12328.0000 0
2300000875;KR OTOMATIS LLG-CIMB NIAGA PT.MATAHARI PUTRA 45422 202507010922 148460
2300013695;KR OTOMATIS LLG-CIMB NIAGA PT.KUDO TEKNOLOGI PG_TXN: 12384.0000 0
2300006328;KR OTOMATIS LLG-CIMB NIAGA PT.ANUGRAH BERKAT
2300003947;KR OTOMATIS LLG-CIMB NIAGA CV.AGROPOLITAN NUS pot rafaksi promo mei 2025 9.523.9 11
2300003727;KR OTOMATIS LLG-CIMB NIAGA SYA PT.FRUIT LAND
2300003727;KR OTOMATIS LLG-CIMB NIAGA SYA PT.FRUIT LAND
2300004580;KR OTOMATIS LLG-CIMB NIAGA CV.ALL FRESH
2300004580;KR OTOMATIS LLG-CIMB NIAGA CV.ALL FRESH
2300003947;KR OTOMATIS LLG-CIMB NIAGA CV.AGROPOLITAN NUS
2300003094;KR OTOMATIS LLG-CIMB NIAGA CV.CAHAYA SAKTI 0000007656 A000153 24 061625 B I245
2300009976;KR OTOMATIS LLG-CIMB NIAGA PT.RUANG MAHA KARY 0000002128 11PI000 2864 062325 B I24 5
2300000727;KR OTOMATIS LLG-CIMB NIAGA PT.BAKTIABADI INTI
2300009976;KR OTOMATIS LLG-CIMB NIAGA PT.RUANG MAHA KARY 0000002128 11PI000 2863 062325 B H55 0
2300015447;KR OTOMATIS LLG-CIMB NIAGA PT.KARTA MAS KENCA 202507021722184567
2300000168;KR OTOMATIS LLG-CIMB NIAGA CV.SARI RASA NUSAN 2025012055-5210437 543
2300006328;KR OTOMATIS LLG-CIMB NIAGA PT.ANUGRAH BERKAT
2300001053;KR OTOMATIS LLG-CIMB NIAGA PT.VICTORY RETAILI REENFIELDS PPY GDS 20250703140425183 4
2300008197;KR OTOMATIS LLG-CIMB NIAGA PT.MENSANA ANEKA P AYMENT FROM AVENZE L HOTEL 2025070407 19412243
2300017882;KR OTOMATIS LLG-CIMB NIAGA PT.MAKEN BANSAN CA GF MILK
2300011741;KR OTOMATIS LLG-CIMB NIAGA PT.INDO KORDSA 012// 5210410831( 911040) 521041109 2 20250626
2300013695;KR OTOMATIS LLG-CIMB NIAGA PT.KUDO TEKNOLOGI PG_TXN: 13794.0000 0
2300017084;KR OTOMATIS LLG-CIMB NIAGA SYA PT.ESPAY DEBIT IND EDIK-23133 INV: 52 10421804
2300017084;KR OTOMATIS LLG-CIMB NIAGA SYA PT.ESPAY DEBIT IND EDIK-23256 INV: 52 10440398
2300009976;KR OTOMATIS LLG-CIMB NIAGA PT.RUANG MAHA KARY 0000002143 11PI000 2921 063025 B I24 5
2300009976;KR OTOMATIS LLG-CIMB NIAGA PT.RUANG MAHA KARY 0000002143 11PI000 2975 070425 B I24 5
2300009976;KR OTOMATIS LLG-CIMB NIAGA PT.RUANG MAHA KARY 0000002143 11PI000 2971 070425 B H55 0
2300009976;KR OTOMATIS LLG-CIMB NIAGA PT.RUANG MAHA KARY 0000002143 11PI000 2922 063025 B H55 0
2300006554;KR OTOMATIS LLG-CIMB NIAGA PT.PRIMA ISMAYA SE BILL0090023124 BIL L0090023123
2300000875;KR OTOMATIS LLG-CIMB NIAGA PT.MATAHARI PUTRA 46768 202507100951 478130
2300004580;KR OTOMATIS LLG-CIMB NIAGA CV.ALL FRESH
2300004580;KR OTOMATIS LLG-CIMB NIAGA CV.ALL FRESH
2300003727;KR OTOMATIS LLG-CIMB NIAGA SYA PT.FRUIT LAND
2300000875;KR OTOMATIS LLG-CIMB NIAGA SYA PT.FRUIT LAND
2300003947;KR OTOMATIS LLG-CIMB NIAGA CV.AGROPOLITAN NUS
2300003947;KR OTOMATIS LLG-CIMB NIAGA CV.AGROPOLITAN NUS
2300016045;KR OTOMATIS LLG-CIMB NIAGA PT.KREASI ANUGRAH NV1210456023 Beli Stock Susu Freshm ilk 20250710
2300009192;KR OTOMATIS LLG-CIMB NIAGA PT.CLASSIC FINE FO 5210422772, 521042 2773, 5210428521, 521
2300003727;KR OTOMATIS LLG-CIMB NIAGA SYA PT.FRUIT LAND
2300000875;KR OTOMATIS LLG-CIMB NIAGA PT.MATAHARI PUTRA 45422 202507100951 478130
2300006328;KR OTOMATIS LLG-CIMB NIAGA PT.ANUGRAH BERKAT
2300008197;KR OTOMATIS LLG-CIMB NIAGA PT.MENSANA ANEKA P AYMENT FROM AVENZE L HOTEL 2025070918 04491638
2300001053;KR OTOMATIS LLG-CIMB NIAGA PT.VICTORY RETAILI REENFIELDS PPY GDS 20250710152738424 4
2300017882;KR OTOMATIS LLG-CIMB NIAGA PT.MAKEN BANSAN CA GF MILK
2300006333;KR OTOMATIS LLG-CIMB NIAGA PT.PUJI SURYA INDA GF
2300006328;KR OTOMATIS LLG-CIMB NIAGA PT.ANUGRAH BERKAT
2300011989;KR OTOMATIS LLG-CIMB NIAGA PT.MAKO ANUGERAH K 202507071050404110
2300016731;KR OTOMATIS LLG-CIMB NIAGA SYA PT.BERKAH KAYARASA Faktur no. 5222500 525
2300013695;KR OTOMATIS LLG-CIMB NIAGA PT.KUDO TEKNOLOGI PG_TXN: 14728.0000 0
2300000168;KR OTOMATIS LLG-CIMB NIAGA CV.SARI RASA NUSAN 2025012751-5210450 007
2300006333;KR OTOMATIS LLG-CIMB NIAGA PT.PUJI SURYA INDA GF
2300013695;KR OTOMATIS LLG-CIMB NIAGA PT.KUDO TEKNOLOGI PG_TXN: 15237.0000 0
2300006333;KR OTOMATIS LLG-CIMB NIAGA PT.PUJI SURYA INDA GF
2300006554;KR OTOMATIS LLG-CIMB NIAGA PT.PRIMA ISMAYA SE BILL0090023082 BIL L0090023081
2300008197;KR OTOMATIS LLG-CIMB NIAGA PT.MENSANA ANEKA P AYMENT FROM AVENZE L HOTEL 2025071707 38291108
2300003727;KR OTOMATIS LLG-CIMB NIAGA SYA PT.FRUIT LAND
2300003727;KR OTOMATIS LLG-CIMB NIAGA SYA PT.FRUIT LAND
2300004580;KR OTOMATIS LLG-CIMB NIAGA CV.ALL FRESH
2300004580;KR OTOMATIS LLG-CIMB NIAGA CV.ALL FRESH
2300003947;KR OTOMATIS LLG-CIMB NIAGA CV.AGROPOLITAN NUS
2300003947;KR OTOMATIS LLG-CIMB NIAGA CV.AGROPOLITAN NUS
2300001053;KR OTOMATIS LLG-CIMB NIAGA PT.VICTORY RETAILI REENFIELDS PPY GDS 20250717143246676 7
2300006333;KR OTOMATIS LLG-CIMB NIAGA PT.PUJI SURYA INDA GF
2300006328;KR OTOMATIS LLG-CIMB NIAGA PT.ANUGRAH BERKAT
2300017882;KR OTOMATIS LLG-CIMB NIAGA PT.MAKEN BANSAN CA GF MILK
2000000373;KR OTOMATIS LLG-CIMB NIAGA PT.AGEL LANGGENG Inv No. 5210423316 , 5210429792
2300013695;KR OTOMATIS LLG-CIMB NIAGA PT.KUDO TEKNOLOGI PG_TXN: 16781.0000 0
2300009976;KR OTOMATIS LLG-CIMB NIAGA PT.RUANG MAHA KARY 0000002163 11PI000 3025 071125 B I24 5
2300013695;KR OTOMATIS LLG-CIMB NIAGA PT.KUDO TEKNOLOGI PG_TXN: 16704.0000 0
2300006333;KR OTOMATIS LLG-CIMB NIAGA PT.PUJI SURYA INDA GF
2300000727;KR OTOMATIS LLG-CIMB NIAGA PT.BAKTIABADI INTI
2300009976;KR OTOMATIS LLG-CIMB NIAGA PT.RUANG MAHA KARY 0000002163 11PI000 3024 071125 B H55 0
2300000925;KR OTOMATIS LLG-CIMB NIAGA PT.PRIMA ISMAYA SE BILL0090024229 BIL L0090024228
2300000168;KR OTOMATIS LLG-CIMB NIAGA CV.SARI RASA NUSAN 2025013947-5210458 589
2300006328;KR OTOMATIS LLG-CIMB NIAGA PT.ANUGRAH BERKAT
2300016045;KR OTOMATIS LLG-CIMB NIAGA PT.KREASI ANUGRAH eli Stock Susu 1L 202507241603531946
2300000875;KR OTOMATIS LLG-CIMB NIAGA PT.MATAHARI PUTRA 46768 202507250939 352971
2300017882;KR OTOMATIS LLG-CIMB NIAGA PT.MAKEN BANSAN CA GF MILK
2300016371;KR OTOMATIS LLG-CIMB NIAGA PT.FKS MANAGEMENT
2300000168;KR OTOMATIS LLG-CIMB NIAGA CV.SARI RASA NUSAN 2025013949-5210464 070
2300006333;KR OTOMATIS LLG-CIMB NIAGA PT.PUJI SURYA INDA GF
2300011546;KR OTOMATIS LLG-CIMB NIAGA THE FINANCIAL CLUB reenfields 2025072 81547070229
2300015447;KR OTOMATIS LLG-CIMB NIAGA PT.KARTA MAS KENCA 202507281843424717
2300003727;KR OTOMATIS LLG-CIMB NIAGA SYA PT.FRUIT LAND
2300003727;KR OTOMATIS LLG-CIMB NIAGA SYA PT.FRUIT LAND
2300004580;KR OTOMATIS LLG-CIMB NIAGA CV.ALL FRESH
2300004580;KR OTOMATIS LLG-CIMB NIAGA CV.ALL FRESH
2300003947;KR OTOMATIS LLG-CIMB NIAGA CV.AGROPOLITAN NUS
2300009976;KR OTOMATIS LLG-CIMB NIAGA PT.RUANG MAHA KARY 0000002181 11PI000 3098 071825 B I24 5
2300015567;KR OTOMATIS LLG-CIMB NIAGA SYA CV.REMPAH TANI BER Faktur no. N884024 8
2300009976;KR OTOMATIS LLG-CIMB NIAGA PT.RUANG MAHA KARY 0000002181 11PI000 3099 071825 B H55 0
2300000925;KR OTOMATIS LLG-CIMB NIAGA PT.PRIMA ISMAYA SE BILL0090025759 BIL L0090025758
2300001053;KR OTOMATIS LLG-CIMB NIAGA PT.VICTORY RETAILI REENFIELDS PPY GDS 20250731133517774 1
2300015567;KR OTOMATIS LLG-CIMB NIAGA SYA CV.REMPAH TANI BER INV No N8934644
refund;KR OTOMATIS LLG-CIMB NIAGA PT.GREENFIELDS IND PG_TXN: 2025100000 915702.2025100000 9157
2300005337;KR OTOMATIS LLG-CIMB NIAGA PT.SUMMARECON AGUN PEMBAYARAN DARI KK G
2300004640;KR OTOMATIS LLG-CIMB NIAGA PT.JCO DONUT AND C 202507281135128708
2300011741;KR OTOMATIS LLG-CIMB NIAGA PT.INDO KORDSA 012// 5210443410( 2277600) 202507290 852137968
2300013695;KR OTOMATIS LLG-CIMB NIAGA PT.KUDO TEKNOLOGI PG_TXN: 18631.0000 0
2300013695;KR OTOMATIS LLG-CIMB NIAGA PT.KUDO TEKNOLOGI PG_TXN: 18530.0000 0
2300006554;KR OTOMATIS LLG-CIMB NIAGA PT.PRIMA ISMAYA SE BILL0090026342 BIL L0090026341
2300015447;KR OTOMATIS LLG-CIMB NIAGA PT.KARTA MAS KENCA 202508061912565243
2300009976;KR OTOMATIS LLG-CIMB NIAGA PT.RUANG MAHA KARY 0000002192 11PI000 3227 080125 B I24 5
2300009976;KR OTOMATIS LLG-CIMB NIAGA PT.RUANG MAHA KARY 0000002192 11PI000 3181 072525 B I24 5
2300000168;KR OTOMATIS LLG-CIMB NIAGA CV.SARI RASA NUSAN 2025014464-5210471 732
2300009976;KR OTOMATIS LLG-CIMB NIAGA PT.RUANG MAHA KARY 0000002192 11PI000 3180 072525 B H55 0
2300001053;KR OTOMATIS LLG-CIMB NIAGA PT.VICTORY RETAILI REENFIELDS PPY GDS 20250807132838025 0
2300003727;KR OTOMATIS LLG-CIMB NIAGA SYA PT.FRUIT LAND
2300003727;KR OTOMATIS LLG-CIMB NIAGA SYA PT.FRUIT LAND
2300016045;KR OTOMATIS LLG-CIMB NIAGA PT.KREASI ANUGRAH eli Stock Susu 1L 202508071152467378
2300003947;KR OTOMATIS LLG-CIMB NIAGA CV.AGROPOLITAN NUS
2300003947;KR OTOMATIS LLG-CIMB NIAGA CV.AGROPOLITAN NUS
2300004580;KR OTOMATIS LLG-CIMB NIAGA CV.ALL FRESH
2300004580;KR OTOMATIS LLG-CIMB NIAGA CV.ALL FRESH
2300017882;KR OTOMATIS LLG-CIMB NIAGA PT.MAKEN BANSAN CA GF MILK
2300006328;KR OTOMATIS LLG-CIMB NIAGA PT.ANUGRAH BERKAT
2300000875;KR OTOMATIS LLG-CIMB NIAGA PT.MATAHARI PUTRA 46768 202508110922 100272
2300006333;KR OTOMATIS LLG-CIMB NIAGA PT.PUJI SURYA INDA GF
2300006333;KR OTOMATIS LLG-CIMB NIAGA PT.PUJI SURYA INDA GF
2300013695;KR OTOMATIS LLG-CIMB NIAGA PT.KUDO TEKNOLOGI PG_TXN: 19726.0000 0
2300015447;KR OTOMATIS LLG-CIMB NIAGA PT.KARTA MAS KENCA 202508111917313945
2300013695;KR OTOMATIS LLG-CIMB NIAGA PT.KUDO TEKNOLOGI PG_TXN: 19724.0000 0
2300003094;KR OTOMATIS LLG-CIMB NIAGA CV.CAHAYA SAKTI 0000007709 A000154 22 071625 B I245
2300015567;KR OTOMATIS LLG-CIMB NIAGA SYA CV.REMPAH TANI BER Faktur no. N906997 9
2300000925;KR OTOMATIS LLG-CIMB NIAGA PT.PRIMA ISMAYA SE BILL0090027664 BIL L0090027663
2300000168;KR OTOMATIS LLG-CIMB NIAGA CV.SARI RASA NUSAN 2025014465-5210479 805
2300009192;KR OTOMATIS LLG-CIMB NIAGA PT.CLASSIC FINE FO 5210457200, 521045 7201
2300006333;KR OTOMATIS LLG-CIMB NIAGA PT.PUJI SURYA INDA GF
2300000727;KR OTOMATIS LLG-CIMB NIAGA PT.BAKTIABADI INTI
2300001053;KR OTOMATIS LLG-CIMB NIAGA PT.VICTORY RETAILI REENFIELDS PPY GDS 20250814134753795 0
2300017882;KR OTOMATIS LLG-CIMB NIAGA PT.MAKEN BANSAN CA GF MILK
2300011989;KR OTOMATIS LLG-CIMB NIAGA PT.MAKO ANUGERAH K 202508111135257665
2300000168;KR OTOMATIS LLG-CIMB NIAGA CV.SARI RASA NUSAN 2025015316-K002000 13775
2300003727;KR OTOMATIS LLG-CIMB NIAGA SYA PT.FRUIT LAND
2300003727;KR OTOMATIS LLG-CIMB NIAGA SYA PT.FRUIT LAND
2300004580;KR OTOMATIS LLG-CIMB NIAGA CV.ALL FRESH
2300004580;KR OTOMATIS LLG-CIMB NIAGA CV.ALL FRESH
2300003947;KR OTOMATIS LLG-CIMB NIAGA CV.AGROPOLITAN NUS
2300003947;KR OTOMATIS LLG-CIMB NIAGA CV.AGROPOLITAN NUS
2300013695;KR OTOMATIS LLG-CIMB NIAGA PT.KUDO TEKNOLOGI PG_TXN: 21049.0000 0
2300009976;KR OTOMATIS LLG-CIMB NIAGA PT.RUANG MAHA KARY 0000002212 11PI000 3292 080825 B I24 5
2300013695;KR OTOMATIS LLG-CIMB NIAGA PT.KUDO TEKNOLOGI PG_TXN: 21098.0000 0
2300009976;KR OTOMATIS LLG-CIMB NIAGA PT.RUANG MAHA KARY 0000002212 11PI000 3291 080825 B H55 0
2300006554;KR OTOMATIS LLG-CIMB NIAGA PT.PRIMA ISMAYA SE BILL0090028589 BIL L0090028588
2300016371;KR OTOMATIS LLG-CIMB NIAGA PT.FKS MANAGEMENT
2300001053;KR OTOMATIS LLG-CIMB NIAGA PT.VICTORY RETAILI REENFIELDS PPY GDS 20250821145843714 7
2300017882;KR OTOMATIS LLG-CIMB NIAGA PT.MAKEN BANSAN CA
2300000875;KR OTOMATIS LLG-CIMB NIAGA PT.MATAHARI PUTRA 46768 202508250941 075701
2300006333;KR OTOMATIS LLG-CIMB NIAGA PT.PUJI SURYA INDA GF
2300004640;KR OTOMATIS LLG-CIMB NIAGA PT.JCO DONUT AND C 202508191025293661
2300000875;KR OTOMATIS LLG-CIMB NIAGA PT.MATAHARI PUTRA 45422 202508250941 075701
2300015447;KR OTOMATIS LLG-CIMB NIAGA PT.KARTA MAS KENCA 202508251320078328
REFUND;KR OTOMATIS LLG-CIMB NIAGA PT.GREENFIELDS IND PG_TXN: 2025100001 047602.2025100001 0476
2300009976;KR OTOMATIS LLG-CIMB NIAGA PT.RUANG MAHA KARY 0000002222 11PI000 3370 081525 B H55 0
2300006333;KR OTOMATIS LLG-CIMB NIAGA PT.PUJI SURYA INDA GF
2300000925;KR OTOMATIS LLG-CIMB NIAGA PT.PRIMA ISMAYA SE BILL0090029845 BIL L0090029844
2300008197;KR OTOMATIS LLG-CIMB NIAGA PT.MENSANA ANEKA P AYMENT FROM AVENZE L HOTEL 2025082711 28368898
2300000168;KR OTOMATIS LLG-CIMB NIAGA CV.SARI RASA NUSAN 2025015336-5210490 739
2300009976;KR OTOMATIS LLG-CIMB NIAGA PT.RUANG MAHA KARY 0000002233 11PI000 3484 082525 B I24 5
2300016045;KR OTOMATIS LLG-CIMB NIAGA PT.KREASI ANUGRAH eli Freshmilk dan Whipcream 20250828 1154419542
2300009976;KR OTOMATIS LLG-CIMB NIAGA PT.RUANG MAHA KARY 0000002235 11PI000 3371 081525 B I24 5
2300017882;KR OTOMATIS LLG-CIMB NIAGA PT.MAKEN BANSAN CA GF MILK
2300000168;KR OTOMATIS LLG-CIMB NIAGA CV.SARI RASA NUSAN 2025018539-5210526 159
2300002072;KR OTOMATIS LLG-CIMB NIAGA PT.INDAH SEJAHTERA
2300000925;KR OTOMATIS LLG-CIMB NIAGA PT.PRIMA ISMAYA SE BILL0090035511 BIL L0090035510
2300002072;KR OTOMATIS LLG-CIMB NIAGA PT.INDAH SEJAHTERA
2300008197;KR OTOMATIS LLG-CIMB NIAGA PT.MENSANA ANEKA P AYMENT FROM AVENZE L HOTEL 2025091817 02410984
2300002072;KR OTOMATIS LLG-CIMB NIAGA PT.INDAH SEJAHTERA
2300018398;KR OTOMATIS LLG-CIMB NIAGA PT.SUMMARECON AGUN PEMBAYARAN DARI KK G
2300009976;KR OTOMATIS LLG-CIMB NIAGA PT.RUANG MAHA KARY 0000002305 11PI000 3774 091925 B I24 5
2300000925;KR OTOMATIS LLG-CIMB NIAGA PT.PRIMA ISMAYA SE BILL0090032696 BIL L0090032695
2300008197;KR OTOMATIS LLG-CIMB NIAGA PT.MENSANA ANEKA P AYMENT FROM AVENZE L HOTEL 2025091114 09428327
2300017882;KR OTOMATIS LLG-CIMB NIAGA PT.MAKEN BANSAN CA GF MILK
2300018398;KR OTOMATIS LLG-CIMB NIAGA SUMMARECON AGUNG T PEMBAYARAN KKG 02/ 01/2024 
2300017882;KR OTOMATIS LLG-CIMB NIAGA PT.MAKEN BANSAN CA GF MILK
2300000168;KR OTOMATIS LLG-CIMB NIAGA CV.SARI RASA NUSAN 2025017598-5210512 893
2300009976;KR OTOMATIS LLG-CIMB NIAGA PT.RUANG MAHA KARY 0000002289 11PI000 3681 091525 B I24 5
2300000925;KR OTOMATIS LLG-CIMB NIAGA PT.PRIMA ISMAYA SE BILL0090034438 BIL L0090034437
2300003094;KR OTOMATIS LLG-CIMB NIAGA CV.CAHAYA SAKTI 0000007775 A000155 49 082825 B I245
2300018398;KR OTOMATIS LLG-CIMB NIAGA PT.SUMMARECON AGUN PEMBAYARAN DARI KK G
2300005696;KR OTOMATIS LLG-CIMB NIAGA PT.MATAHARI PUTRA 046768 20250930180 3577305
2300005696;KR OTOMATIS LLG-CIMB NIAGA PT.MATAHARI PUTRA 045422 20250930180 3577305
2300009976;KR OTOMATIS LLG-CIMB NIAGA PT.RUANG MAHA KARY 0000002305 11PI000 3772 091925 B H55 0
2300000727;KR OTOMATIS LLG-CIMB NIAGA PT.BAKTIABADI INTI
2300008197;KR OTOMATIS LLG-CIMB NIAGA PT.MENSANA ANEKA P PAYMENT FROM AVENZ EL HOTEL 202509251 111458184
2300017882;KR OTOMATIS LLG-CIMB NIAGA PT.MAKEN BANSAN CA FRESH MILK AND WHI PPING CREAM
2300016045;KR OTOMATIS LLG-CIMB NIAGA PT.KREASI ANUGRAH 210528519 Pembelia n Freshmilk 202510 021054086031
2300000168;KR OTOMATIS LLG-CIMB NIAGA CV.SARI RASA NUSAN 2025016740-KWT/GDI -INDO/2025/0
2300009976;KR OTOMATIS LLG-CIMB NIAGA PT.RUANG MAHA KARY 0000002273 11PI000 3626 090925 B I24 5
2300004640;KR OTOMATIS LLG-CIMB NIAGA PT.JCO DONUT AND C 202509151000146703
2300017882;KR OTOMATIS LLG-CIMB NIAGA PT.MAKEN BANSAN CA FRESH MILK
2300017882;KR OTOMATIS LLG-CIMB NIAGA PT.MAKEN BANSAN CA FRESH MILK
2300016045;KR OTOMATIS LLG-CIMB NIAGA PT.KREASI ANUGRAH eli Freshmilk 2025 09111042179881
2300009976;KR OTOMATIS LLG-CIMB NIAGA PT.RUANG MAHA KARY 0000002268 11PI000 3553 090225 B I24 5
2300015447;KR OTOMATIS LLG-CIMB NIAGA PT.KARTA MAS KENCA 202509111651224804
2000000373;KR OTOMATIS LLG-CIMB NIAGA PT.AGEL LANGGENG Inv No. 5210484236
2300016371;KR OTOMATIS LLG-CIMB NIAGA PT.FKS MANAGEMENT 5210497867
2300000168;KR OTOMATIS LLG-CIMB NIAGA CV.SARI RASA NUSAN 2025017739-5210518 601
2300005696;KR OTOMATIS LLG-CIMB NIAGA PT.MATAHARI PUTRA 45422 202509092301 486405
2300009976;KR OTOMATIS LLG-CIMB NIAGA PT.RUANG MAHA KARY 0000002256 11PI000 3552 090225 B H55 0
2000000373;KR OTOMATIS LLG-CIMB NIAGA PT.AGEL LANGGENG Inv No. 5210486839
2300014826;KR OTOMATIS LLG-CIMB NIAGA ARGHA KARYA PRIMA KWT/GDI-INDO/2024/ 01/889742
DISTRIBUTOR GREENFIELDS;KR OTOMATIS LLG-CIMB NIAGA ANUGRAH BERKAT AND
2300000925;KR OTOMATIS LLG-CIMB NIAGA PRIMA ISMAYA SEJAH BILL0010722385 BIL L0010722384 
2300013043;KR OTOMATIS LLG-CIMB NIAGA ELANG ANDALAN NUSA EAN-5620 INV: 5222 413099 
2300013043;KR OTOMATIS LLG-CIMB NIAGA ELANG ANDALAN NUSA EAN-5618 INV: 5222 407982 
2300000168;KR OTOMATIS LLG-CIMB NIAGA SARI RASA NUSANTAR 2024002998-5222405 658 
2300009056;KR OTOMATIS LLG-CIMB NIAGA SYA SUKSES BERSAMA SEL 5222266328 PO 7096 CL KMG 
2300000727;KR OTOMATIS LLG-CIMB NIAGA BAKTIABADI INTIMAK 
2300000838;KR OTOMATIS LLG-CIMB NIAGA KITCHENETTE LESTAR Jakarta
2300008197;KR OTOMATIS LLG-CIMB NIAGA MENSANA ANEKA PROP AYMENT FROM AVENZE L HOTEL 2024022312 48761965
2300015997;KR OTOMATIS LLG-CIMB NIAGA DEANDI PRIMOSAPUTE Invoice: N7221035
2300013695;KR OTOMATIS LLG-CIMB NIAGA KUDO TEKNOLOGI IND PG_TXN: 318156.000 00
2300005696;KR OTOMATIS LLG-CIMB NIAGA MATAHARI PUTRA PRI 45422 202402267585 627
2300005696;KR OTOMATIS LLG-CIMB NIAGA MATAHARI PUTRA PRI 45423 202402267585 627
2300000677;KR OTOMATIS LLG-CIMB NIAGA BOGA CATUR RATA HD GEENFIELDS
MODERN TRADE;KR OTOMATIS LLG-CIMB NIAGA SYA FRESH ONE
DISTRIBUTOR GREENFIELDS;KR OTOMATIS LLG-CIMB NIAGA ANUGRAH BERKAT AND
2300011546;KR OTOMATIS LLG-CIMB NIAGA THE FINANCIAL CLUB reenfields 2024022 71045893242 
2300008197;KR OTOMATIS LLG-CIMB NIAGA MENSANA ANEKA PROP AYMENT FROM AVENZE L HOTEL 2024022771 0255717 
2300000168;KR OTOMATIS LLG-CIMB NIAGA CV.SARI RASA NUSAN 2025016298-KWT/GDI -INDO/2025/0
2300003094;KR OTOMATIS LLG-CIMB NIAGA CV.CAHAYA SAKTI 0000007739 A000154 91 080525 B I245
2300005696;KR OTOMATIS LLG-CIMB NIAGA PT.MATAHARI PUTRA 46768 202509092301 486405
2300011741;KR OTOMATIS LLG-CIMB NIAGA PT.INDO KORDSA 012// 5210488914( 911040) 521048849 8 20250901
2300000925;KR OTOMATIS LLG-CIMB NIAGA PRIMA ISMAYA SEJAH BILL0011036152 BIL L0011036151
2300015447;KR OTOMATIS LLG-CIMB NIAGA KARTA MAS KENCANA 202402281724188798
2300009056;KR OTOMATIS LLG-CIMB NIAGA SYA SUKSES BERSAMA SEL 5222266167 PO 7091 CLKMG
2300016045;KR OTOMATIS LLG-CIMB NIAGA KREASI ANUGRAH PRO NV1222480597 Beli Stock Susu 1L 2024 022966983164
2300013695;KR OTOMATIS LLG-CIMB NIAGA KUDO TEKNOLOGI IND PG_TXN: 319154.000 00
2300000168;KR OTOMATIS LLG-CIMB NIAGA SARI RASA NUSANTAR 2024003545-5222414 609
DISTRIBUTOR GREENFIELDS;KR OTOMATIS LLG-CIMB NIAGA PUJI SURYA INDAH GF
2300011741;KR OTOMATIS LLG-CIMB NIAGA INDO KORDSA 012/( 4686600) 522 2382943( 4686600) 52 202403046
2300015997;KR OTOMATIS LLG-CIMB NIAGA DEANDI PRIMOSAPUTE Invoice: N7268031
2300013695;KR OTOMATIS LLG-CIMB NIAGA KUDO TEKNOLOGI IND PG_TXN: 319601.000 00 
2300015567;KR OTOMATIS LLG-CIMB NIAGA SYA KREASI BAHAN SEHAT Pb GF 10 ct SJ 310 124 Faktur N71811 62 
2300015567;KR OTOMATIS LLG-CIMB NIAGA SYA KREASI BAHAN SEHAT Pb Green Field 10 Crt No.N7220521 
2300003094;KR OTOMATIS LLG-CIMB NIAGA CAHAYA SAKTI 0000006823 A000135 54 010824 B H550 
2300003094;KR OTOMATIS LLG-CIMB NIAGA CAHAYA SAKTI 0000006823 A000134 86 121123 B H550 
MODERN TRADE;KR OTOMATIS LLG-CIMB NIAGA SYA FRESH ONE pot promo jan 2024 9.483.700 
2300000925;KR OTOMATIS LLG-CIMB NIAGA PRIMA ISMAYA SEJAH BILL0011196460 BIL L0011196459 
DISTRIBUTOR GREENFIELDS;KR OTOMATIS LLG-CIMB NIAGA ANUGRAH BERKAT AND 
2300000168;KR OTOMATIS LLG-CIMB NIAGA SARI RASA NUSANTAR 2024003695-5222418 432 
2300009056;KR OTOMATIS LLG-CIMB NIAGA SYA SUKSES BERSAMA SEL 5222269200 PO 7107 CLKMG 
2300013043;KR OTOMATIS LLG-CIMB NIAGA ELANG ANDALAN NUSA EAN-5644 INV: 5222 430149 
2300013043;KR OTOMATIS LLG-CIMB NIAGA ELANG ANDALAN NUSA EAN-5643 INV: 5222 418832 
2300013043;KR OTOMATIS LLG-CIMB NIAGA ELANG ANDALAN NUSA EAN-5621 INV: 5222 424574 
MODERN TRADE;KR OTOMATIS LLG-CIMB NIAGA SUPRA BOGA LESTARI 20240301789615777
MODERN TRADE;KR OTOMATIS LLG-CIMB NIAGA SUPRA BOGA LESTARI 20240301789615777
2300008197;KR OTOMATIS LLG-CIMB NIAGA MENSANA ANEKA PROP AYMENT FROM AVENZE L HOTEL 2024030869 7565657
2300004640;KR OTOMATIS LLG-CIMB NIAGA SYA JCO DONUT AND COFF 202403041310764606
DISTRIBUTOR GREENFIELDS;KR OTOMATIS LLG-CIMB NIAGA ANUGRAH BERKAT AND
DISTRIBUTOR GREENFIELDS;KR OTOMATIS LLG-CIMB NIAGA PUJI SURYA INDAH GF
2300005696;KR OTOMATIS LLG-CIMB NIAGA MATAHARI PUTRA PRI 45422 202403121918 00183
2300013695;KR OTOMATIS LLG-CIMB NIAGA KUDO TEKNOLOGI IND PG_TXN: 320652.000 00
2300000168;KR OTOMATIS LLG-CIMB NIAGA SARI RASA NUSANTAR 2024004155-5222423 305 
MODERN TRADE;KR OTOMATIS LLG-CIMB NIAGA SUPRA BOGA LESTARI 202403111717344884 
2300018398;KR OTOMATIS LLG-CIMB NIAGA SUMMARECON AGUNG T PEMBAYARAN KKG 15/ 03/2024 
2300008197;KR OTOMATIS LLG-CIMB NIAGA MENSANA ANEKA PROP AYMENT FROM AVENZE L HOTEL 2024031518 6285326 
2300000838;KR OTOMATIS LLG-CIMB NIAGA KITCHENETTE LESTAR Jakarta 
MODERN TRADE;KR OTOMATIS LLG-CIMB NIAGA SUPRA BOGA LESTARI 202312291098592655 
2300000925;KR OTOMATIS LLG-CIMB NIAGA PRIMA ISMAYA SEJAH 5336285 5336284 53 36283 
2300008197;KR OTOMATIS LLG-CIMB NIAGA MENSANA ANEKA PROP AYMENT FROM AVENZE L HOTEL 2024010566 9458728 
2300015997;KR OTOMATIS LLG-CIMB NIAGA DEANDI PRIMOSAPUTE Invoice: N7300370
2300015447;KR OTOMATIS LLG-CIMB NIAGA KARTA MAS KENCANA 20240318601165824
2300013695;KR OTOMATIS LLG-CIMB NIAGA KUDO TEKNOLOGI IND PG_TXN: 321424.000 00
MODERN TRADE;KR OTOMATIS LLG-CIMB NIAGA SYA FRESH ONE
2300014826;KR OTOMATIS LLG-CIMB NIAGA ARGHA KARYA PRIMA KWT/GDI-INDO/2024/ 02/901034
2300003094;KR OTOMATIS LLG-CIMB NIAGA CAHAYA SAKTI 0000006863 A000136 58 022624 B H550
2300003094;KR OTOMATIS LLG-CIMB NIAGA CAHAYA SAKTI 0000006863 A000136 34 021224 B H550
2300000925;KR OTOMATIS LLG-CIMB NIAGA PRIMA ISMAYA SEJAH BILL0011348424 BIL L0011348423
2300013043;KR OTOMATIS LLG-CIMB NIAGA ELANG ANDALAN NUSA EAN-5656 INV: 5222 441031
2300013043;KR OTOMATIS LLG-CIMB NIAGA ELANG ANDALAN NUSA EAN-5654 INV: 5222 437594
2300013043;KR OTOMATIS LLG-CIMB NIAGA ELANG ANDALAN NUSA EAN-5657 INV: 5222 446920
2300008197;KR OTOMATIS LLG-CIMB NIAGA MENSANA ANEKA PROP AYMENT FROM AVENZE L HOTEL 2024032216 86925336
2300015911;KR OTOMATIS LLG-CIMB NIAGA UNITED MEDIA OR OF B2401-377-E 202403 21295502371
2300000168;KR OTOMATIS LLG-CIMB NIAGA SARI RASA NUSANTAR 2023021823-5222357 732 
2300011741;KR OTOMATIS LLG-CIMB NIAGA INDO KORDSA 012// INV-IK-P8915 7/872208( 683280) 202402018041
2300011741;KR OTOMATIS LLG-CIMB NIAGA INDO KORDSA 4686600) INV-IK-P8 9156/864385( 159 4 32 202402018
DISTRIBUTOR GREENFIELDS;KR OTOMATIS LLG-CIMB NIAGA ANUGRAH BERKAT AND
2300005696;KR OTOMATIS LLG-CIMB NIAGA MATAHARI PUTRA PRI 45422 202403231735 876752
2300005696;KR OTOMATIS LLG-CIMB NIAGA MATAHARI PUTRA PRI 45423 202403231735 876752
2300015911;KR OTOMATIS LLG-CIMB NIAGA UNITED MEDIA OR OF B2401-671 20240322 924879660
2300000727;KR OTOMATIS LLG-CIMB NIAGA BAKTIABADI INTIMAK
2300000925;KR OTOMATIS LLG-CIMB NIAGA PRIMA ISMAYA SEJAH BILL0011539294 BIL L0011539293
MODERN TRADE;KR OTOMATIS LLG-CIMB NIAGA SYA FRESH ONE pot promo feb 2024 8.616.000
MODERN TRADE;KR OTOMATIS LLG-CIMB NIAGA SYA FRESH ONE
2300000168;KR OTOMATIS LLG-CIMB NIAGA SARI RASA NUSANTAR 2024005099-5222439 584
2300016045;KR OTOMATIS LLG-CIMB NIAGA KREASI ANUGRAH PRO NV1222530484 Beli Stock Susu 1L 2024 032821993345 
2300018398;KR OTOMATIS LLG-CIMB NIAGA SUMMARECON AGUNG T PEMBAYARAN KKG 01/ 04/2024 
2300000168;KR OTOMATIS LLG-CIMB NIAGA CV.SARI RASA NUSAN 2025015634-KWT/GDI -INDO/2025/0
2300008197;KR OTOMATIS LLG-CIMB NIAGA PT.MENSANA ANEKA P AYMENT FROM AVENZE L HOTEL 2025090407 09517904
2300011546;KR OTOMATIS LLG-CIMB NIAGA THE FINANCIAL CLUB reenfields 2024012 6982234888
2300015911;KR OTOMATIS LLG-CIMB NIAGA UNITED MEDIA OR OF B2312-056 20240126 1573810747
MODERN TRADE;KR OTOMATIS LLG-CIMB NIAGA SYA FRESH ONE pot promo des 2023 5.918.300 + 3.20 2.500
2300015567;KR OTOMATIS LLG-CIMB NIAGA SYA KREASI BAHAN SEHAT Pb Susu Green Fiel d 10 Crt No.N714 0394
2300000168;KR OTOMATIS LLG-CIMB NIAGA SARI RASA NUSANTAR 2024001632-5222386 717
2300015447;KR OTOMATIS LLG-CIMB NIAGA KARTA MAS KENCANA 202401312100585660
2300009056;KR OTOMATIS LLG-CIMB NIAGA SYA SUKSES BERSAMA SEL 5222256148 PO 7052 CL KMG
DISTRIBUTOR GREENFIELDS;KR OTOMATIS LLG-CIMB NIAGA PUJI SURYA INDAH GF
2300000925;KR OTOMATIS LLG-CIMB NIAGA PRIMA ISMAYA SEJAH BILL008872001 BILL 008869001
2300018398;KR OTOMATIS LLG-CIMB NIAGA SUMMARECON AGUNG T PEMBAYARAN KKG 02/ 02/2024
2300013695;KR OTOMATIS LLG-CIMB NIAGA KUDO TEKNOLOGI IND PG_TXN: 315337.000 00
2300016045;KR OTOMATIS LLG-CIMB NIAGA KREASI ANUGRAH PRO NV1222473293 Stock Susu 10 Karton 20 240201106794
2300013695;KR OTOMATIS LLG-CIMB NIAGA KUDO TEKNOLOGI IND 222398474 3 202402 02810731612
DISTRIBUTOR GREENFIELDS;KR OTOMATIS LLG-CIMB NIAGA ANUGRAH BERKAT AND
MODERN TRADE;KR OTOMATIS LLG-CIMB NIAGA SUPRA BOGA LESTARI 202402011453333662
2300000925;KR OTOMATIS LLG-CIMB NIAGA PRIMA ISMAYA SEJAH BILL0010392014 BIL L0010387106
MODERN TRADE;KR OTOMATIS LLG-CIMB NIAGA SYA FRESH ONE
MODERN TRADE;KR OTOMATIS LLG-CIMB NIAGA SYA FRESH ONE
2300008197;KR OTOMATIS LLG-CIMB NIAGA MENSANA ANEKA PROP AYMENT FROM AVENZE L HOTEL 2024020799 2091860
2300009056;KR OTOMATIS LLG-CIMB NIAGA SYA SUKSES BERSAMA SEL 5222251108 PO 7031 CL KMG
2300015911;KR OTOMATIS LLG-CIMB NIAGA UNITED MEDIA OR OF B2312-455 20240207 1196160999
DISTRIBUTOR GREENFIELDS;KR OTOMATIS LLG-CIMB NIAGA CLASSIC FINE FOODS 5222371699, 522237 1700, 5222375170, 5222
DISTRIBUTOR GREENFIELDS;KR OTOMATIS LLG-CIMB NIAGA ANUGRAH BERKAT AND
2300016045;KR OTOMATIS LLG-CIMB NIAGA KREASI ANUGRAH PRO NV1222480597 Beli Stock Susu 10 Kar ton 20240207
DISTRIBUTOR GREENFIELDS;KR OTOMATIS LLG-CIMB NIAGA PUJI SURYA INDAH GF
DISTRIBUTOR GREENFIELDS;KR OTOMATIS LLG-CIMB NIAGA ANUGRAH BERKAT AND
2300005696;KR OTOMATIS LLG-CIMB NIAGA MATAHARI PUTRA PRI 45422 202402126221 91924
2300005696;KR OTOMATIS LLG-CIMB NIAGA MATAHARI PUTRA PRI 45423 202402126221 91924
2300000838;KR OTOMATIS LLG-CIMB NIAGA KITCHENETTE LESTAR Jakarta
2300013695;KR OTOMATIS LLG-CIMB NIAGA KUDO TEKNOLOGI IND PG_TXN: 316726.000 00 
2300015447;KR OTOMATIS LLG-CIMB NIAGA KARTA MAS KENCANA 20240212416481444
2300013043;KR OTOMATIS LLG-CIMB NIAGA ELANG ANDALAN NUSA EAN-5606 INV: 5222 395693
2300013043;KR OTOMATIS LLG-CIMB NIAGA ELANG ANDALAN NUSA EAN-5611 INV: 5222 400573
2300013043;KR OTOMATIS LLG-CIMB NIAGA ELANG ANDALAN NUSA EAN-5603 INV: 5222 379154
2300013043;KR OTOMATIS LLG-CIMB NIAGA ELANG ANDALAN NUSA EAN-5610 INV: 5222 391395
2300009056;KR OTOMATIS LLG-CIMB NIAGA SYA SUKSES BERSAMA SEL 5222260124 PO 7069 CL KMG
2300000168;KR OTOMATIS LLG-CIMB NIAGA SARI RASA NUSANTAR 2024002594-5222405 276
2300015997;KR OTOMATIS LLG-CIMB NIAGA DEANDI PRIMOSAPUTE Invoice: N7188179 
2300000727;KR OTOMATIS LLG-CIMB NIAGA BAKTIABADI INTIMAK 
DISTRIBUTOR GREENFIELDS;KR OTOMATIS LLG-CIMB NIAGA PUJI SURYA INDAH GF 
DISTRIBUTOR GREENFIELDS;KR OTOMATIS LLG-CIMB NIAGA ANUGRAH BERKAT AND 
2300018398;KR OTOMATIS LLG-CIMB NIAGA SUMMARECON AGUNG T PEMBAYARAN KKG
DISTRIBUTOR GREENFIELDS;KR OTOMATIS LLG-CIMB NIAGA PUJI SURYA INDAH GF
2300004640;KR OTOMATIS LLG-CIMB NIAGA SYA JCO DONUT AND COFF 20240212620588393
MODERN TRADE;KR OTOMATIS LLG-CIMB NIAGA SYA FRESH ONE
2300000677;KR OTOMATIS LLG-CIMB NIAGA BOGA CATUR RATA HD GREENFILIEDS AU STASIA