btp;desc
DISTRIBUTOR GREENFIELDS;KR OTOMATIS LLG-MANDIRI INTAN SUKSES INSPI Pt isi pdg -0053061 
2300012084;KR OTOMATIS LLG-MANDIRI SMART FOOD CONCEPT -0053061777 Clearing947991 
2300005019;KR OTOMATIS LLG-MANDIRI SRIBOGA MARUGAME I TTF 030035 -0053061 
2300012044;KR OTOMATIS LLG-MANDIRI DIPURI SELARAS MEM Susu Green Fields -0053061 
2300015404;KR OTOMATIS LLG-MANDIRI SAKSI-SAKSI YEHUWA SSYI 
2300015092;KR OTOMATIS LLG-MANDIRI RAJASA INTAMA greenfields -0053061 
2300015135;KR OTOMATIS LLG-MANDIRI MENSA JAKARTA N7077936 N7072720 -0053061 
2300001305;KR OTOMATIS LLG-MANDIRI RAJA RASA ALAMI Beli FM T231214PB005 -0053061 
2300001305;KR OTOMATIS LLG-MANDIRI RAJA RASA ALAMI Beli FM 5222311423 T231214PB006 -0053061 
2300012084;KR OTOMATIS LLG-MANDIRI SMART FOOD CONCEPT -0053061777 Clearing710989 
2300004485;KR OTOMATIS LLG-MANDIRI ARTHA KENCANA MAND N7072196, N7002011 , -0053061 
2300015495;KR OTOMATIS LLG-MANDIRI CERITA RASA KITA JERSEY N7026954 -0053061 
2300015495;KR OTOMATIS LLG-MANDIRI CERITA RASA KITA JERSEY N7043456 -0053061 
2300015495;KR OTOMATIS LLG-MANDIRI CERITA RASA KITA JERSEY N7018254 -0053061 
2300008157;KR OTOMATIS LLG-MANDIRI TALENTA PACKAGING -0053061777 Clearing926619 
2300012044;KR OTOMATIS LLG-MANDIRI DIPURI SELARAS MEM Susu Green Fields -0053061 
MODERN TRADE;KR OTOMATIS LLG-MANDIRI LUCKY STRATEGIS GRANDLUCKY SCBD 
MODERN TRADE;KR OTOMATIS LLG-MANDIRI LUCKY STRATEGIS GRANDLUCKY SCBD 
2300001305;KR OTOMATIS LLG-MANDIRI RAJA RASA ALAMI Beli FM 5222348127 T231214PB008 -0053061 
2300001305;KR OTOMATIS LLG-MANDIRI RAJA RASA ALAMI Beli FM 5222341293 T231214PB007 -0053061 
2300005019;KR OTOMATIS LLG-MANDIRI SRIBOGA MARUGAME I TTF 025790 -0053061 
2300005019;KR OTOMATIS LLG-MANDIRI SRIBOGA MARUGAME I TTF 040357 -0053061 
2300001162;KR OTOMATIS LLG-MANDIRI GELAEL SUPERMARKET 28194-P GY48054292-MT-1 2.4 -0053061 
2300001162;KR OTOMATIS LLG-MANDIRI GELAEL SUPERMARKET 28193/95/98-P GY48054238-MT-1 2.18-0053061 
2300001162;KR OTOMATIS LLG-MANDIRI GELAEL SUPERMARKET 28196/99-P GY48054248-MT-1 2.9 -0053061 
MODERN TRADE;KR OTOMATIS LLG-MANDIRI MAHADANA DASHA UTA VDRTHIRD 
2300013873;KR OTOMATIS LLG-MANDIRI INDO MAINT KARYA U IRNSDT.231200004 
2300004435;KR OTOMATIS LLG-MANDIRI AROMA HARUM LESTAR PT AROMA -0053061 
2300015495;KR OTOMATIS LLG-MANDIRI CERITA RASA KITA MILK JERSEY N70731 34 -0053061 
2300015495;KR OTOMATIS LLG-MANDIRI CERITA RASA KITA MILK JERSEY N70542 02 -0053061 
2300001162;KR OTOMATIS LLG-MANDIRI GELAEL SUPERMARKET 18484 GY48054448-MT-1 2.17-0053061 
2300001162;KR OTOMATIS LLG-MANDIRI GELAEL SUPERMARKET 28120-P GY48054446-MT-2 0.12-0053061 
2300001162;KR OTOMATIS LLG-MANDIRI GELAEL SUPERMARKET 28121 GY48054450-MT.1 2.30-0053061 
2300015092;KR OTOMATIS LLG-MANDIRI RAJASA INTAMA greenfields -0053061 
MODERN TRADE;KR OTOMATIS LLG-MANDIRI HOKKY BERSAMA 
MODERN TRADE;KR OTOMATIS LLG-MANDIRI HOKKY BERSAMA 
2300012044;KR OTOMATIS LLG-MANDIRI DIPURI SELARAS MEM Susu Green Fields -0053061 
MODERN TRADE;KR OTOMATIS LLG-MANDIRI HOKKY TE IT 
MODERN TRADE;KR OTOMATIS LLG-MANDIRI HOKKY TE IT 
MODERN TRADE;KR OTOMATIS LLG-MANDIRI HOKKY TE IT 
MODERN TRADE;KR OTOMATIS LLG-MANDIRI HOKKY TE IT 
MODERN TRADE;KR OTOMATIS LLG-MANDIRI HOKKY TE IT 
2300005705;KR OTOMATIS LLG-MANDIRI KRAMAYUDHA RATUMOT Payment Vendor BK/064/01/2024 -0053061 
MODERN TRADE;KR OTOMATIS LLG-MANDIRI MITRA BELANJA ANDA GL MOI 
MODERN TRADE;KR OTOMATIS LLG-MANDIRI MITRA BELANJA ANDA GL BSD 
MODERN TRADE;KR OTOMATIS LLG-MANDIRI MITRA BELANJA ANDA GL PIK 
MODERN TRADE;KR OTOMATIS LLG-MANDIRI MITRA BELANJA ANDA GL PIK 
MODERN TRADE;KR OTOMATIS LLG-MANDIRI MITRA BELANJA ANDA GL MOI 
MODERN TRADE;KR OTOMATIS LLG-MANDIRI MITRA BELANJA ANDA GL BSD 
2300005019;KR OTOMATIS LLG-MANDIRI SRIBOGA MARUGAME I TTF 035423 -0053061 
2300014568;KR OTOMATIS LLG-MANDIRI ANGKASA PURA PROPE ANR_GREENFIELDDES2 3 IP-2301657 -0053061 
2300014568;KR OTOMATIS LLG-MANDIRI ANGKASA PURA PROPE ANR_GREENFIELDDES2 3 IP-2400013 -0053061 
2300014568;KR OTOMATIS LLG-MANDIRI ANGKASA PURA PROPE ANR_GREENFIELDNOV2 3 IP-2301604 -0053061 
2300012084;KR OTOMATIS LLG-MANDIRI SMART FOOD CONCEPT -0053061777 Clearing016629 
2300006238;KR OTOMATIS LLG-MANDIRI MAHATI KARAWANG N7129007 BAI COFFE E 
MODERN TRADE;KR OTOMATIS LLG-MANDIRI SUPRA BOGA LESTARI 20240117-00438 
2300015404;KR OTOMATIS LLG-MANDIRI SAKSI-SAKSI YEHUWA SSYI 
2300012494;KR OTOMATIS LLG-MANDIRI KOPKAR PT. PERTAGA PEMBAYARAN SUSU GR EENFIELDS UNTUK KE BUTUHAN D GA 
2300015495;KR OTOMATIS LLG-MANDIRI CERITA RASA KITA MILK N7098816 -0053061 
2300015133;KR OTOMATIS LLG-MANDIRI SEBASTIAN CITRA IN WHIPING CREAM BEAR D PAPA 
2300005019;KR OTOMATIS LLG-MANDIRI SRIBOGA MARUGAME I TTF 127426 -0053061
MODERN TRADE;KR OTOMATIS LLG-MANDIRI MAHADANA DASHA UTA VDRTHIRD
2300015689;KR OTOMATIS LLG-MANDIRI PT. PRATAMA SELERA 3. PT. Greenfil 3. Tag Grenfil 2 iv-0053061
2300004435;KR OTOMATIS LLG-MANDIRI AROMA HARUM LESTAR PT AROMA -0053061
MODERN TRADE;KR OTOMATIS LLG-MANDIRI LUCKY STRATEGIS GRANDLUCKY SCBD
MODERN TRADE;KR OTOMATIS LLG-MANDIRI LUCKY STRATEGIS GRANDLUCKY SCBD
2300007476;KR OTOMATIS LLG-MANDIRI RETNO PUJI LESTARI KOPI LUWAK
2300015495;KR OTOMATIS LLG-MANDIRI CERITA RASA KITA MILK N7121590 -0053061
2300015404;KR OTOMATIS LLG-MANDIRI SAKSI-SAKSI YEHUWA SSYI 
2300001162;KR OTOMATIS LLG-MANDIRI GELAEL SUPERMARKET 15670-1 GY48055064-MT-1 .28 -0053061 
2300001162;KR OTOMATIS LLG-MANDIRI GELAEL SUPERMARKET 28200-P GY48055065-MT-1 2.21-0053061 
2300016062;KR OTOMATIS LLG-MANDIRI CAHAYA INDAH ASIA -0053061777 Clearing900912
MODERN TRADE;KR OTOMATIS LLG-MANDIRI INDOMARCO PRISMATA IDM-HEAD OFFICE
2300003909;KR OTOMATIS LLG-MANDIRI NURTIRTA NUSA LEST
MODERN TRADE;KR OTOMATIS LLG-MANDIRI HOKKY TE IT
MODERN TRADE;KR OTOMATIS LLG-MANDIRI HOKKY TE IT
MODERN TRADE;KR OTOMATIS LLG-MANDIRI HOKKY TE IT
MODERN TRADE;KR OTOMATIS LLG-MANDIRI HOKKY TE IT
MODERN TRADE;KR OTOMATIS LLG-MANDIRI HOKKY TE IT
MODERN TRADE;KR OTOMATIS LLG-MANDIRI HOKKY TE IT
MODERN TRADE;KR OTOMATIS LLG-MANDIRI HOKKY BERSAMA
MODERN TRADE;KR OTOMATIS LLG-MANDIRI MITRA BELANJA ANDA GL MBA REG JKT
MODERN TRADE;KR OTOMATIS LLG-MANDIRI HOKKY BERSAMA
MODERN TRADE;KR OTOMATIS LLG-MANDIRI MITRA BELANJA ANDA GL MBA REG JKT
2300005019;KR OTOMATIS LLG-MANDIRI SRIBOGA MARUGAME I TTF 126942 -0053061
2300006238;KR OTOMATIS LLG-MANDIRI MAHATI KARAWANG N7163747 BAI COFFE E
2300015404;KR OTOMATIS LLG-MANDIRI SAKSI-SAKSI YEHUWA SSYI
2300001162;KR OTOMATIS LLG-MANDIRI GELAEL SUPERMARKET 15672-P GY48055194-mt-1 .14 -0053061
2300001162;KR OTOMATIS LLG-MANDIRI GELAEL SUPERMARKET 15673-4-P GY48055181-MT-1 .8 -0053061
2300015135;KR OTOMATIS LLG-MANDIRI MENSA JAKARTA N7151720 -0053061
2300015404;KR OTOMATIS LLG-MANDIRI SAKSI-SAKSI YEHUWA SSYI
2300012084;KR OTOMATIS LLG-MANDIRI SMART FOOD CONCEPT -0053061777 Clearing107656
2300015495;KR OTOMATIS LLG-MANDIRI CERITA RASA KITA MILK N7144236 -0053061
2300016062;KR OTOMATIS LLG-MANDIRI CAHAYA INDAH ASIA -0053061777 Clearing837703
2300001305;KR OTOMATIS LLG-MANDIRI RAJA RASA ALAMI Beli FM 5222377552 T240129PB010 -0053061
2300001305;KR OTOMATIS LLG-MANDIRI RAJA RASA ALAMI Beli FM 5222366319 T240129PB009 -0053061
2300005019;KR OTOMATIS LLG-MANDIRI SRIBOGA MARUGAME I TTF 025791 -0053061
2300015126;KR OTOMATIS LLG-MANDIRI KEDAI KOPI DAN TEH PT. GREENFIELD DAI RY 
2300006238;KR OTOMATIS LLG-MANDIRI MAHATI KARAWANG N7195495 BAI COFFE E 
2300015404;KR OTOMATIS LLG-MANDIRI SAKSI-SAKSI YEHUWA SSYI
2300012044;KR OTOMATIS LLG-MANDIRI DIPURI SELARAS MEM Susu Green Fields -0053061
2300001162;KR OTOMATIS LLG-MANDIRI GELAEL SUPERMARKET 41751-P GY48055581-MT-1 .11 -0053061
2300015495;KR OTOMATIS LLG-MANDIRI CERITA RASA KITA N7163900 -0053061
;KR OTOMATIS LLG-MANDIRI NOVIYANTI cicil Greenfield
2300008929;KR OTOMATIS LLG-MANDIRI YUDHO WANDONO ANGG Belanja Freshmilk
2300015996;KR OTOMATIS LLG-MANDIRI CIPTA KIRANA WEHAR Order Greenfields 1 -0053061
MODERN TRADE;KR OTOMATIS LLG-MANDIRI MAHADANA DASHA UTA VDRTHIRD
MODERN TRADE;KR OTOMATIS LLG-MANDIRI HOKKY BERSAMA
MODERN TRADE;KR OTOMATIS LLG-MANDIRI HOKKY BERSAMA
MODERN TRADE;KR OTOMATIS LLG-MANDIRI LUCKY STRATEGIS GRANDLUCKY SCBD
MODERN TRADE;KR OTOMATIS LLG-MANDIRI LUCKY STRATEGIS GRANDLUCKY SCBD
2300015404;KR OTOMATIS LLG-MANDIRI SAKSI-SAKSI YEHUWA SSYI
2300015996;KR OTOMATIS LLG-MANDIRI CIPTA KIRANA WEHAR Order Greenfield 1 -0053061
MODERN TRADE;KR OTOMATIS LLG-MANDIRI MITRA BELANJA ANDA GL PIK 
2300013873;KR OTOMATIS LLG-MANDIRI INDO MAINT KARYA U IRNSDT.240100003 
MODERN TRADE;KR OTOMATIS LLG-MANDIRI MITRA BELANJA ANDA GL BSD 
MODERN TRADE;KR OTOMATIS LLG-MANDIRI MITRA BELANJA ANDA GL PIK 
MODERN TRADE;KR OTOMATIS LLG-MANDIRI MITRA BELANJA ANDA GL MOI 
MODERN TRADE;KR OTOMATIS LLG-MANDIRI MITRA BELANJA ANDA GL MOI 
MODERN TRADE;KR OTOMATIS LLG-MANDIRI MITRA BELANJA ANDA GL BSD 
2300015135;KR OTOMATIS LLG-MANDIRI MENSA JAKARTA N7210714, N7195053 -0053061 
2300015404;KR OTOMATIS LLG-MANDIRI SAKSI-SAKSI YEHUWA SSYI 
2300005705;KR OTOMATIS LLG-MANDIRI KRAMAYUDHA RATUMOT Payment Vendor BK/073/02/2024 -0053061
MODERN TRADE;KR OTOMATIS LLG-MANDIRI HOKKY TE IT
MODERN TRADE;KR OTOMATIS LLG-MANDIRI HOKKY TE IT
MODERN TRADE;KR OTOMATIS LLG-MANDIRI HOKKY TE IT
MODERN TRADE;KR OTOMATIS LLG-MANDIRI HOKKY TE IT
MODERN TRADE;KR OTOMATIS LLG-MANDIRI HOKKY TE IT
MODERN TRADE;KR OTOMATIS LLG-MANDIRI HOKKY TE IT
2300007476;KR OTOMATIS LLG-MANDIRI RETNO PUJI LESTARI KOPI LUWAK
2300001162;KR OTOMATIS LLG-MANDIRI GELAEL SUPERMARKET 42879-P GY48055756-MT-1 .9 -0053061
2300001162;KR OTOMATIS LLG-MANDIRI GELAEL SUPERMARKET 18486-87-P GY48055755-MT-1 .19 -0053061
2300001162;KR OTOMATIS LLG-MANDIRI GELAEL SUPERMARKET 15676-P GY48055698-MT-1 .20 -0053061
2300008157;KR OTOMATIS LLG-MANDIRI TALENTA PACKAGING -0053061777 Clearing429556
2300008491;KR OTOMATIS LLG-MANDIRI ENDRESS+HAUSER IND -0053061777 Clearing119818 
2300015495;KR OTOMATIS LLG-MANDIRI CERITA RASA KITA MILK N7188705 -0053061 
2300014568;KR OTOMATIS LLG-MANDIRI ANGKASA PURA PROPE ANR_GREENFIELDJAN2 4 IP-2400113 -0053061 
2300016062;KR OTOMATIS LLG-MANDIRI CAHAYA INDAH ASIA -0053061777 Clearing016844 
2300012044;KR OTOMATIS LLG-MANDIRI DIPURI SELARAS MEM susu Green Fields -0053061 
2300013780;KR OTOMATIS LLG-MANDIRI JEDO ABADI LESTARI Fresh Milk 13/2 202402151654747 939 -0053061 
DISTRIBUTOR GREENFIELDS;KR OTOMATIS LLG-MANDIRI INTAN SUKSES INSPI pt isi pdg -0053061
2300005019;KR OTOMATIS LLG-MANDIRI SRIBOGA MARUGAME I TTF 040661 -0053061
2300001162;KR OTOMATIS LLG-MANDIRI GELAEL SUPERMARKET 15678-P GY48055701-MT-1 .28 -0053061
2300001162;KR OTOMATIS LLG-MANDIRI GELAEL SUPERMARKET 15675-P GY48055695-MT-1 .18 -0053061
2300001162;KR OTOMATIS LLG-MANDIRI GELAEL SUPERMARKET 41752-P GY48055761-MT-1 .12 -0053061
2300014375;KR OTOMATIS LLG-MANDIRI BRANDINA KULINER U Brandina Pembayara n Vendor
2300013873;KR OTOMATIS LLG-MANDIRI INDO MAINT KARYA U IRNSDT.240100006
2300015738;KR OTOMATIS LLG-MANDIRI BUANA SABAS FATTAH GREENFIELD
2300015495;KR OTOMATIS LLG-MANDIRI CERITA RASA KITA MILK N7210923 -0053061
2300011289;KR OTOMATIS LLG-MANDIRI PANDA LESTARI susu greenfields -0053061
2300015135;KR OTOMATIS LLG-MANDIRI MENSA JAKARTA N71231037 -0053061
2300015133;KR OTOMATIS LLG-MANDIRI SEBASTIAN CITRA IN WHIPING CREAM BEAR D PAPA
2300008929;KR OTOMATIS LLG-MANDIRI YUDHO WANDONO ANGG 
MODERN TRADE;KR OTOMATIS LLG-MANDIRI FAJAR MITRA INDAH PT. Fajar Mitra In da
2300008466;KR OTOMATIS LLG-MANDIRI KOPERASI KARYA HUS PEMBAYARAN REKANAN TOKO
MODERN TRADE;KR OTOMATIS LLG-MANDIRI INDOMARCO PRISMATA IDM-HEAD OFFICE
2300006238;KR OTOMATIS LLG-MANDIRI MAHATI KARAWANG N7242790 BAI COFFE E
MODERN TRADE;KR OTOMATIS LLG-MANDIRI LUCKY STRATEGIS GRANDLUCKY SCBD
MODERN TRADE;KR OTOMATIS LLG-MANDIRI LUCKY STRATEGIS GRANDLUCKY SCBD
2300005019;KR OTOMATIS LLG-MANDIRI SRIBOGA MARUGAME I TTF 036333 -0053061
2300012554;KR OTOMATIS LLG-MANDIRI SUMBER SELERA INDO INV 5222411707 -0053061
2300001305;KR OTOMATIS LLG-MANDIRI RAJA RASA ALAMI Beli FM 5222412899 T240219PB011 -0053061
2300001305;KR OTOMATIS LLG-MANDIRI RAJA RASA ALAMI Beli FM 5222404308 T240219PB010 -0053061
MODERN TRADE;KR OTOMATIS LLG-MANDIRI MAHADANA DASHA UTA VDRTHIRD
MODERN TRADE;KR OTOMATIS LLG-MANDIRI HOKKY BERSAMA
MODERN TRADE;KR OTOMATIS LLG-MANDIRI HOKKY BERSAMA
2300015135;KR OTOMATIS LLG-MANDIRI MENSA JAKARTA N7347976 -0053061
2300015996;KR OTOMATIS LLG-MANDIRI CIPTA KIRANA WEHAR Greenfields 1 -0053061 
MODERN TRADE;KR OTOMATIS LLG-MANDIRI MITRA BELANJA ANDA GL PIK 
MODERN TRADE;KR OTOMATIS LLG-MANDIRI MITRA BELANJA ANDA GL PIK 
MODERN TRADE;KR OTOMATIS LLG-MANDIRI MITRA BELANJA ANDA GL MOI 
MODERN TRADE;KR OTOMATIS LLG-MANDIRI MITRA BELANJA ANDA GL MOI 
MODERN TRADE;KR OTOMATIS LLG-MANDIRI MITRA BELANJA ANDA GL BSD 
MODERN TRADE;KR OTOMATIS LLG-MANDIRI MITRA BELANJA ANDA GL BSD 
2300015495;KR OTOMATIS LLG-MANDIRI CERITA RASA KITA MILK N7231594 -0053061 
MODERN TRADE;KR OTOMATIS LLG-MANDIRI HOKKY TE IT
MODERN TRADE;KR OTOMATIS LLG-MANDIRI HOKKY TE IT
MODERN TRADE;KR OTOMATIS LLG-MANDIRI HOKKY TE IT
MODERN TRADE;KR OTOMATIS LLG-MANDIRI HOKKY TE IT
MODERN TRADE;KR OTOMATIS LLG-MANDIRI HOKKY TE IT
MODERN TRADE;KR OTOMATIS LLG-MANDIRI HOKKY TE IT
2300015404;KR OTOMATIS LLG-MANDIRI SAKSI-SAKSI YEHUWA SSYI
2300001305;KR OTOMATIS LLG-MANDIRI RAJA RASA ALAMI Beli FM 5222422394 T240227PB009 -0053061
2300003909;KR OTOMATIS LLG-MANDIRI NURTIRTA NUSA LEST
2300014375;KR OTOMATIS LLG-MANDIRI BRANDINA KULINER U BRANDINA
2300012494;KR OTOMATIS LLG-MANDIRI KOPKAR PT. PERTAGA PEMBAYARAN SUSU GR EENFIELDS UNTUK KE BUTUHAN D GADE JAN
2300005019;KR OTOMATIS LLG-MANDIRI SRIBOGA MARUGAME I TTF 042457 -0053061
2300012084;KR OTOMATIS LLG-MANDIRI SMART FOOD CONCEPT -0053061777 Clearing008537
2300012084;KR OTOMATIS LLG-MANDIRI SMART FOOD CONCEPT -0053061777 Clearing007535
2300006238;KR OTOMATIS LLG-MANDIRI MAHATI KARAWANG N7280752 BAI COFFE E
2300011289;KR OTOMATIS LLG-MANDIRI PANDA LESTARI inv N7288262 Panda Ho -0053061 
2300007476;KR OTOMATIS LLG-MANDIRI RETNO PUJI LESTARI KOPI LUWAK 
2300015495;KR OTOMATIS LLG-MANDIRI CERITA RASA KITA MILK N7253098 -0053061 
2300015996;KR OTOMATIS LLG-MANDIRI CIPTA KIRANA WEHAR Greenfield Milk 1 -0053061 
2300001162;KR OTOMATIS LLG-MANDIRI GELAEL SUPERMARKET 15681/83-P GY48056493-MT-2 .8 -0053061 
2300001162;KR OTOMATIS LLG-MANDIRI GELAEL SUPERMARKET 15682/84-85-P GY48056496-MT-2 .5 -0053061 
2300001162;KR OTOMATIS LLG-MANDIRI GELAEL SUPERMARKET 15679-P GY48056327-MT-1 .28 -0053061 
2300001162;KR OTOMATIS LLG-MANDIRI GELAEL SUPERMARKET 15680-P GY48056328-MT-1 .28 -0053061 
2300013780;KR OTOMATIS LLG-MANDIRI JEDO ABADI LESTARI Fresh Milk 26/2 202403071422585 940 -0053061
MODERN TRADE;KR OTOMATIS LLG-MANDIRI LUCKY STRATEGIS GRANDLUCKY SCBD
MODERN TRADE;KR OTOMATIS LLG-MANDIRI LUCKY STRATEGIS GRANDLUCKY SCBD
MODERN TRADE;KR OTOMATIS LLG-MANDIRI MAHADANA DASHA UTA VDRTHIRD
2300004435;KR OTOMATIS LLG-MANDIRI AROMA HARUM LESTAR PT AROMA -0053061
2300015996;KR OTOMATIS LLG-MANDIRI CIPTA KIRANA WEHAR Greenfield Susu 1 -0053061
MODERN TRADE;KR OTOMATIS LLG-MANDIRI HOKKY BERSAMA
2300013873;KR OTOMATIS LLG-MANDIRI INDO MAINT KARYA U IRNSDT.240200006
MODERN TRADE;KR OTOMATIS LLG-MANDIRI HOKKY BERSAMA
MODERN TRADE;KR OTOMATIS LLG-MANDIRI MITRA BELANJA ANDA GL PIK
MODERN TRADE;KR OTOMATIS LLG-MANDIRI MITRA BELANJA ANDA GL PIK
MODERN TRADE;KR OTOMATIS LLG-MANDIRI MITRA BELANJA ANDA GL MOI
MODERN TRADE;KR OTOMATIS LLG-MANDIRI MITRA BELANJA ANDA GL MOI
MODERN TRADE;KR OTOMATIS LLG-MANDIRI MITRA BELANJA ANDA GL BSD
MODERN TRADE;KR OTOMATIS LLG-MANDIRI MITRA BELANJA ANDA GL BSD
2300005019;KR OTOMATIS LLG-MANDIRI SRIBOGA MARUGAME I TTF 025792 -0053061
2300012044;KR OTOMATIS LLG-MANDIRI DIPURI SELARAS MEM Susu Green Fields -0053061
2300015404;KR OTOMATIS LLG-MANDIRI SAKSI-SAKSI YEHUWA SSYI
2300012554;KR OTOMATIS LLG-MANDIRI SUMBER SELERA INDO INV 5222424652 -0053061 
2300008905;KR OTOMATIS LLG-MANDIRI PESONNA INDONESIA Pemb Freshmilk TGC G Pemb Freshmilk TGCG-0053061 
MODERN TRADE;KR OTOMATIS LLG-MANDIRI HOKKY TE IT 
MODERN TRADE;KR OTOMATIS LLG-MANDIRI HOKKY TE IT 
MODERN TRADE;KR OTOMATIS LLG-MANDIRI HOKKY TE IT 
MODERN TRADE;KR OTOMATIS LLG-MANDIRI HOKKY TE IT 
MODERN TRADE;KR OTOMATIS LLG-MANDIRI HOKKY TE IT 
MODERN TRADE;KR OTOMATIS LLG-MANDIRI HOKKY TE IT 
2300015495;KR OTOMATIS LLG-MANDIRI CERITA RASA KITA MILK N7277092 -0053061 
2300005705;KR OTOMATIS LLG-MANDIRI KRAMAYUDHA RATUMOT Payment Vendor BK/036/03/2024 -0053061 
2300016423;KR OTOMATIS LLG-MANDIRI DEA UMYATI 
2300001162;KR OTOMATIS LLG-MANDIRI GELAEL SUPERMARKET 18490-P GY48056733-MT-2 .25 -0053061 
2300001162;KR OTOMATIS LLG-MANDIRI GELAEL SUPERMARKET 18491-P GY48056734-MT-2 .25 -0053061 
2300012044;KR OTOMATIS LLG-MANDIRI DIPURI SELARAS MEM Susu Greenfields -0053061
2300014375;KR OTOMATIS LLG-MANDIRI BRANDINA KULINER U BUNDAMEDIK
2300001162;KR OTOMATIS LLG-MANDIRI GELAEL SUPERMARKET 18493-P GY48056871-MT-2 .29 -0053061
2300001162;KR OTOMATIS LLG-MANDIRI GELAEL SUPERMARKET 15688-P GY48056639-MT-2 .16 -0053061
2300001162;KR OTOMATIS LLG-MANDIRI GELAEL SUPERMARKET 15687-P GY48056638-MT-2 .16 -0053061
2300001162;KR OTOMATIS LLG-MANDIRI GELAEL SUPERMARKET 15690-P GY48056819-MT-2 .23 -0053061
2300001162;KR OTOMATIS LLG-MANDIRI GELAEL SUPERMARKET 18494-P GY48056872-MT-3 .4 -0053061
2300001162;KR OTOMATIS LLG-MANDIRI GELAEL SUPERMARKET 15691-P GY48056820-MT-2 .18 -0053061
2300005019;KR OTOMATIS LLG-MANDIRI SRIBOGA MARUGAME I TTF 047316 -0053061
2300001162;KR OTOMATIS LLG-MANDIRI GELAEL SUPERMARKET 15689-P GY48056640-MT-2 .20 -0053061
2300015996;KR OTOMATIS LLG-MANDIRI CIPTA KIRANA WEHAR Greenfield Milk 1 -0053061
2300014568;KR OTOMATIS LLG-MANDIRI ANGKASA PURA PROPE ANR_GREENFIELD_JAN 24IP-2400188 -0053061
2300014568;KR OTOMATIS LLG-MANDIRI ANGKASA PURA PROPE ANR_GREENFIELD_FEB 24IP-2400350 -0053061
2300012084;KR OTOMATIS LLG-MANDIRI SMART FOOD CONCEPT -0053061777 Clearing125904
2300012084;KR OTOMATIS LLG-MANDIRI SMART FOOD CONCEPT -0053061777 Clearing127904
2300015495;KR OTOMATIS LLG-MANDIRI CERITA RASA KITA MILK N7300769 -0053061
2300008491;KR OTOMATIS LLG-MANDIRI ENDRESS+HAUSER IND -0053061777 Clearing358773
DISTRIBUTOR GREENFIELDS;KR OTOMATIS LLG-MANDIRI INTAN SUKSES INSPI pt isi pdg -0053061
MODERN TRADE;KR OTOMATIS LLG-MANDIRI MAHADANA DASHA UTA VDRTHIRD
MODERN TRADE;KR OTOMATIS LLG-MANDIRI LUCKY STRATEGIS GRANDLUCKY SCBD
MODERN TRADE;KR OTOMATIS LLG-MANDIRI LUCKY STRATEGIS GRANDLUCKY SCBD
2300005019;KR OTOMATIS LLG-MANDIRI SRIBOGA MARUGAME I TTF 042130 -0053061
2300015996;KR OTOMATIS LLG-MANDIRI CIPTA KIRANA WEHAR Greenfields 1 -0053061
2300006238;KR OTOMATIS LLG-MANDIRI MAHATI KARAWANG N7346608 NAI COFFE E
MODERN TRADE;KR OTOMATIS LLG-MANDIRI HOKKY BERSAMA
MODERN TRADE;KR OTOMATIS LLG-MANDIRI HOKKY BERSAMA
2300015133;KR OTOMATIS LLG-MANDIRI SEBASTIAN CITRA IN WHIPING CREAM BEAR D PAPA JAKARTA
2300001162;KR OTOMATIS LLG-MANDIRI GELAEL SUPERMARKET 18496-P GY48057415-MT-3 .17 -0053061
2300001162;KR OTOMATIS LLG-MANDIRI GELAEL SUPERMARKET 18497-P GY48057414-MT-3 .18 -0053061
2300016248;KR OTOMATIS LLG-MANDIRI DJUWITA FANYWATI S 24 susu
2300015495;KR OTOMATIS LLG-MANDIRI CERITA RASA KITA MILK N7323185 -0053061
MODERN TRADE;KR OTOMATIS LLG-MANDIRI MITRA BELANJA ANDA GL BSD
MODERN TRADE;KR OTOMATIS LLG-MANDIRI MITRA BELANJA ANDA GL MOI
MODERN TRADE;KR OTOMATIS LLG-MANDIRI MITRA BELANJA ANDA GL PIK
MODERN TRADE;KR OTOMATIS LLG-MANDIRI MITRA BELANJA ANDA GL BSD
MODERN TRADE;KR OTOMATIS LLG-MANDIRI MITRA BELANJA ANDA GL MOI
MODERN TRADE;KR OTOMATIS LLG-MANDIRI MITRA BELANJA ANDA GL PIK
2300005019;KR OTOMATIS LLG-MANDIRI SRIBOGA MARUGAME I TTF 046744 -0053008 
2300005019;KR OTOMATIS LLG-MANDIRI SRIBOGA MARUGAME I TTF 045027 -0053008 
2300003909;KR OTOMATIS LLG-MANDIRI NURTIRTA NUSA LEST 
MODERN TRADE;KR OTOMATIS LLG-MANDIRI HOKKY TE IT 
MODERN TRADE;KR OTOMATIS LLG-MANDIRI HOKKY TE IT 
MODERN TRADE;KR OTOMATIS LLG-MANDIRI HOKKY TE IT 
MODERN TRADE;KR OTOMATIS LLG-MANDIRI HOKKY TE IT 
MODERN TRADE;KR OTOMATIS LLG-MANDIRI HOKKY TE IT 
2300012084;KR OTOMATIS LLG-MANDIRI SMART FOOD CONCEPT -0053061777 Clearing302856 
2300012554;KR OTOMATIS LLG-MANDIRI SUMBER SELERA INDO -0053008663 Clearing825854
2300012554;KR OTOMATIS LLG-MANDIRI SUMBER SELERA INDO 5222449847 -0053008
2300001162;KR OTOMATIS LLG-MANDIRI GELAEL SUPERMARKET 15692-P GY48057607-MT-2 .25 -0053061 
2300001162;KR OTOMATIS LLG-MANDIRI GELAEL SUPERMARKET 15693-94-P GY48057609-MT-2 .25 -0053061 
2300001162;KR OTOMATIS LLG-MANDIRI GELAEL SUPERMARKET 15697-98-P GY48057608-MT-3 .2 -0053061 
2300001162;KR OTOMATIS LLG-MANDIRI GELAEL SUPERMARKET 18495-P GY48057001-MT-3 .7 -0053061 
2300015495;KR OTOMATIS LLG-MANDIRI CERITA RASA KITA MILK N7369127 -0053008
2300015495;KR OTOMATIS LLG-MANDIRI CERITA RASA KITA -0053008663 Clearing539632
2300014375;KR OTOMATIS LLG-MANDIRI BRANDINA KULINER U BRANDINA 
2300015996;KR OTOMATIS LLG-MANDIRI CIPTA KIRANA WEHAR Greenfield W Cafe 1 -0053061 
2300001162;KR OTOMATIS LLG-MANDIRI GELAEL SUPERMARKET 15696/699-700-P GY48057610-MT-3 .11 -0053061 
MODERN TRADE;KR OTOMATIS LLG-MANDIRI MAHADANA DASHA UTA VDRTHIRD 
2300008466;KR OTOMATIS LLG-MANDIRI KOPERASI KARYA HUS PBY REKANAN TOKO 
2300013873;KR OTOMATIS LLG-MANDIRI INDO MAINT KARYA U IRNSDT.240300003
2300005705;KR OTOMATIS LLG-MANDIRI KRAMAYUDHA RATUMOT Payment Vendor BK/039/04/2024 -0053008
2300005019;KR OTOMATIS LLG-MANDIRI SRIBOGA MARUGAME I TTF 015676 -0053008
2300005019;KR OTOMATIS LLG-MANDIRI SRIBOGA MARUGAME I TTF 045028 -0053008
2300012044;KR OTOMATIS LLG-MANDIRI DIPURI SELARAS MEM susu Green Fields -0053008
2300012044;KR OTOMATIS LLG-MANDIRI DIPURI SELARAS MEM susu Greenfields -0053008
2300012044;KR OTOMATIS LLG-MANDIRI DIPURI SELARAS MEM susu Greenfields -0053008
2300015404;KR OTOMATIS LLG-MANDIRI SAKSI-SAKSI YEHUWA SSYI
2300015404;KR OTOMATIS LLG-MANDIRI SAKSI-SAKSI YEHUWA SSYI
2300012084;KR OTOMATIS LLG-MANDIRI SMART FOOD CONCEPT -0053061777 Clearing819683 
MODERN TRADE;KR OTOMATIS LLG-MANDIRI HOKKY TE IT 
MODERN TRADE;KR OTOMATIS LLG-MANDIRI HOKKY TE IT 
MODERN TRADE;KR OTOMATIS LLG-MANDIRI HOKKY TE IT 
MODERN TRADE;KR OTOMATIS LLG-MANDIRI HOKKY TE IT 
MODERN TRADE;KR OTOMATIS LLG-MANDIRI HOKKY TE IT 
MODERN TRADE;KR OTOMATIS LLG-MANDIRI HOKKY TE IT 
2300016653;KR OTOMATIS LLG-MANDIRI INDOCATER IR34.240300094 -0053061777 e 
MODERN TRADE;KR OTOMATIS LLG-MANDIRI HOKKY BERSAMA 
MODERN TRADE;KR OTOMATIS LLG-MANDIRI HOKKY BERSAMA 
2300015239;KR OTOMATIS LLG-MANDIRI DAMAI INDAH GOLF 
MODERN TRADE;KR OTOMATIS LLG-MANDIRI MITRA BELANJA ANDA GL PIK 
MODERN TRADE;KR OTOMATIS LLG-MANDIRI MITRA BELANJA ANDA GL PIK 
MODERN TRADE;KR OTOMATIS LLG-MANDIRI MITRA BELANJA ANDA GL BSD 
MODERN TRADE;KR OTOMATIS LLG-MANDIRI MITRA BELANJA ANDA GL BSD 
MODERN TRADE;KR OTOMATIS LLG-MANDIRI MITRA BELANJA ANDA GL MOI 
MODERN TRADE;KR OTOMATIS LLG-MANDIRI MITRA BELANJA ANDA GL MOI 
MODERN TRADE;KR OTOMATIS LLG-MANDIRI LUCKY STRATEGIS GRANDLUCKY SCBD 
MODERN TRADE;KR OTOMATIS LLG-MANDIRI LUCKY STRATEGIS GRANDLUCKY SCBD 
2300007476;KR OTOMATIS LLG-MANDIRI RETNO PUJI LESTARI KOPI LUWAK 
2300001162;KR OTOMATIS LLG-MANDIRI GELAEL SUPERMARKET 18500-P GY48057829-MT-4 .8 -0053061 
2300001162;KR OTOMATIS LLG-MANDIRI GELAEL SUPERMARKET 18498-P GY48057835-MT-4 .1 -0053061 
2300006238;KR OTOMATIS LLG-MANDIRI MAHATI KARAWANG N7421778 BAI COFFE E
2300015063;KR OTOMATIS LLG-MANDIRI INFINITY INVESTASI N7395978 -0053008663 e
2300011289;KR OTOMATIS LLG-MANDIRI PANDA LESTARI -0053061777 Clearing716829
2300008491;KR OTOMATIS LLG-MANDIRI ENDRESS+HAUSER IND -0053061777 Clearing338607
2300008157;KR OTOMATIS LLG-MANDIRI TALENTA PACKAGING -0053061777 Clearing335821
MODERN TRADE;KR OTOMATIS LLG-MANDIRI MAHADANA DASHA UTA VDRTHIRD
2300012044;KR OTOMATIS LLG-MANDIRI DIPURI SELARAS MEM susu Greenfields -0053008
2300005019;KR OTOMATIS LLG-MANDIRI SRIBOGA MARUGAME I TTF 035424 -0053008
2300012554;KR OTOMATIS LLG-MANDIRI SUMBER SELERA INDO 60280,7516 -0053061777 e
2300014568;KR OTOMATIS LLG-MANDIRI ANGKASA PURA PROPE ANR_GREENFIELDFEB2 4 IP-2400519 -0053061
2300015709;KR OTOMATIS LLG-MANDIRI DEMPO NIPAH ANDALA GF Milk N7493742 Bacaritokopi -0053061
MODERN TRADE;KR OTOMATIS LLG-MANDIRI LUCKY STRATEGIS GRANDLUCKY SCBD
MODERN TRADE;KR OTOMATIS LLG-MANDIRI LUCKY STRATEGIS GRANDLUCKY SCBD
2300015495;KR OTOMATIS LLG-MANDIRI CERITA RASA KITA N7418229 MILK -0053008
2300015404;KR OTOMATIS LLG-MANDIRI SAKSI-SAKSI YEHUWA SSYI
2300005515;KR OTOMATIS LLG-MANDIRI EMA INTI MITRA -0053008663 Clearing112932
MODERN TRADE;KR OTOMATIS LLG-MANDIRI INDOMARCO PRISMATA IDM-HEAD OFFICE
MODERN TRADE;KR OTOMATIS LLG-MANDIRI FAJAR MITRA INDAH PT. Fajar Mitra In da
MODERN TRADE;KR OTOMATIS LLG-MANDIRI HOKKY BERSAMA
MODERN TRADE;KR OTOMATIS LLG-MANDIRI HOKKY BERSAMA
MODERN TRADE;KR OTOMATIS LLG-MANDIRI MITRA BELANJA ANDA GL BSD
MODERN TRADE;KR OTOMATIS LLG-MANDIRI MITRA BELANJA ANDA GL BSD
MODERN TRADE;KR OTOMATIS LLG-MANDIRI MITRA BELANJA ANDA GL MOI
MODERN TRADE;KR OTOMATIS LLG-MANDIRI MITRA BELANJA ANDA GL MOI
MODERN TRADE;KR OTOMATIS LLG-MANDIRI MITRA BELANJA ANDA GL PIK
MODERN TRADE;KR OTOMATIS LLG-MANDIRI MITRA BELANJA ANDA GL PIK
2300005019;KR OTOMATIS LLG-MANDIRI SRIBOGA MARUGAME I TTF 035425 -0053061
2300006238;KR OTOMATIS LLG-MANDIRI MAHATI KARAWANG N7463084 BAI COFFE E
2300001162;KR OTOMATIS LLG-MANDIRI GELAEL SUPERMARKET 41755-P GY48058043-MT-3 .24 -0053061
2300015495;KR OTOMATIS LLG-MANDIRI CERITA RASA KITA MILK N7443391 -0053008
2300015404;KR OTOMATIS LLG-MANDIRI SAKSI-SAKSI YEHUWA SSYI
2300011289;KR OTOMATIS LLG-MANDIRI PANDA LESTARI -0053061777 Clearing651998
2300003909;KR OTOMATIS LLG-MANDIRI NURTIRTA NUSA LEST
2300015133;KR OTOMATIS LLG-MANDIRI SEBASTIAN CITRA IN WHIPING CREAM BEAR D PAPA
2300015996;KR OTOMATIS LLG-MANDIRI CIPTA KIRANA WEHAR Greenfield W Cafe 1 -0053061
2300012044;KR OTOMATIS LLG-MANDIRI DIPURI SELARAS MEM susu Greenfields -0053008
2300013780;KR OTOMATIS LLG-MANDIRI JEDO ABADI LESTARI Fresh Milk 25/4 202405021740854 904 -0053008
2300012044;KR OTOMATIS LLG-MANDIRI DIPURI SELARAS MEM Susu Greenfields -0053008
2300015126;KR OTOMATIS LLG-MANDIRI KEDAI KOPI DAN TEH GREENDFILEDS
2300001162;KR OTOMATIS LLG-MANDIRI GELAEL SUPERMARKET 41756-P GY48058044-MT-3 .17 -0053061
2300001162;KR OTOMATIS LLG-MANDIRI GELAEL SUPERMARKET 41754/57-P GY48058775-MT-4 .25 -0053061
2300001162;KR OTOMATIS LLG-MANDIRI GELAEL SUPERMARKET 41759-P GY48058733-MT-4 .25 -0053061
2300001162;KR OTOMATIS LLG-MANDIRI GELAEL SUPERMARKET 41758/60-P GY48058776-MT-4 .1 -0053061
2300015404;KR OTOMATIS LLG-MANDIRI SAKSI-SAKSI YEHUWA SSYI
2300015495;KR OTOMATIS LLG-MANDIRI CERITA RASA KITA MILK N7468501 -0053008
MODERN TRADE;KR OTOMATIS LLG-MANDIRI LUCKY STRATEGIS GRANDLUCKY SCBD
MODERN TRADE;KR OTOMATIS LLG-MANDIRI LUCKY STRATEGIS GRANDLUCKY SCBD
2300007476;KR OTOMATIS LLG-MANDIRI KOPI LUWAK KOPI LUWAK
2300013780;KR OTOMATIS LLG-MANDIRI JEDO ABADI LESTARI Fresh Milk 4/5 202405071526548 620 -0053008
2300015996;KR OTOMATIS LLG-MANDIRI CIPTA KIRANA WEHAR Greenfiled W Cafe 1 -0053061 
MODERN TRADE;KR OTOMATIS LLG-MANDIRI MAHADANA DASHA UTA VDRTHIIRD 
MODERN TRADE;KR OTOMATIS LLG-MANDIRI HOKKY BERSAMA 
MODERN TRADE;KR OTOMATIS LLG-MANDIRI HOKKY BERSAMA 
2300005019;KR OTOMATIS LLG-MANDIRI SRIBOGA MARUGAME I TTF 035426 -0053061 
MODERN TRADE;KR OTOMATIS LLG-MANDIRI MITRA BELANJA ANDA GL PIK 
MODERN TRADE;KR OTOMATIS LLG-MANDIRI MITRA BELANJA ANDA GL MOI 
MODERN TRADE;KR OTOMATIS LLG-MANDIRI MITRA BELANJA ANDA GL PIK 
MODERN TRADE;KR OTOMATIS LLG-MANDIRI INDOMARCO PRISMATA IDM-HEAD OFFICE 
2300001162;KR OTOMATIS LLG-MANDIRI GELAEL SUPERMARKET 48046-P GY48059433-MT-4 .20 -0053061 
2300001162;KR OTOMATIS LLG-MANDIRI GELAEL SUPERMARKET 48044-P GY48059434-MT-4 .25 -0053061 
2300013873;KR OTOMATIS LLG-MANDIRI INDO MAINT KARYA U IRNSDT.240400003
2300015126;KR OTOMATIS LLG-MANDIRI KEDAI KOPI DAN TEH PT GREENFIELDS DAI RY
2300015996;KR OTOMATIS LLG-MANDIRI CIPTA KIRANA WEHAR Greenfield Milk 1 -0053061
MODERN TRADE;KR OTOMATIS LLG-MANDIRI HOKKY TE IT
MODERN TRADE;KR OTOMATIS LLG-MANDIRI HOKKY TE IT
MODERN TRADE;KR OTOMATIS LLG-MANDIRI HOKKY TE IT
MODERN TRADE;KR OTOMATIS LLG-MANDIRI HOKKY TE IT
MODERN TRADE;KR OTOMATIS LLG-MANDIRI HOKKY TE IT
MODERN TRADE;KR OTOMATIS LLG-MANDIRI HOKKY TE IT
2300001162;KR OTOMATIS LLG-MANDIRI GELAEL SUPERMARKET 41762-P GY48059017-MT-4 .12 -0053061
2300006238;KR OTOMATIS LLG-MANDIRI MAHATI KARAWANG N7513947 BAI COFFE E
2300015404;KR OTOMATIS LLG-MANDIRI SAKSI-SAKSI YEHUWA SSYI
2300015495;KR OTOMATIS LLG-MANDIRI CERITA RASA KITA MILK N7496036 -0053008
2300012554;KR OTOMATIS LLG-MANDIRI SUMBER SELERA INDO INV 5222475606, 52 10 -0053008
2300005515;KR OTOMATIS LLG-MANDIRI EMA INTI MITRA -0053008663 Clearing517528
2300001162;KR OTOMATIS LLG-MANDIRI GELAEL SUPERMARKET 41761/63-P GY48059012-MT-4 .12 -0053061
2300012044;KR OTOMATIS LLG-MANDIRI DIPURI SELARAS MEM Susu Greenfields -0053008
2300011289;KR OTOMATIS LLG-MANDIRI PANDA LESTARI Pembelian susu grn fl -0053061
2300005019;KR OTOMATIS LLG-MANDIRI SRIBOGA MARUGAME I TTF 040358 -0053008
2300012554;KR OTOMATIS LLG-MANDIRI SUMBER SELERA INDO INV 5210052236 -0053008
2300014568;KR OTOMATIS LLG-MANDIRI ANGKASA PURA PROPE ANR_GREENFIELDMAR2 4 IP-2400582 -0053061
2300014568;KR OTOMATIS LLG-MANDIRI ANGKASA PURA PROPE ANR_GREENFIELDMAR2 4 IP-2400700 -0053061
2300014568;KR OTOMATIS LLG-MANDIRI ANGKASA PURA PROPE ANR_GREENFIELDAPR2 4 IP-2400701 -0053061
2300014375;KR OTOMATIS LLG-MANDIRI BRANDINA KULINER U BRANDINA
2300005019;KR OTOMATIS LLG-MANDIRI SRIBOGA MARUGAME I TTF 054108 -0053061
2300004435;KR OTOMATIS LLG-MANDIRI AROMA HARUM LESTAR PT AROMA -0053061
2300015404;KR OTOMATIS LLG-MANDIRI SAKSI-SAKSI YEHUWA SSYI
2300015126;KR OTOMATIS LLG-MANDIRI KEDAI KOPI DAN TEH PT. GREENFIELDS DA IR
2300005550;KR OTOMATIS LLG-MANDIRI GANESHA SANSKRITIK greenfields 23-26A PR -0053008
2300005019;KR OTOMATIS LLG-MANDIRI SRIBOGA MARUGAME I TTF 046745 -0053008
MODERN TRADE;KR OTOMATIS LLG-MANDIRI MAHADANA DASHA UTA VDRTHIRD
MODERN TRADE;KR OTOMATIS LLG-MANDIRI HOKKY BERSAMA
MODERN TRADE;KR OTOMATIS LLG-MANDIRI MITRA BELANJA ANDA GL MOI
MODERN TRADE;KR OTOMATIS LLG-MANDIRI MITRA BELANJA ANDA GL MOI
MODERN TRADE;KR OTOMATIS LLG-MANDIRI MITRA BELANJA ANDA GL PIK
MODERN TRADE;KR OTOMATIS LLG-MANDIRI MITRA BELANJA ANDA GL BSD
MODERN TRADE;KR OTOMATIS LLG-MANDIRI MITRA BELANJA ANDA GL BSD
MODERN TRADE;KR OTOMATIS LLG-MANDIRI MITRA BELANJA ANDA GL PIK
2300015404;KR OTOMATIS LLG-MANDIRI SAKSI-SAKSI YEHUWA SSYI
2300015996;KR OTOMATIS LLG-MANDIRI CIPTA KIRANA WEHAR Greenfield W Cafe 1 -0053061
MODERN TRADE;KR OTOMATIS LLG-MANDIRI HOKKY TE IT
2300006238;KR OTOMATIS LLG-MANDIRI MAHATI KARAWANG N7554582 BAI COFFE E
MODERN TRADE;KR OTOMATIS LLG-MANDIRI FAJAR MITRA INDAH PT. Fajar Mitra In da
MODERN TRADE;KR OTOMATIS LLG-MANDIRI HOKKY TE IT
MODERN TRADE;KR OTOMATIS LLG-MANDIRI HOKKY TE IT
2000078772;KR OTOMATIS LLG-MANDIRI OLATTE RSCM INV 17-4-24
2300001162;KR OTOMATIS LLG-MANDIRI GELAEL SUPERMARKET 28123-P GY48060189-MT-5 .8 -0053061
2300003909;KR OTOMATIS LLG-MANDIRI NURTIRTA NUSA LEST
2300016721;KR OTOMATIS LLG-MANDIRI SUPRABAKTI MANDIRI 80801 -0053061
2300003909;KR OTOMATIS LLG-MANDIRI NURTIRTA NUSA LEST
2300012044;KR OTOMATIS LLG-MANDIRI DIPURI SELARAS MEM susu greenfields -0053008
2300005019;KR OTOMATIS LLG-MANDIRI SRIBOGA MARUGAME I TTF 047317 -0053008
2300005019;KR OTOMATIS LLG-MANDIRI SRIBOGA MARUGAME I TTF 040359 -0053061
2300016959;KR OTOMATIS LLG-MANDIRI ROEMAH KOFFIE INDO N7546185 N7557614 -0053008663 e
2300012554;KR OTOMATIS LLG-MANDIRI SUMBER SELERA INDO INV 5210063555 -0053008
2300016653;KR OTOMATIS LLG-MANDIRI INDOCATER IR34.240500020 -0053061777 e
2300001162;KR OTOMATIS LLG-MANDIRI GELAEL SUPERMARKET 41764-P GY48060006-MT-4 .18 -0053061
2300001162;KR OTOMATIS LLG-MANDIRI GELAEL SUPERMARKET 41765-P GY48060007-MT-4 .25 -0053061
2300014375;KR OTOMATIS LLG-MANDIRI BRANDINA KULINER U BRANDINA
2300007476;KR OTOMATIS LLG-MANDIRI RETNO PUJI LESTARI KOPI LUWAK
2300015996;KR OTOMATIS LLG-MANDIRI CIPTA KIRANA WEHAR Greenfield Order 1 -0053061
2300001162;KR OTOMATIS LLG-MANDIRI GELAEL SUPERMARKET 41766-P GY48060097-MT-5 .25 -0053061
MODERN TRADE;KR OTOMATIS LLG-MANDIRI FAJAR MITRA INDAH PT. Fajar Mitra In da
2300011289;KR OTOMATIS LLG-MANDIRI PANDA LESTARI Pembelian susu -0053061
2300001162;KR OTOMATIS LLG-MANDIRI GELAEL SUPERMARKET 41759.1 GY48060354-MT-3 .28 -0053061
2300001162;KR OTOMATIS LLG-MANDIRI GELAEL SUPERMARKET 41767-P GY48060093-MT-4 .29 -0053061
2300012044;KR OTOMATIS LLG-MANDIRI DIPURI SELARAS MEM susu greenfields -0053008
2300012044;KR OTOMATIS LLG-MANDIRI DIPURI SELARAS MEM susu greenfields -0053008
2300012044;KR OTOMATIS LLG-MANDIRI DIPURI SELARAS MEM susu greenfields -0053008
2300006238;KR OTOMATIS LLG-MANDIRI MAHATI KARAWANG N7589769 BAI COFFE E
MODERN TRADE;KR OTOMATIS LLG-MANDIRI LUCKY STRATEGIS GRANDLUCKY SCBD
MODERN TRADE;KR OTOMATIS LLG-MANDIRI LUCKY STRATEGIS GRANDLUCKY SCBD
2300001162;KR OTOMATIS LLG-MANDIRI GELAEL SUPERMARKET 41768-69-P GY48060094-MT-4 .30 -0053061
2300005019;KR OTOMATIS LLG-MANDIRI SRIBOGA MARUGAME I TTF 046746 #328 -0053061
2300013873;KR OTOMATIS LLG-MANDIRI INDO MAINT KARYA U IRNSDT.240500006
MODERN TRADE;KR OTOMATIS LLG-MANDIRI MAHADANA DASHA UTA VDRTHIRD
MODERN TRADE;KR OTOMATIS LLG-MANDIRI HOKKY BERSAMA
2300015996;KR OTOMATIS LLG-MANDIRI CIPTA KIRANA WEHAR Greenfield W Cafe 1 -0053061
2300001162;KR OTOMATIS LLG-MANDIRI GELAEL SUPERMARKET 41770-P GY48059565-MT-5 .3 -0053061
2300001162;KR OTOMATIS LLG-MANDIRI GELAEL SUPERMARKET 41771-P GY48059566-MT-5 .3 -0053061
MODERN TRADE;KR OTOMATIS LLG-MANDIRI FAJAR MITRA INDAH PT. Fajar Mitra In da
MODERN TRADE;KR OTOMATIS LLG-MANDIRI MITRA BELANJA ANDA GL PIK
MODERN TRADE;KR OTOMATIS LLG-MANDIRI MITRA BELANJA ANDA GL MOI
MODERN TRADE;KR OTOMATIS LLG-MANDIRI MITRA BELANJA ANDA GL MOI
MODERN TRADE;KR OTOMATIS LLG-MANDIRI MITRA BELANJA ANDA GL BSD
MODERN TRADE;KR OTOMATIS LLG-MANDIRI MITRA BELANJA ANDA GL BSD
MODERN TRADE;KR OTOMATIS LLG-MANDIRI MITRA BELANJA ANDA GL PIK
MODERN TRADE;KR OTOMATIS LLG-MANDIRI HOKKY TE IT
MODERN TRADE;KR OTOMATIS LLG-MANDIRI HOKKY TE IT
MODERN TRADE;KR OTOMATIS LLG-MANDIRI HOKKY TE IT
MODERN TRADE;KR OTOMATIS LLG-MANDIRI HOKKY TE IT
MODERN TRADE;KR OTOMATIS LLG-MANDIRI HOKKY TE IT
MODERN TRADE;KR OTOMATIS LLG-MANDIRI HOKKY TE IT
2300015404;KR OTOMATIS LLG-MANDIRI SAKSI-SAKSI YEHUWA SSYI
2300012044;KR OTOMATIS LLG-MANDIRI DIPURI SELARAS MEM Susu Greenfields -0053008
2300012494;KR OTOMATIS LLG-MANDIRI KOPKAR PT. PERTAGA SUSU GREENFIELDS U NTUK KEBUTUHAN D G AS COFFE PER
2300005550;KR OTOMATIS LLG-MANDIRI GANESHA SANSKRITIK greenfields, 14may -0053008
2300005705;KR OTOMATIS LLG-MANDIRI KRAMAYUDHA RATUMOT Payment Vendor BK/061/06/2024 -0053008
2300005019;KR OTOMATIS LLG-MANDIRI SRIBOGA MARUGAME I TTF 047318 #712 -0053008
2300012554;KR OTOMATIS LLG-MANDIRI SUMBER SELERA INDO INV 5210078440 -0053008
2300014568;KR OTOMATIS LLG-MANDIRI ANGKASA PURA PROPE ANR_GREENFIELDMEI2 4 IP-2400813 -0053008
2300015133;KR OTOMATIS LLG-MANDIRI SEBASTIAN CITRA IN WHIPING CREAM BEAR D PAPA
2300015404;KR OTOMATIS LLG-MANDIRI SAKSI-SAKSI YEHUWA SSYI
2300015996;KR OTOMATIS LLG-MANDIRI CIPTA KIRANA WEHAR Order W Cafe 1 -0053061
2300014375;KR OTOMATIS LLG-MANDIRI BRANDINA KULINER U BRANDINA
2300001162;KR OTOMATIS LLG-MANDIRI GELAEL SUPERMARKET 51057-P GY48060713-MT-5 .18 -0053061
2300001162;KR OTOMATIS LLG-MANDIRI GELAEL SUPERMARKET 28124-P GY48060714-MT-6 .2 -0053061
2300005550;KR OTOMATIS LLG-MANDIRI GANESHA SANSKRITIK GREENFIEL22,25,29M AY -0053008
2300006238;KR OTOMATIS LLG-MANDIRI MAHATI KARAWANG N7632119 BAI COFFE E
2300013826;KR OTOMATIS LLG-MANDIRI OLATTE INV 02 04 24
2300008929;KR OTOMATIS LLG-MANDIRI YUDHO WANDONO ANGG INV 1210111593 fre shmilk 20 ctn
MODERN TRADE;KR OTOMATIS LLG-MANDIRI INDOMARCO PRISMATA IDM-HEAD OFFICE
2300001162;KR OTOMATIS LLG-MANDIRI GELAEL SUPERMARKET 41772-P GY48060861-MT-6 .27 -0053061
MODERN TRADE;KR OTOMATIS LLG-MANDIRI LUCKY STRATEGIS GRANDLUCKY SCBD
MODERN TRADE;KR OTOMATIS LLG-MANDIRI LUCKY STRATEGIS GRANDLUCKY SCBD
2300005019;KR OTOMATIS LLG-MANDIRI SRIBOGA MARUGAME I TTF 047319 #1045 -0053008
MODERN TRADE;KR OTOMATIS LLG-MANDIRI MAHADANA DASHA UTA VDRTHIRD
MODERN TRADE;KR OTOMATIS LLG-MANDIRI MAHADANA DASHA UTA VDRTHIRD
2300012554;KR OTOMATIS LLG-MANDIRI SUMBER SELERA INDO INV 5210082518 -0053008
2300015404;KR OTOMATIS LLG-MANDIRI SAKSI-SAKSI YEHUWA SSYI
2300015126;KR OTOMATIS LLG-MANDIRI KEDAI KOPI DAN TEH Fresh Milk Greenfi e
2300015996;KR OTOMATIS LLG-MANDIRI CIPTA KIRANA WEHAR Greenfield Order 1 -0053061
2300007476;KR OTOMATIS LLG-MANDIRI RETNO PUJI LESTARI KOPI LUWAK
2300005550;KR OTOMATIS LLG-MANDIRI GANESHA SANSKRITIK greenfields4-Jun-2 4 -0053008
MODERN TRADE;KR OTOMATIS LLG-MANDIRI HOKKY BERSAMA
MODERN TRADE;KR OTOMATIS LLG-MANDIRI HOKKY BERSAMA
MODERN TRADE;KR OTOMATIS LLG-MANDIRI HOKKY BERSAMA
2300001162;KR OTOMATIS LLG-MANDIRI GELAEL SUPERMARKET 28125-P GY48061296-MT-6 .16 -0053061
MODERN TRADE;KR OTOMATIS LLG-MANDIRI HOKKY BERSAMA
2300001162;KR OTOMATIS LLG-MANDIRI GELAEL SUPERMARKET 28125-P GY48061296-MT-6 .16 -0053061
MODERN TRADE;KR OTOMATIS LLG-MANDIRI MITRA BELANJA ANDA GL MOI
MODERN TRADE;KR OTOMATIS LLG-MANDIRI MITRA BELANJA ANDA GL MOI
MODERN TRADE;KR OTOMATIS LLG-MANDIRI MITRA BELANJA ANDA GL PIK
MODERN TRADE;KR OTOMATIS LLG-MANDIRI MITRA BELANJA ANDA GL PIK
MODERN TRADE;KR OTOMATIS LLG-MANDIRI MITRA BELANJA ANDA GL BSD
MODERN TRADE;KR OTOMATIS LLG-MANDIRI MITRA BELANJA ANDA GL BSD
MODERN TRADE;KR OTOMATIS LLG-MANDIRI FAJAR MITRA INDAH PT. Fajar Mitra In da
MODERN TRADE;KR OTOMATIS LLG-MANDIRI INDOMARCO PRISMATA IDM-HEAD OFFICE
2300001162;KR OTOMATIS LLG-MANDIRI GELAEL SUPERMARKET 41774-P GY48060845-MT-6 .28 -0053061
2300003909;KR OTOMATIS LLG-MANDIRI NURTIRTA NUSA LEST
2300003909;KR OTOMATIS LLG-MANDIRI NURTIRTA NUSA LEST
MODERN TRADE;KR OTOMATIS LLG-MANDIRI HOKKY TE IT
MODERN TRADE;KR OTOMATIS LLG-MANDIRI HOKKY TE IT
MODERN TRADE;KR OTOMATIS LLG-MANDIRI HOKKY TE IT
MODERN TRADE;KR OTOMATIS LLG-MANDIRI HOKKY TE IT
MODERN TRADE;KR OTOMATIS LLG-MANDIRI HOKKY TE IT
MODERN TRADE;KR OTOMATIS LLG-MANDIRI HOKKY TE IT
2300005019;KR OTOMATIS LLG-MANDIRI SRIBOGA MARUGAME I TTF 053725 #1555 -0053008
MODERN TRADE;KR OTOMATIS LLG-MANDIRI HOKKY TE IT
2300006238;KR OTOMATIS LLG-MANDIRI MAHATI KARAWANG N7663842 BAI COFFE E
MODERN TRADE;KR OTOMATIS LLG-MANDIRI FAJAR MITRA INDAH PT. Fajar Mitra In da
2300001162;KR OTOMATIS LLG-MANDIRI GELAEL SUPERMARKET 41773-P GY48060868-MT-5 .2 -0053061
2300001162;KR OTOMATIS LLG-MANDIRI GELAEL SUPERMARKET 41778-P GY48061208-MT-5 .28 -0053061
2300015133;KR OTOMATIS LLG-MANDIRI SEBASTIAN CITRA IN WHIPPING CREAM BEA RD PAPA
2300015404;KR OTOMATIS LLG-MANDIRI SAKSI-SAKSI YEHUWA SSYI
2300015996;KR OTOMATIS LLG-MANDIRI CIPTA KIRANA WEHAR Order W Cafe 1 -0053061
MODERN TRADE;KR OTOMATIS LLG-MANDIRI SUPRA BOGA LESTARI 20240705-00657
MODERN TRADE;KR OTOMATIS LLG-MANDIRI SUPRA BOGA LESTARI 20240705-00657
2300001162;KR OTOMATIS LLG-MANDIRI GELAEL SUPERMARKET 41775-T6-P GY48061210-MT-4 .7 -0053061
MODERN TRADE;KR OTOMATIS LLG-MANDIRI LUCKY STRATEGIS GRANDLUCKY SCBD
MODERN TRADE;KR OTOMATIS LLG-MANDIRI LUCKY STRATEGIS GRANDLUCKY SCBD
MODERN TRADE;KR OTOMATIS LLG-MANDIRI MAHADANA DASHA UTA VDRTHIRD
2300013873;KR OTOMATIS LLG-MANDIRI INDO MAINT KARYA U IRNSDT.240600006
2300013826;KR OTOMATIS LLG-MANDIRI OLATTE INV 20 25 4 2024 T ML RSCM
2300015133;KR OTOMATIS LLG-MANDIRI SEBASTIAN CITRA IN WHIPING CREAM BEAR D PAPA
2300012554;KR OTOMATIS LLG-MANDIRI SUMBER SELERA INDO INV 5210091601 -0053008
2300014375;KR OTOMATIS LLG-MANDIRI BRANDINA KULINER U PEMBAYARAN VENDOR
2300005019;KR OTOMATIS LLG-MANDIRI SRIBOGA MARUGAME I TTF 047325 #2402
2300015133;KR OTOMATIS LLG-MANDIRI SEBASTIAN CITRA IN
2300005515;KR OTOMATIS LLG-MANDIRI EMA INTI MITRA -0053008663 Clearing124583
MODERN TRADE;KR OTOMATIS LLG-MANDIRI FAJAR MITRA INDAH PT. Fajar Mitra In da
2300006238;KR OTOMATIS LLG-MANDIRI MAHATI KARAWANG N7963578 BAO COFFE E
2300005019;KR OTOMATIS LLG-MANDIRI SRIBOGA MARUGAME I #7255/TTF 081438
2300005019;KR OTOMATIS LLG-MANDIRI SRIBOGA MARUGAME I #7254/TTF 081437
2300015133;KR OTOMATIS LLG-MANDIRI SEBASTIAN CITRA IN
2300015996;KR OTOMATIS LLG-MANDIRI CIPTA KIRANA WEHAR Order W Cafe 1 -0053061
2300001162;KR OTOMATIS LLG-MANDIRI GELAEL SUPERMARKET 41780-P GY48061372-MT-6 .15 -0053061
2300001162;KR OTOMATIS LLG-MANDIRI GELAEL SUPERMARKET 41779-P GY48061373-MT-6 .17 -0053061
2300008466;KR OTOMATIS LLG-MANDIRI KOPERASI KARYA HUS PEMB REKANAN TOKO
MODERN TRADE;KR OTOMATIS LLG-MANDIRI HOKKY BERSAMA
MODERN TRADE;KR OTOMATIS LLG-MANDIRI HOKKY BERSAMA
2300015404;KR OTOMATIS LLG-MANDIRI SAKSI-SAKSI YEHUWA SSYI
MODERN TRADE;KR OTOMATIS LLG-MANDIRI HOKKY TE IT
MODERN TRADE;KR OTOMATIS LLG-MANDIRI HOKKY TE IT
MODERN TRADE;KR OTOMATIS LLG-MANDIRI HOKKY TE IT
MODERN TRADE;KR OTOMATIS LLG-MANDIRI HOKKY TE IT
MODERN TRADE;KR OTOMATIS LLG-MANDIRI HOKKY TE IT
MODERN TRADE;KR OTOMATIS LLG-MANDIRI HOKKY TE IT
2300005705;KR OTOMATIS LLG-MANDIRI KRAMAYUDHA RATUMOT Payment Vendor BK/067/07/2024 -0053008
2300012044;KR OTOMATIS LLG-MANDIRI DIPURI SELARAS MEM Susu Greenfields -0053008
MODERN TRADE;KR OTOMATIS LLG-MANDIRI MITRA BELANJA ANDA GL PIK
MODERN TRADE;KR OTOMATIS LLG-MANDIRI MITRA BELANJA ANDA GL BSD
MODERN TRADE;KR OTOMATIS LLG-MANDIRI MITRA BELANJA ANDA GL PIK
MODERN TRADE;KR OTOMATIS LLG-MANDIRI MITRA BELANJA ANDA GL BSD
MODERN TRADE;KR OTOMATIS LLG-MANDIRI MITRA BELANJA ANDA GL MOI
MODERN TRADE;KR OTOMATIS LLG-MANDIRI MITRA BELANJA ANDA GL KHI
MODERN TRADE;KR OTOMATIS LLG-MANDIRI MITRA BELANJA ANDA GL KHI
MODERN TRADE;KR OTOMATIS LLG-MANDIRI MITRA BELANJA ANDA GL MOI
2300015133;KR OTOMATIS LLG-MANDIRI SEBASTIAN CITRA IN WHIPING CREAM BEAR D PAPA
2300005019;KR OTOMATIS LLG-MANDIRI SRIBOGA MARUGAME I TTF 041578 -2 #267 4 -0053008
2300005019;KR OTOMATIS LLG-MANDIRI SRIBOGA MARUGAME I TTF 041578 -1 #267 3 -0053008
2300006238;KR OTOMATIS LLG-MANDIRI MAHATI KARAWANG N7706312 BAI COFFE E
MODERN TRADE;KR OTOMATIS LLG-MANDIRI HOKKY TE IT
2300016653;KR OTOMATIS LLG-MANDIRI INDOCATER IR34.240600057 -0053061777 e
2300016653;KR OTOMATIS LLG-MANDIRI INDOCATER IR34.240600095 -0053061777 e
2300012554;KR OTOMATIS LLG-MANDIRI SUMBER SELERA INDO INV 5210102467 -0053008
2300015133;KR OTOMATIS LLG-MANDIRI SEBASTIAN CITRA IN WHIPING CREAM BEAR D PAPA
2300008491;KR OTOMATIS LLG-MANDIRI ENDRESS+HAUSER IND -0053061777 Clearing139820
2300015996;KR OTOMATIS LLG-MANDIRI CIPTA KIRANA WEHAR Green Field Order 1 -0053061
2300016721;KR OTOMATIS LLG-MANDIRI SUPRABAKTI MANDIRI -0053061777 Clearing011952
;KR OTOMATIS LLG-MANDIRI VFIRST KOMUNIKASI PT. Greenfields Da irAdvanced from Cu sto -0053061
2300011289;KR OTOMATIS LLG-MANDIRI PANDA LESTARI Greenfields -0053061
MODERN TRADE;KR OTOMATIS LLG-MANDIRI SUPRA BOGA LESTARI 20240719-00674
2300001162;KR OTOMATIS LLG-MANDIRI GELAEL SUPERMARKET 41782/84-P GY48061591-MT-7 .6 -0053061
2300007476;KR OTOMATIS LLG-MANDIRI RETNO PUJI LESTARI KOPI LUWAK
2300015404;KR OTOMATIS LLG-MANDIRI SAKSI-SAKSI YEHUWA SSYI
2300013826;KR OTOMATIS LLG-MANDIRI OLATTE INV TGL 5,20 06 20 24
2300013826;KR OTOMATIS LLG-MANDIRI OTALATTE 3,8,14 06 2024
2300013826;KR OTOMATIS LLG-MANDIRI OLATTE 2,14,21,27 MEI N20 24
2300013826;KR OTOMATIS LLG-MANDIRI OLATTE INDONESIA INV TANGGAL 6 27 JUN2JUL, PT TML RS CM K
MODERN TRADE;KR OTOMATIS LLG-MANDIRI MAHADANA DASHA UTA VDRTHIRD
2300005019;KR OTOMATIS LLG-MANDIRI SRIBOGA MARUGAME I TTF 053448 #3033
2300014375;KR OTOMATIS LLG-MANDIRI BRANDINA KULINER U BRANDINA
2300012554;KR OTOMATIS LLG-MANDIRI SUMBER SELERA INDO 19,21,22 -0053008663 e
2300014568;KR OTOMATIS LLG-MANDIRI ANGKASA PURA PROPE ANR_GREENFIELDJUN2 4 IP-2401000 -0053008
2300014568;KR OTOMATIS LLG-MANDIRI ANGKASA PURA PROPE ANR_GREENFIELDJUN2 4 IP-2401103 -0053008
MODERN TRADE;KR OTOMATIS LLG-MANDIRI LUCKY STRATEGIS GRANDLUCKY SCBD
MODERN TRADE;KR OTOMATIS LLG-MANDIRI LUCKY STRATEGIS GRANDLUCKY SCBD
2300015996;KR OTOMATIS LLG-MANDIRI CIPTA KIRANA WEHAR Order Greenfield 1 -0053061
2300016653;KR OTOMATIS LLG-MANDIRI INDOCATER IR34.240700017 -0053061777 e
2300013873;KR OTOMATIS LLG-MANDIRI INDO MAINT KARYA U IRNSDT.240700001
MODERN TRADE;KR OTOMATIS LLG-MANDIRI FAJAR MITRA INDAH PT. Fajar Mitra In da
2300006238;KR OTOMATIS LLG-MANDIRI MAHATI KARAWANG N7725314 BAI COFFE E
2300004435;KR OTOMATIS LLG-MANDIRI AROMA HARUM LESTAR PT AROMA -0053061
2300001162;KR OTOMATIS LLG-MANDIRI GELAEL SUPERMARKET 41783-P GY48061608-MT-6 .20 -0053061
2300005550;KR OTOMATIS LLG-MANDIRI GANESHA SANSKRITIK greenfields2-Jul-2 4 -0053008
2300017184;KR OTOMATIS LLG-MANDIRI FEDERASI KANAL -0053008663 Clearing529961
MODERN TRADE;KR OTOMATIS LLG-MANDIRI HOKKY TE IT
MODERN TRADE;KR OTOMATIS LLG-MANDIRI HOKKY TE IT
MODERN TRADE;KR OTOMATIS LLG-MANDIRI HOKKY TE IT
MODERN TRADE;KR OTOMATIS LLG-MANDIRI HOKKY TE IT
MODERN TRADE;KR OTOMATIS LLG-MANDIRI HOKKY TE IT
MODERN TRADE;KR OTOMATIS LLG-MANDIRI HOKKY TE IT
MODERN TRADE;KR OTOMATIS LLG-MANDIRI HOKKY BERSAMA
MODERN TRADE;KR OTOMATIS LLG-MANDIRI HOKKY BERSAMA
2300015404;KR OTOMATIS LLG-MANDIRI SAKSI-SAKSI YEHUWA SSYI
MODERN TRADE;KR OTOMATIS LLG-MANDIRI MITRA BELANJA ANDA GL MOI
MODERN TRADE;KR OTOMATIS LLG-MANDIRI MITRA BELANJA ANDA GL PIK
MODERN TRADE;KR OTOMATIS LLG-MANDIRI MITRA BELANJA ANDA GL PIK
MODERN TRADE;KR OTOMATIS LLG-MANDIRI MITRA BELANJA ANDA GL MOI
MODERN TRADE;KR OTOMATIS LLG-MANDIRI MITRA BELANJA ANDA GL KHI
MODERN TRADE;KR OTOMATIS LLG-MANDIRI MITRA BELANJA ANDA GL BSD
MODERN TRADE;KR OTOMATIS LLG-MANDIRI MITRA BELANJA ANDA GL BSD
MODERN TRADE;KR OTOMATIS LLG-MANDIRI MITRA BELANJA ANDA GL KHI
2300015875;KR OTOMATIS LLG-MANDIRI DES DAN ROTI ARTIS Invoive Greenfield s -0053061
2300012554;KR OTOMATIS LLG-MANDIRI SUMBER SELERA INDO INV 5210128936 -0053008
2300015404;KR OTOMATIS LLG-MANDIRI SAKSI-SAKSI YEHUWA SSYI
2300016653;KR OTOMATIS LLG-MANDIRI INDOCATER IR34.240700028 -0053061777 e
2300003909;KR OTOMATIS LLG-MANDIRI NURTIRTA NUSA LEST
2300011289;KR OTOMATIS LLG-MANDIRI PANDA LESTARI Pembayaran Susu -0053061
MODERN TRADE;KR OTOMATIS LLG-MANDIRI SUPRA BOGA LESTARI 20240731-00689
2300006238;KR OTOMATIS LLG-MANDIRI MAHATI KARAWANG N7769439 BAI COFFE E
2300015996;KR OTOMATIS LLG-MANDIRI CIPTA KIRANA WEHAR Order W Cafe 1 -0053061
2300001162;KR OTOMATIS LLG-MANDIRI GELAEL SUPERMARKET 47302-P GY48062661-MT-7 .21 -0053061
MODERN TRADE;KR OTOMATIS LLG-MANDIRI FAJAR MITRA INDAH PT. Fajar Mitra In da
2300012044;KR OTOMATIS LLG-MANDIRI DIPURI SELARAS MEM susu greenfields -0053008
2300001162;KR OTOMATIS LLG-MANDIRI GELAEL SUPERMARKET 41781-P GY48061603-MT-7 .8 -0053061
2300005550;KR OTOMATIS LLG-MANDIRI GANESHA SANSKRITIK milk greenfields -0053008
2300012044;KR OTOMATIS LLG-MANDIRI DIPURI SELARAS MEM susu Greenfields -0053008
2300005019;KR OTOMATIS LLG-MANDIRI SRIBOGA MARUGAME I #3496/TTF 053450
;KR OTOMATIS LLG-MANDIRI KOPERASI TUGU HUT SAP PEMB BRG T OKO
2300013873;KR OTOMATIS LLG-MANDIRI INDO MAINT KARYA U IRNSDT.240700004
2300015875;KR OTOMATIS LLG-MANDIRI DES DAN ROTI ARTIS Fresh Milk -0053061
2300015996;KR OTOMATIS LLG-MANDIRI CIPTA KIRANA WEHAR Order W Cafe 1 -0053061
2300014375;KR OTOMATIS LLG-MANDIRI BRANDINA KULINER U BGP
2300016653;KR OTOMATIS LLG-MANDIRI INDOCATER IR34.240700052 -0053061777 e
2300004435;KR OTOMATIS LLG-MANDIRI AROMA HARUM LESTAR PT AROMA -0053061
2300012494;KR OTOMATIS LLG-MANDIRI KOPKAR PT. PERTAGA PEMBAYARAN SUSU GR EENFIELDS UNTUK KE BUTUHAN D GADE MAY
2300015126;KR OTOMATIS LLG-MANDIRI KEDAI KOPI DAN TEH GREENFIELDS INDONE S
MODERN TRADE;KR OTOMATIS LLG-MANDIRI LUCKY STRATEGIS GRANDLUCKY SCBD
MODERN TRADE;KR OTOMATIS LLG-MANDIRI LUCKY STRATEGIS GRANDLUCKY SCBD
2300001162;KR OTOMATIS LLG-MANDIRI GELAEL SUPERMARKET 41788-P GY48062641-MT-7 .11 -0053061
2300004162;KR OTOMATIS LLG-MANDIRI TRIMITRA MEGAH LES INV 11072024
2300004162;KR OTOMATIS LLG-MANDIRI TRIMITRA MEGAH LES INV 06072024
2300012044;KR OTOMATIS LLG-MANDIRI DIPURI SELARAS MEM Susu greenfields -0053008
2300005515;KR OTOMATIS LLG-MANDIRI EMA INTI MITRA -0053008663 Clearing045879
MODERN TRADE;KR OTOMATIS LLG-MANDIRI SUPRA BOGA LESTARI 20240809-00707
2300016721;KR OTOMATIS LLG-MANDIRI SUPRABAKTI MANDIRI 86452 -0053061
MODERN TRADE;KR OTOMATIS LLG-MANDIRI INDOMARCO PRISMATA IDM-HEAD OFFICE
2300007476;KR OTOMATIS LLG-MANDIRI RETNO PUJI LESTARI KOPI LUWAK
MODERN TRADE;KR OTOMATIS LLG-MANDIRI HOKKY BERSAMA
MODERN TRADE;KR OTOMATIS LLG-MANDIRI HOKKY BERSAMA
2300005019;KR OTOMATIS LLG-MANDIRI SRIBOGA MARUGAME I #3902/TTF 052372
2300005019;KR OTOMATIS LLG-MANDIRI SRIBOGA MARUGAME I #3901/TTF 052372
2300005019;KR OTOMATIS LLG-MANDIRI SRIBOGA MARUGAME I #4152/TTF 047320
MODERN TRADE;KR OTOMATIS LLG-MANDIRI MAHADANA DASHA UTA VDRTHIRD
2300012044;KR OTOMATIS LLG-MANDIRI DIPURI SELARAS MEM susu Greenfields -0053008
2300011289;KR OTOMATIS LLG-MANDIRI PANDA LESTARI Pembayaran Susu -0053061
2300013873;KR OTOMATIS LLG-MANDIRI INDO MAINT KARYA U IRNSDT.240700010
2300015404;KR OTOMATIS LLG-MANDIRI SAKSI-SAKSI YEHUWA SSYI
MODERN TRADE;KR OTOMATIS LLG-MANDIRI MITRA BELANJA ANDA GL MOI
MODERN TRADE;KR OTOMATIS LLG-MANDIRI MITRA BELANJA ANDA GL KHI
MODERN TRADE;KR OTOMATIS LLG-MANDIRI MITRA BELANJA ANDA GL KHI
MODERN TRADE;KR OTOMATIS LLG-MANDIRI MITRA BELANJA ANDA GL MOI
MODERN TRADE;KR OTOMATIS LLG-MANDIRI MITRA BELANJA ANDA GL PIK
MODERN TRADE;KR OTOMATIS LLG-MANDIRI MITRA BELANJA ANDA GL PIK
MODERN TRADE;KR OTOMATIS LLG-MANDIRI MITRA BELANJA ANDA GL BSD
MODERN TRADE;KR OTOMATIS LLG-MANDIRI MITRA BELANJA ANDA GL BSD
2300005550;KR OTOMATIS LLG-MANDIRI GANESHA SANSKRITIK milk 20, 25 JUL 24 -0053008
MODERN TRADE;KR OTOMATIS LLG-MANDIRI HOKKY TE IT
MODERN TRADE;KR OTOMATIS LLG-MANDIRI HOKKY TE IT
MODERN TRADE;KR OTOMATIS LLG-MANDIRI HOKKY TE IT
MODERN TRADE;KR OTOMATIS LLG-MANDIRI HOKKY TE IT
MODERN TRADE;KR OTOMATIS LLG-MANDIRI HOKKY TE IT
MODERN TRADE;KR OTOMATIS LLG-MANDIRI HOKKY TE IT
2300015996;KR OTOMATIS LLG-MANDIRI CIPTA KIRANA WEHAR Greenfield 1 -0053061
2300001162;KR OTOMATIS LLG-MANDIRI GELAEL SUPERMARKET 41789-90-P GY48062642-MT-8 .11 -0053061
2300005705;KR OTOMATIS LLG-MANDIRI KRAMAYUDHA RATUMOT Payment Vendor BK/071/08/2024 -0053008
2300005515;KR OTOMATIS LLG-MANDIRI EMA INTI MITRA -0053008663 Clearing139966
2300008491;KR OTOMATIS LLG-MANDIRI ENDRESS+HAUSER IND -0053061777 Clearing549732
2300001162;KR OTOMATIS LLG-MANDIRI GELAEL SUPERMARKET 47303-P GY48063336-MT-6 .7 -0053061
2300001162;KR OTOMATIS LLG-MANDIRI GELAEL SUPERMARKET 47305-P GY48063335-MT-7 .25 -0053061
2300001162;KR OTOMATIS LLG-MANDIRI GELAEL SUPERMARKET 47307-P GY48063337-MT-7 .22 -0053061
2300008466;KR OTOMATIS LLG-MANDIRI KOPERASI KARYA HUS PEMBAYARAN REKANAN TOKO
2300017361;KR OTOMATIS LLG-MANDIRI MADISON PRIMABOGA PV-MP/2024/02517 PV-MP/2024/0251 7 -0053008
MODERN TRADE;KR OTOMATIS LLG-MANDIRI INDOMARCO PRISMATA IDM-HEAD OFFICE
2300005019;KR OTOMATIS LLG-MANDIRI SRIBOGA MARUGAME I #4455/TTF 052374
2300014375;KR OTOMATIS LLG-MANDIRI BRANDINA KULINER U BRANDINA
2300015404;KR OTOMATIS LLG-MANDIRI SAKSI-SAKSI YEHUWA SSYI
2300017131;KR OTOMATIS LLG-MANDIRI KOPERASI TUGU HUTANG SUPPLIER
2300006238;KR OTOMATIS LLG-MANDIRI MAHATI KARAWANG N7801146 BAI COFFE E
2300001162;KR OTOMATIS LLG-MANDIRI GELAEL SUPERMARKET 41791-P GY48062769-MT-8 .20 -0053061
MODERN TRADE;KR OTOMATIS LLG-MANDIRI FAJAR MITRA INDAH PT. Fajar Mitra In da
2300008491;KR OTOMATIS LLG-MANDIRI ENDRESS+HAUSER IND -0053061777 Clearing429638
2300001162;KR OTOMATIS LLG-MANDIRI GELAEL SUPERMARKET 41792-P GY48062768-MT-6 .27 -0053061
2300014568;KR OTOMATIS LLG-MANDIRI ANGKASA PURA PROPE ANR_GREENFIEL.D973 78IP-2401241 -0053008
2300014568;KR OTOMATIS LLG-MANDIRI ANGKASA PURA PROPE ANR_GREENFIELD9658 51IP-2401237 -0053008
2300014568;KR OTOMATIS LLG-MANDIRI ANGKASA PURA PROPE ANR_GREENFIELD9746 34IP-2401236 -0053008
2300014568;KR OTOMATIS LLG-MANDIRI ANGKASA PURA PROPE ANR_GREENFIELD9654 60IP-2401240 -0053008
2300017361;KR OTOMATIS LLG-MANDIRI MADISON PRIMABOGA PV-MP/2024/02550 PV-MP/2024/0255 0 -0053008
MODERN TRADE;KR OTOMATIS LLG-MANDIRI LUCKY STRATEGIS GRANDLUCKY SCBD
MODERN TRADE;KR OTOMATIS LLG-MANDIRI LUCKY STRATEGIS GRANDLUCKY SCBD
2300012044;KR OTOMATIS LLG-MANDIRI DIPURI SELARAS MEM Susu Greenfields -0053008
2300010852;KR OTOMATIS LLG-MANDIRI FASTFOOD INDONESIA B24004189 -0053008
2300017195;KR OTOMATIS LLG-MANDIRI ARCHIPELAGO QUEEN PANDOR 25Aug24
2300001162;KR OTOMATIS LLG-MANDIRI GELAEL SUPERMARKET 47308-P GY48063650-MT-8 .3 -0053061
MODERN TRADE;KR OTOMATIS LLG-MANDIRI LUCKY STRATEGIS GRANDLUCKY SCBD
DISTRIBUTOR GREENFIELDS;KR OTOMATIS LLG-MANDIRI MULTI MANDIRI TTF 424/JYP/2024 -0053061777 e
2300007476;KR OTOMATIS LLG-MANDIRI RETNO PUJI LESTARI KOPI LUWAK
2300003909;KR OTOMATIS LLG-MANDIRI NURTIRTA NUSA LEST
2300005550;KR OTOMATIS LLG-MANDIRI GANESHA SANSKRITIK milk 1, 2, 8 AUG 2 4 -0053008
2300005515;KR OTOMATIS LLG-MANDIRI EMA INTI MITRA -0053008663 Clearing324565
2300005019;KR OTOMATIS LLG-MANDIRI SRIBOGA MARUGAME I #4997/TTF 052375
2300005019;KR OTOMATIS LLG-MANDIRI SRIBOGA MARUGAME I #4998/TTF 052375
2300012554;KR OTOMATIS LLG-MANDIRI SUMBER SELERA INDO BTMTLA266457299
MODERN TRADE;KR OTOMATIS LLG-MANDIRI MAHADANA DASHA UTA VDRTHIRD
2300006238;KR OTOMATIS LLG-MANDIRI MAHATI KARAWANG
2300013873;KR OTOMATIS LLG-MANDIRI INDO MAINT KARYA U IRNSDT.240800002
MODERN TRADE;KR OTOMATIS LLG-MANDIRI HOKKY BERSAMA
MODERN TRADE;KR OTOMATIS LLG-MANDIRI HOKKY BERSAMA
2300015996;KR OTOMATIS LLG-MANDIRI CIPTA KIRANA WEHAR Milk W Cafe 1 -0053061
2300016653;KR OTOMATIS LLG-MANDIRI INDOCATER IR34.240700085 -0053061777 e
2300010852;KR OTOMATIS LLG-MANDIRI FASTFOOD INDONESIA B24005073 -0053008
2300007504;KR OTOMATIS LLG-MANDIRI SITI NURJANAH INV 7-13 AGUSTUS 2 4
2300005515;KR OTOMATIS LLG-MANDIRI EMA INTI MITRA -0053008663 Clearing542856
MODERN TRADE;KR OTOMATIS LLG-MANDIRI MITRA BELANJA ANDA GL MOI
MODERN TRADE;KR OTOMATIS LLG-MANDIRI MITRA BELANJA ANDA GL BSD
MODERN TRADE;KR OTOMATIS LLG-MANDIRI MITRA BELANJA ANDA GL MOI
MODERN TRADE;KR OTOMATIS LLG-MANDIRI MITRA BELANJA ANDA GL BSD
MODERN TRADE;KR OTOMATIS LLG-MANDIRI MITRA BELANJA ANDA GL PIK
MODERN TRADE;KR OTOMATIS LLG-MANDIRI MITRA BELANJA ANDA GL PIK
MODERN TRADE;KR OTOMATIS LLG-MANDIRI MITRA BELANJA ANDA GL KHI
MODERN TRADE;KR OTOMATIS LLG-MANDIRI MITRA BELANJA ANDA GL KHI
MODERN TRADE;KR OTOMATIS LLG-MANDIRI HOKKY TE IT
MODERN TRADE;KR OTOMATIS LLG-MANDIRI HOKKY TE IT
MODERN TRADE;KR OTOMATIS LLG-MANDIRI HOKKY TE IT
MODERN TRADE;KR OTOMATIS LLG-MANDIRI HOKKY TE IT
MODERN TRADE;KR OTOMATIS LLG-MANDIRI HOKKY TE IT
MODERN TRADE;KR OTOMATIS LLG-MANDIRI HOKKY TE IT
2300004162;KR OTOMATIS LLG-MANDIRI TRIMITRA MEGAH LES INV 27-7-24 DAN 2- 8-24
2300012044;KR OTOMATIS LLG-MANDIRI DIPURI SELARAS MEM susu Greenfields -0053008
MODERN TRADE;KR OTOMATIS LLG-MANDIRI HOKKY TE IT
MODERN TRADE;KR OTOMATIS LLG-MANDIRI SUPRA BOGA LESTARI 20240830-00735
2300007476;KR OTOMATIS LLG-MANDIRI RETNO PUJI LESTARI KOPI LUWAK
2300001162;KR OTOMATIS LLG-MANDIRI GELAEL SUPERMARKET 47310-P GY48063919-MT-8 .10 -0053061
2300010852;KR OTOMATIS LLG-MANDIRI FASTFOOD INDONESIA B24005022 -0053008
2300005019;KR OTOMATIS LLG-MANDIRI SRIBOGA MARUGAME I #5369/TTF 052411
2300005019;KR OTOMATIS LLG-MANDIRI SRIBOGA MARUGAME I #5370/TTF 052412
2300015133;KR OTOMATIS LLG-MANDIRI SEBASTIAN CITRA IN WHIPPING CREAM BEA RDPAPA
2300017361;KR OTOMATIS LLG-MANDIRI MADISON PRIMABOGA PV-MP/2024/02568 -0053008
2300013873;KR OTOMATIS LLG-MANDIRI INDO MAINT KARYA U IRNSDT.240800006
2300016721;KR OTOMATIS LLG-MANDIRI SUPRABAKTI MANDIRI 88075 -0053061
2300015404;KR OTOMATIS LLG-MANDIRI SAKSI-SAKSI YEHUWA SSYI
MODERN TRADE;KR OTOMATIS LLG-MANDIRI SUPRA BOGA LESTARI 20240904-00740
2300001162;KR OTOMATIS LLG-MANDIRI GELAEL SUPERMARKET 41793-P GY48063166-MT-7 .26 -0053061
2300014375;KR OTOMATIS LLG-MANDIRI BRANDINA KULINER U BRANDINA
2300004162;KR OTOMATIS LLG-MANDIRI TRIMITRA MEGAH LES INV 19.8.24 PT TML RSCM
2300010529;KR OTOMATIS LLG-MANDIRI RICHEESE KULINER I INV 9330 -0053008
2300001162;KR OTOMATIS LLG-MANDIRI GELAEL SUPERMARKET 41794-P GY48063167-MT-7 .21 -0053061
2300001162;KR OTOMATIS LLG-MANDIRI GELAEL SUPERMARKET 47314-P GY48064189-MT-8 .15 -0053061
2300001162;KR OTOMATIS LLG-MANDIRI GELAEL SUPERMARKET 47311-P GY48064188-MT-7 .4 -0053061
2300005515;KR OTOMATIS LLG-MANDIRI EMA INTI MITRA -0053008663 Clearing512501
2300015133;KR OTOMATIS LLG-MANDIRI SEBASTIAN CITRA IN WHIPING CREAM BEAR D PAPA
2300001162;KR OTOMATIS LLG-MANDIRI GELAEL SUPERMARKET 41795-P GY48063165-MT-7 .26 -0053061
2300012044;KR OTOMATIS LLG-MANDIRI DIPURI SELARAS MEM Susu Greenfields -0053008
MODERN TRADE;KR OTOMATIS LLG-MANDIRI LUCKY STRATEGIS GRANDLUCKY SCBD
MODERN TRADE;KR OTOMATIS LLG-MANDIRI LUCKY STRATEGIS GRANDLUCKY SCBD
2300006238;KR OTOMATIS LLG-MANDIRI MAHATI KARAWANG n7886683 bai coffe e
MODERN TRADE;KR OTOMATIS LLG-MANDIRI MAHADANA DASHA UTA VDRTHIRD
2300015996;KR OTOMATIS LLG-MANDIRI CIPTA KIRANA WEHAR Order Milk W Cafe 1 -0053061
2300001162;KR OTOMATIS LLG-MANDIRI GELAEL SUPERMARKET 41798/47352-53-P GY48063454-MT-8 .30 -0053061
2300014568;KR OTOMATIS LLG-MANDIRI ANGKASA PURA PROPE ANR_GFT-981501 IP-2401322 -0053008
2300014568;KR OTOMATIS LLG-MANDIRI ANGKASA PURA PROPE ANR_GFT-987753 IP-2401402 -0053008
2300014568;KR OTOMATIS LLG-MANDIRI ANGKASA PURA PROPE ANR_GFT-980614 IP-2401321 -0053008
2300014568;KR OTOMATIS LLG-MANDIRI ANGKASA PURA PROPE ANR_GFT-977516 IP-2401320 -0053008
2300012554;KR OTOMATIS LLG-MANDIRI SUMBER SELERA INDO BTMTLA481565938
2300017361;KR OTOMATIS LLG-MANDIRI MADISON PRIMABOGA PV-MP/2024/02594 PV-MP/2024/0259 4 -0053008
MODERN TRADE;KR OTOMATIS LLG-MANDIRI SUPRA BOGA LESTARI 20240911-00754
MODERN TRADE;KR OTOMATIS LLG-MANDIRI SUPRA BOGA LESTARI 20240911-00754
2300015404;KR OTOMATIS LLG-MANDIRI SAKSI-SAKSI YEHUWA SSYI
2300010529;KR OTOMATIS LLG-MANDIRI RICHEESE KULINER I INV 6184 -0053008
2300004435;KR OTOMATIS LLG-MANDIRI AROMA HARUM LESTAR PT AROMA -0053061
2300001162;KR OTOMATIS LLG-MANDIRI GELAEL SUPERMARKET 41797/99-P GY48063453-MT-8 .30 -0053061
2300008905;KR OTOMATIS LLG-MANDIRI PESONNA INDONESIA Fresh Milk The Gad e Fresh Milk The Gade-0053008
MODERN TRADE;KR OTOMATIS LLG-MANDIRI HOKKY BERSAMA
MODERN TRADE;KR OTOMATIS LLG-MANDIRI HOKKY BERSAMA
2300001162;KR OTOMATIS LLG-MANDIRI GELAEL SUPERMARKET 47316-P GY48064492-MT-8 .21 -0053008
2300001162;KR OTOMATIS LLG-MANDIRI GELAEL SUPERMARKET 47315-P GY48064491-MT-8 .23 -0053008
2300008491;KR OTOMATIS LLG-MANDIRI ENDRESS+HAUSER IND -0053061777 Clearing559645
2300005550;KR OTOMATIS LLG-MANDIRI GANESHA SANSKRITIK freshmilk 14,16aug -0053008
;KR OTOMATIS LLG-MANDIRI SITI NUR JANAH 24, 30 AGUSTUS 202 4
MODERN TRADE;KR OTOMATIS LLG-MANDIRI MITRA BELANJA ANDA GL MOI
MODERN TRADE;KR OTOMATIS LLG-MANDIRI MITRA BELANJA ANDA GL KHI
MODERN TRADE;KR OTOMATIS LLG-MANDIRI MITRA BELANJA ANDA GL PIK
MODERN TRADE;KR OTOMATIS LLG-MANDIRI MITRA BELANJA ANDA GL KHI
MODERN TRADE;KR OTOMATIS LLG-MANDIRI MITRA BELANJA ANDA GL BSD
MODERN TRADE;KR OTOMATIS LLG-MANDIRI MITRA BELANJA ANDA GL BSD
MODERN TRADE;KR OTOMATIS LLG-MANDIRI MITRA BELANJA ANDA GL PIK
MODERN TRADE;KR OTOMATIS LLG-MANDIRI MITRA BELANJA ANDA GL MOI
MODERN TRADE;KR OTOMATIS LLG-MANDIRI INDOMARCO PRISMATA IDM-HEAD OFFICE
2300005705;KR OTOMATIS LLG-MANDIRI KRAMAYUDHA RATUMOT Payment Vendor BK/055/09/2024 -0053008
MODERN TRADE;KR OTOMATIS LLG-MANDIRI HOKKY TE IT
MODERN TRADE;KR OTOMATIS LLG-MANDIRI HOKKY TE IT
MODERN TRADE;KR OTOMATIS LLG-MANDIRI HOKKY TE IT
MODERN TRADE;KR OTOMATIS LLG-MANDIRI HOKKY TE IT
MODERN TRADE;KR OTOMATIS LLG-MANDIRI HOKKY TE IT
MODERN TRADE;KR OTOMATIS LLG-MANDIRI HOKKY TE IT
2300005019;KR OTOMATIS LLG-MANDIRI SRIBOGA MARUGAME I #5927/TTF 052413
2300015133;KR OTOMATIS LLG-MANDIRI SEBASTIAN CITRA IN WHIPING CREAM BEAR D PAPA
2300012554;KR OTOMATIS LLG-MANDIRI SUMBER SELERA INDO BTMTLA376278673
2300015126;KR OTOMATIS LLG-MANDIRI KEDAI KOPI DAN TEH Fresh Milk
2300001162;KR OTOMATIS LLG-MANDIRI GELAEL SUPERMARKET 47357-P GY48064062-MT-9 .1 -0053061
2300001162;KR OTOMATIS LLG-MANDIRI GELAEL SUPERMARKET 47355-P GY48063692-MT-8 .4 -0053061
2300017361;KR OTOMATIS LLG-MANDIRI MADISON PRIMABOGA PV-MP/2024/02623 -0053008
2300015404;KR OTOMATIS LLG-MANDIRI SAKSI-SAKSI YEHUWA SSYI
2300015404;KR OTOMATIS LLG-MANDIRI SAKSI-SAKSI YEHUWA SSYI
2300010529;KR OTOMATIS LLG-MANDIRI RICHEESE KULINER I INV 3099 -0053008
2300001162;KR OTOMATIS LLG-MANDIRI GELAEL SUPERMARKET 47359-P GY48064063-MT-8 .11 -0053061
2300012044;KR OTOMATIS LLG-MANDIRI DIPURI SELARAS MEM Susu Greenfields -0053008
2300013826;KR OTOMATIS LLG-MANDIRI SITI NURJANAH PT TML CIPTO 5-9-2 4
2300001162;KR OTOMATIS LLG-MANDIRI GELAEL SUPERMARKET 47361-P GY48064317-MT-9 .12 -0053008
2300001162;KR OTOMATIS LLG-MANDIRI GELAEL SUPERMARKET 47360-P GY48064318-MT-8 .20 -0053008
2300001162;KR OTOMATIS LLG-MANDIRI GELAEL SUPERMARKET 47319-P GY48064797-MT-8 .29 -0053008
2300001162;KR OTOMATIS LLG-MANDIRI GELAEL SUPERMARKET 47317-P GY48064796-MT-8 .31 -0053008
2300005515;KR OTOMATIS LLG-MANDIRI EMA INTI MITRA -0053008663 Clearing920610
2300014375;KR OTOMATIS LLG-MANDIRI BRANDINA KULINER U VENDOR BRANDINA
2300001162;KR OTOMATIS LLG-MANDIRI GELAEL SUPERMARKET 47356-P GY48064064-MT-9 .9 -0053061
MODERN TRADE;KR OTOMATIS LLG-MANDIRI LUCKY STRATEGIS GRANDLUCKY SCBD
MODERN TRADE;KR OTOMATIS LLG-MANDIRI LUCKY STRATEGIS GRANDLUCKY SCBD
2300012044;KR OTOMATIS LLG-MANDIRI DIPURI SELARAS MEM susu gree fields -0053008
2300005019;KR OTOMATIS LLG-MANDIRI SRIBOGA MARUGAME I #6101/TTF 081436
2300005019;KR OTOMATIS LLG-MANDIRI SRIBOGA MARUGAME I #6100/TTF 081436
2300005019;KR OTOMATIS LLG-MANDIRI SRIBOGA MARUGAME I #6376/TTF 081611
2300001162;KR OTOMATIS LLG-MANDIRI GELAEL SUPERMARKET 47362-P GY48064672-MT-8 .26 -0053008
2300001162;KR OTOMATIS LLG-MANDIRI GELAEL SUPERMARKET 47363-P GY48064673-MT-8 .26 -0053008
2300006238;KR OTOMATIS LLG-MANDIRI MAHATI KARAWANG N7929708 BAI COFFE E 190924
2300005550;KR OTOMATIS LLG-MANDIRI GANESHA SANSKRITIK freshmilk23AUG-2SE P -0053008
2300012494;KR OTOMATIS LLG-MANDIRI KOPKAR PT. PERTAGA SUSU GREENFIELDS K EBUTUHAN DGAS COFF EE
2300013873;KR OTOMATIS LLG-MANDIRI INDO MAINT KARYA U IRNSDT.240800014
MODERN TRADE;KR OTOMATIS LLG-MANDIRI MAHADANA DASHA UTA VDRTHIRD
MODERN TRADE;KR OTOMATIS LLG-MANDIRI SUPRA BOGA LESTARI 20240925-00767
2300012554;KR OTOMATIS LLG-MANDIRI SUMBER SELERA INDO BTMTLA328139261
2300017432;KR OTOMATIS LLG-MANDIRI BAGJA JAYA SENTOSA PO 020/09/BAR/24 -0053008663 e
2300017195;KR OTOMATIS LLG-MANDIRI ARCHIPELAGO QUEEN PANDOR 25Sep24
2300010529;KR OTOMATIS LLG-MANDIRI RICHEESE KULINER I INV 9062 -0053008
2300001162;KR OTOMATIS LLG-MANDIRI GELAEL SUPERMARKET 47364-P GY48064920-MT-9 .30 -0053008
2300001162;KR OTOMATIS LLG-MANDIRI GELAEL SUPERMARKET 47365-P GY48064919-MT-9 .25 -0053008
2300005550;KR OTOMATIS LLG-MANDIRI GANESHA SANSKRITIK freshmilk 5-Sep-20 24 -0053008
MODERN TRADE;KR OTOMATIS LLG-MANDIRI SUPRA BOGA LESTARI 20240927-00771
MODERN TRADE;KR OTOMATIS LLG-MANDIRI HOKKY BERSAMA
MODERN TRADE;KR OTOMATIS LLG-MANDIRI HOKKY BERSAMA
2300001162;KR OTOMATIS LLG-MANDIRI GELAEL SUPERMARKET 47321-P GY48065085-MT-7 .6 -0053008
2300017131;KR OTOMATIS LLG-MANDIRI KOPERASI TUGU HUTANG SUPPLIER
2300005515;KR OTOMATIS LLG-MANDIRI EMA INTI MITRA -0053008663 Clearing109718
2300007476;KR OTOMATIS LLG-MANDIRI RETNO PUJI LESTARI KOPI LUWAK
2300003909;KR OTOMATIS LLG-MANDIRI NURTIRTA NUSA LEST
MODERN TRADE;KR OTOMATIS LLG-MANDIRI HOKKY TE IT
MODERN TRADE;KR OTOMATIS LLG-MANDIRI HOKKY TE IT
MODERN TRADE;KR OTOMATIS LLG-MANDIRI HOKKY TE IT
MODERN TRADE;KR OTOMATIS LLG-MANDIRI HOKKY TE IT
MODERN TRADE;KR OTOMATIS LLG-MANDIRI HOKKY TE IT
MODERN TRADE;KR OTOMATIS LLG-MANDIRI HOKKY TE IT
2300012044;KR OTOMATIS LLG-MANDIRI DIPURI SELARAS MEM susu Greenfields -0053008
2300005019;KR OTOMATIS LLG-MANDIRI SRIBOGA MARUGAME I #6887/TTF 046747
MODERN TRADE;KR OTOMATIS LLG-MANDIRI MITRA BELANJA ANDA GL PIK
MODERN TRADE;KR OTOMATIS LLG-MANDIRI MITRA BELANJA ANDA GL BSD
MODERN TRADE;KR OTOMATIS LLG-MANDIRI MITRA BELANJA ANDA GL PIK
MODERN TRADE;KR OTOMATIS LLG-MANDIRI MITRA BELANJA ANDA GL KHI
MODERN TRADE;KR OTOMATIS LLG-MANDIRI MITRA BELANJA ANDA GL KHI
MODERN TRADE;KR OTOMATIS LLG-MANDIRI MITRA BELANJA ANDA GL MOI
MODERN TRADE;KR OTOMATIS LLG-MANDIRI MITRA BELANJA ANDA GL BSD
MODERN TRADE;KR OTOMATIS LLG-MANDIRI MITRA BELANJA ANDA GL MOI
2300013873;KR OTOMATIS LLG-MANDIRI INDO MAINT KARYA U IRNSDT.240900007
2300015404;KR OTOMATIS LLG-MANDIRI SAKSI-SAKSI YEHUWA SSYI
2300015133;KR OTOMATIS LLG-MANDIRI SEBASTIAN CITRA IN WHIPING CREAM BEAR D PAPA
2300017361;KR OTOMATIS LLG-MANDIRI MADISON PRIMABOGA PV-MP/2024/02657 PV-MP/2024/0265 7 -0053008
MODERN TRADE;KR OTOMATIS LLG-MANDIRI FAJAR MITRA INDAH PT. Fajar Mitra In da
2300016653;KR OTOMATIS LLG-MANDIRI INDOCATER IR34.240800080 -0053061777 e
2300016653;KR OTOMATIS LLG-MANDIRI INDOCATER IR34.240900039 -0053061777 e
MODERN TRADE;KR OTOMATIS LLG-MANDIRI SUPRA BOGA LESTARI 20241002-00773
MODERN TRADE;KR OTOMATIS LLG-MANDIRI SUPRA BOGA LESTARI 20241002-00773
2300004162;KR OTOMATIS LLG-MANDIRI TRIMITRA MEGAH LES INV 12092024 TMA C IPTO
2300004162;KR OTOMATIS LLG-MANDIRI TRIMITRA MEGAH LES INV 18092024
2300010529;KR OTOMATIS LLG-MANDIRI RICHEESE KULINER I INV 5210169060 -0053008
2300008466;KR OTOMATIS LLG-MANDIRI KOPERASI KARYA HUS PEMB REKANAN TOKO
2300012044;KR OTOMATIS LLG-MANDIRI DIPURI SELARAS MEM Susu Greenfields -0053008
2300001162;KR OTOMATIS LLG-MANDIRI GELAEL SUPERMARKET 47322-P GY48065378-MT-9 .13 -0053008
2300005515;KR OTOMATIS LLG-MANDIRI EMA INTI MITRA -0053008663 Clearing124583
MODERN TRADE;KR OTOMATIS LLG-MANDIRI FAJAR MITRA INDAH PT. Fajar Mitra In da
2300006238;KR OTOMATIS LLG-MANDIRI MAHATI KARAWANG N7963578 BAO COFFE E
2300005019;KR OTOMATIS LLG-MANDIRI SRIBOGA MARUGAME I #7255/TTF 081438
2300005019;KR OTOMATIS LLG-MANDIRI SRIBOGA MARUGAME I #7254/TTF 081437
2300015133;KR OTOMATIS LLG-MANDIRI SEBASTIAN CITRA IN
2300008491;KR OTOMATIS LLG-MANDIRI ENDRESS+HAUSER IND -0053061777 Clearing020906
2300014375;KR OTOMATIS LLG-MANDIRI BRANDINA KULINER U BRANDINA
2300012554;KR OTOMATIS LLG-MANDIRI SUMBER SELERA INDO BTMTLA742068446
2300013873;KR OTOMATIS LLG-MANDIRI INDO MAINT KARYA U IRNSDT.240900009
MODERN TRADE;KR OTOMATIS LLG-MANDIRI LUCKY STRATEGIS GRANDLUCKY SCBD
MODERN TRADE;KR OTOMATIS LLG-MANDIRI LUCKY STRATEGIS GRANDLUCKY SCBD
2300012044;KR OTOMATIS LLG-MANDIRI DIPURI SELARAS MEM susu Greenfields -0053008
MODERN TRADE;KR OTOMATIS LLG-MANDIRI LUCKY STRATEGIS GRANDLUCKY SCBD
2300010529;KR OTOMATIS LLG-MANDIRI RICHEESE KULINER I INV 2185 -0053008
2300015996;KR OTOMATIS LLG-MANDIRI CIPTA KIRANA WEHAR Greenfield W Cafe 1 -0053061
2300006238;KR OTOMATIS LLG-MANDIRI MAHATI KARAWANG N7996024 BAI COFFE E
2300015404;KR OTOMATIS LLG-MANDIRI SAKSI-SAKSI YEHUWA SSYI
2300017195;KR OTOMATIS LLG-MANDIRI ARCHIPELAGO QUEEN PANDOR 10Oct24
2300017361;KR OTOMATIS LLG-MANDIRI MADISON PRIMABOGA PV-MP/2024/02677 PV-MP/2024/0267 7 -0053008
MODERN TRADE;KR OTOMATIS LLG-MANDIRI MAHADANA DASHA UTA VDRTHIRD
2300011289;KR OTOMATIS LLG-MANDIRI PANDA LESTARI INV N7990786 -0053061
2300005515;KR OTOMATIS LLG-MANDIRI EMA INTI MITRA -0053008663 Clearing203919
2300014568;KR OTOMATIS LLG-MANDIRI ANGKASA PURA PROPE ANR_GREENFIELD.AUG 24IP-2401521 -0053008
MODERN TRADE;KR OTOMATIS LLG-MANDIRI HOKKY TE IT
MODERN TRADE;KR OTOMATIS LLG-MANDIRI HOKKY TE IT
MODERN TRADE;KR OTOMATIS LLG-MANDIRI FAJAR MITRA INDAH PT. Fajar Mitra In da
MODERN TRADE;KR OTOMATIS LLG-MANDIRI HOKKY TE IT
MODERN TRADE;KR OTOMATIS LLG-MANDIRI HOKKY TE IT
MODERN TRADE;KR OTOMATIS LLG-MANDIRI HOKKY TE IT
MODERN TRADE;KR OTOMATIS LLG-MANDIRI HOKKY TE IT
MODERN TRADE;KR OTOMATIS LLG-MANDIRI HOKKY BERSAMA
MODERN TRADE;KR OTOMATIS LLG-MANDIRI HOKKY BERSAMA
2300010529;KR OTOMATIS LLG-MANDIRI RICHEESE KULINER I INV 8724 -0053008
MODERN TRADE;KR OTOMATIS LLG-MANDIRI MITRA BELANJA ANDA GL BSD
MODERN TRADE;KR OTOMATIS LLG-MANDIRI MITRA BELANJA ANDA GL BSD
MODERN TRADE;KR OTOMATIS LLG-MANDIRI MITRA BELANJA ANDA GL KHI
MODERN TRADE;KR OTOMATIS LLG-MANDIRI MITRA BELANJA ANDA GL KHI
MODERN TRADE;KR OTOMATIS LLG-MANDIRI MITRA BELANJA ANDA GL MOI
MODERN TRADE;KR OTOMATIS LLG-MANDIRI MITRA BELANJA ANDA GL PIK
MODERN TRADE;KR OTOMATIS LLG-MANDIRI MITRA BELANJA ANDA GL PIK
MODERN TRADE;KR OTOMATIS LLG-MANDIRI MITRA BELANJA ANDA GL MOI
2300012084;KR OTOMATIS LLG-MANDIRI SMART FOOD CONCEPT -0053061777 Clearing252656
2300005550;KR OTOMATIS LLG-MANDIRI GANESHA SANSKRITIK FERSHMILK10, 13 SE P -0053008
2300005705;KR OTOMATIS LLG-MANDIRI KRAMAYUDHA RATUMOT Payment Vendor BK/080/10/2024 -0053008
2300010852;KR OTOMATIS LLG-MANDIRI FASTFOOD INDONESIA B24005966 -0053008
2300016653;KR OTOMATIS LLG-MANDIRI INDOCATER IR34.240900080 -0053061777 e
2300007476;KR OTOMATIS LLG-MANDIRI KOPI LUWAK KOPI LUWAK
2300004435;KR OTOMATIS LLG-MANDIRI AROMA HARUM LESTAR PT AROMA -0053061
2300012554;KR OTOMATIS LLG-MANDIRI SUMBER SELERA INDO BTMTLA831890677
2300015404;KR OTOMATIS LLG-MANDIRI SAKSI-SAKSI YEHUWA SSYI
2300001162;KR OTOMATIS LLG-MANDIRI GELAEL SUPERMARKET 47367-P GY48065998-MT-1 1.7 -0053008
2300001162;KR OTOMATIS LLG-MANDIRI GELAEL SUPERMARKET 47366-P GY48065997-MT-9 .14 -0053008
2300015133;KR OTOMATIS LLG-MANDIRI SEBASTIAN CITRA IN
2300001162;KR OTOMATIS LLG-MANDIRI GELAEL SUPERMARKET 47325-P GY48066018-MT-9 .22 -0053008
2300001162;KR OTOMATIS LLG-MANDIRI GELAEL SUPERMARKET 47324-P GY48066019-MT-9 .23 -0053008
2300001162;KR OTOMATIS LLG-MANDIRI GELAEL SUPERMARKET 47368/71-P GY48065999-MT-1 0.15-0053008
2300001162;KR OTOMATIS LLG-MANDIRI GELAEL SUPERMARKET 47369-P GY48066000-MT-9 .19 -0053008
2300014375;KR OTOMATIS LLG-MANDIRI BRANDINA KULINER U BRANDINA
2300005515;KR OTOMATIS LLG-MANDIRI EMA INTI MITRA -0053008663 Clearing259597
2300010852;KR OTOMATIS LLG-MANDIRI FASTFOOD INDONESIA B24006414 -0053008
MODERN TRADE;KR OTOMATIS LLG-MANDIRI FAJAR MITRA INDAH PT. Fajar Mitra In da
2300005019;KR OTOMATIS LLG-MANDIRI SRIBOGA MARUGAME I #7614/TTF 081439
2300005019;KR OTOMATIS LLG-MANDIRI SRIBOGA MARUGAME I #7869/TTF 082114
2300006238;KR OTOMATIS LLG-MANDIRI MAHATI KARAWANG N8019669 BAI COFFE E
2300015126;KR OTOMATIS LLG-MANDIRI KEDAI KOPI DAN TEH GREENFIELDS INDONE S
MODERN TRADE;KR OTOMATIS LLG-MANDIRI LUCKY STRATEGIS GRANDLUCKY SCBD
MODERN TRADE;KR OTOMATIS LLG-MANDIRI LUCKY STRATEGIS GRANDLUCKY SCBD
2300011289;KR OTOMATIS LLG-MANDIRI PANDA LESTARI INV K002000058964 -0053061
2300017361;KR OTOMATIS LLG-MANDIRI MADISON PRIMABOGA PV-MP/2024/02734 PV-MP/2024/0273 4 -0053008
2300001162;KR OTOMATIS LLG-MANDIRI GELAEL SUPERMARKET 47370/72-P GY48066001-MT-9 .28 -0053008
2300015404;KR OTOMATIS LLG-MANDIRI SAKSI-SAKSI YEHUWA SSYI
2300005515;KR OTOMATIS LLG-MANDIRI EMA INTI MITRA -0053008663 Clearing343659
2300017195;KR OTOMATIS LLG-MANDIRI ARCHIPELAGO QUEEN PANDOR 25Oct24
2300001162;KR OTOMATIS LLG-MANDIRI GELAEL SUPERMARKET 47327-P GY48066297-MT-1 0.3 -0053008
2300001162;KR OTOMATIS LLG-MANDIRI GELAEL SUPERMARKET 47326-P GY48066295-MT-1 0.3 -0053008
MODERN TRADE;KR OTOMATIS LLG-MANDIRI HOKKY BERSAMA
MODERN TRADE;KR OTOMATIS LLG-MANDIRI HOKKY BERSAMA
2300005019;KR OTOMATIS LLG-MANDIRI SRIBOGA MARUGAME I #8253/TTF 082115
2300003909;KR OTOMATIS LLG-MANDIRI NURTIRTA NUSA LEST
MODERN TRADE;KR OTOMATIS LLG-MANDIRI MITRA BELANJA ANDA GL MOI
MODERN TRADE;KR OTOMATIS LLG-MANDIRI MITRA BELANJA ANDA GL MOI
MODERN TRADE;KR OTOMATIS LLG-MANDIRI MITRA BELANJA ANDA GL BSD
MODERN TRADE;KR OTOMATIS LLG-MANDIRI MITRA BELANJA ANDA GL BSD
MODERN TRADE;KR OTOMATIS LLG-MANDIRI MITRA BELANJA ANDA GL KHI
MODERN TRADE;KR OTOMATIS LLG-MANDIRI MITRA BELANJA ANDA GL KHI
MODERN TRADE;KR OTOMATIS LLG-MANDIRI MITRA BELANJA ANDA GL PIK
MODERN TRADE;KR OTOMATIS LLG-MANDIRI MITRA BELANJA ANDA GL PIK
MODERN TRADE;KR OTOMATIS LLG-MANDIRI HOKKY TE IT
MODERN TRADE;KR OTOMATIS LLG-MANDIRI HOKKY TE IT
MODERN TRADE;KR OTOMATIS LLG-MANDIRI HOKKY TE IT
MODERN TRADE;KR OTOMATIS LLG-MANDIRI HOKKY TE IT
MODERN TRADE;KR OTOMATIS LLG-MANDIRI HOKKY TE IT
MODERN TRADE;KR OTOMATIS LLG-MANDIRI HOKKY TE IT
MODERN TRADE;KR OTOMATIS LLG-MANDIRI MAHADANA DASHA UTA VDRTHIRD
MODERN TRADE;KR OTOMATIS LLG-MANDIRI SUPRA BOGA LESTARI 20241030-00805
MODERN TRADE;KR OTOMATIS LLG-MANDIRI SUPRA BOGA LESTARI 20241030-00805
2300006238;KR OTOMATIS LLG-MANDIRI MAHATI KARAWANG N8057521 BAI COFFE E
2300015126;KR OTOMATIS LLG-MANDIRI KEDAI KOPI DAN TEH
2300015133;KR OTOMATIS LLG-MANDIRI SEBASTIAN CITRA IN WHIPING CREAM BEAR D PAPA
2300001162;KR OTOMATIS LLG-MANDIRI GELAEL SUPERMARKET 47328-P GY48066677-MT-1 0.12-0053008
2300001162;KR OTOMATIS LLG-MANDIRI GELAEL SUPERMARKET 47376-P GY48066380-MT-1 0.31-0053008
2300001162;KR OTOMATIS LLG-MANDIRI GELAEL SUPERMARKET 47373-P GY48066108-MT-9 .30 -0053008
2300005019;KR OTOMATIS LLG-MANDIRI SRIBOGA MARUGAME I #8637/TTF 052269
2300015627;KR OTOMATIS LLG-MANDIRI MENTEGA SEJAHTERA 15-19 okt -0053061
2300017756;KR OTOMATIS LLG-MANDIRI IAS SUPPORT INDONE ANR_GREENFIELDSEPT 24IP-2401565 -0053008
2300012554;KR OTOMATIS LLG-MANDIRI SUMBER SELERA INDO BTMTLA425205414
2300010852;KR OTOMATIS LLG-MANDIRI FASTFOOD INDONESIA B24007544 -0053008
2300015404;KR OTOMATIS LLG-MANDIRI SAKSI-SAKSI YEHUWA SSYI
2300016653;KR OTOMATIS LLG-MANDIRI INDOCATER IR34.241000067 -0053061777 e
MODERN TRADE;KR OTOMATIS LLG-MANDIRI SUPRA BOGA LESTARI 20241106-00810
MODERN TRADE;KR OTOMATIS LLG-MANDIRI SUPRA BOGA LESTARI 20241106-00810
2300010852;KR OTOMATIS LLG-MANDIRI FASTFOOD INDONESIA B24008666 -0053008
2300015996;KR OTOMATIS LLG-MANDIRI CIPTA KIRANA WEHAR Order Greenfield 1 -0053061
2300015404;KR OTOMATIS LLG-MANDIRI SAKSI-SAKSI YEHUWA SSYI
2300017131;KR OTOMATIS LLG-MANDIRI KOPERASI TUGU HUTANG SUPPLIER
2300015133;KR OTOMATIS LLG-MANDIRI SEBASTIAN CITRA IN WHIPING CREAM BEAR D PAPA
2300001162;KR OTOMATIS LLG-MANDIRI GELAEL SUPERMARKET 47374-P GY48066378-MT-1 0.15-0053008
2300001162;KR OTOMATIS LLG-MANDIRI GELAEL SUPERMARKET 47329-P GY48066989-MT-1 0.14-0053008
2300005550;KR OTOMATIS LLG-MANDIRI GANESHA SANSKRITIK freshmilk 21, 25 S EP -0053008
MODERN TRADE;KR OTOMATIS LLG-MANDIRI LUCKY STRATEGIS GRANDLUCKY SCBD
MODERN TRADE;KR OTOMATIS LLG-MANDIRI LUCKY STRATEGIS GRANDLUCKY SCBD
2300007504;KR OTOMATIS LLG-MANDIRI SITI NURJANAH 29102024
2300007504;KR OTOMATIS LLG-MANDIRI SITI NURJANAH INV 1,5,8 OKTOBER 2024
2300007504;KR OTOMATIS LLG-MANDIRI SITI NURJANAH INV 24092024
2300007504;KR OTOMATIS LLG-MANDIRI SITI NURJANAH INV 22102024
2300007504;KR OTOMATIS LLG-MANDIRI SITI NURJANAH INV 1417 OKT 2024
2300006238;KR OTOMATIS LLG-MANDIRI MAHATI KARAWANG N8084915 BAI COFFE E
2300011289;KR OTOMATIS LLG-MANDIRI PANDA LESTARI Susu Greenfields -0053061
2300016721;KR OTOMATIS LLG-MANDIRI SUPRABAKTI MANDIRI 515055 -0053061
MODERN TRADE;KR OTOMATIS LLG-MANDIRI INDOMARCO PRISMATA IDM-HEAD OFFICE
2300017195;KR OTOMATIS LLG-MANDIRI ARCHIPELAGO QUEEN PANDOR 10Nov24
2300007476;KR OTOMATIS LLG-MANDIRI RETNO KOPI LUWAK
MODERN TRADE;KR OTOMATIS LLG-MANDIRI MAHADANA DASHA UTA VDRTHIRD
2300005515;KR OTOMATIS LLG-MANDIRI EMA INTI MITRA -0053008663 Clearing143848
2300017432;KR OTOMATIS LLG-MANDIRI BAGJA JAYA SENTOSA PO 035/10/BAR/24 PO 035/10/BAR/2 4 -0053008
2300013873;KR OTOMATIS LLG-MANDIRI INDO MAINT KARYA U IRNSDT.241000009
MODERN TRADE;KR OTOMATIS LLG-MANDIRI HOKKY BERSAMA
MODERN TRADE;KR OTOMATIS LLG-MANDIRI HOKKY BERSAMA
2300001162;KR OTOMATIS LLG-MANDIRI GELAEL SUPERMARKET 47375-P GY48066382-MT-1 0.15-0053008
2300005550;KR OTOMATIS LLG-MANDIRI GANESHA SANSKRITIK FRESHMILK 4, 8 OCT 24 -0053008
MODERN TRADE;KR OTOMATIS LLG-MANDIRI SUPRA BOGA LESTARI 20241113-00818
MODERN TRADE;KR OTOMATIS LLG-MANDIRI SUPRA BOGA LESTARI 20241113-00818
MODERN TRADE;KR OTOMATIS LLG-MANDIRI MITRA BELANJA ANDA GL MOI
MODERN TRADE;KR OTOMATIS LLG-MANDIRI MITRA BELANJA ANDA GL MOI
2300008491;KR OTOMATIS LLG-MANDIRI ENDRESS+HAUSER IND -0053061777 Clearing408712
MODERN TRADE;KR OTOMATIS LLG-MANDIRI MITRA BELANJA ANDA GL HI
MODERN TRADE;KR OTOMATIS LLG-MANDIRI MITRA BELANJA ANDA GL HI
MODERN TRADE;KR OTOMATIS LLG-MANDIRI MITRA BELANJA ANDA GL PIK
MODERN TRADE;KR OTOMATIS LLG-MANDIRI MITRA BELANJA ANDA GL BSD
MODERN TRADE;KR OTOMATIS LLG-MANDIRI MITRA BELANJA ANDA GL BSD
MODERN TRADE;KR OTOMATIS LLG-MANDIRI MITRA BELANJA ANDA GL PIK
MODERN TRADE;KR OTOMATIS LLG-MANDIRI HOKKY TE IT
MODERN TRADE;KR OTOMATIS LLG-MANDIRI HOKKY TE IT
MODERN TRADE;KR OTOMATIS LLG-MANDIRI HOKKY TE IT
MODERN TRADE;KR OTOMATIS LLG-MANDIRI HOKKY TE IT
MODERN TRADE;KR OTOMATIS LLG-MANDIRI HOKKY TE IT
MODERN TRADE;KR OTOMATIS LLG-MANDIRI HOKKY TE IT
2300005550;KR OTOMATIS LLG-MANDIRI GANESHA SANSKRITIK freshmilk 11-Oct-2 4 -0053008
2300005515;KR OTOMATIS LLG-MANDIRI EMA INTI MITRA -0053008663 Clearing123762
2300005705;KR OTOMATIS LLG-MANDIRI KRAMAYUDHA RATUMOT Payment Vendor BK/066/11/2024 -0053008
2300001162;KR OTOMATIS LLG-MANDIRI GELAEL SUPERMARKET 47377-P GY48066836-MT-1 1.19-0053008
2300001162;KR OTOMATIS LLG-MANDIRI GELAEL SUPERMARKET 47378-P GY48066837-MT-1 1.19-0053008
2300001162;KR OTOMATIS LLG-MANDIRI GELAEL SUPERMARKET 47331-P GY48067311-MT-1 0.24-0053008
2300001162;KR OTOMATIS LLG-MANDIRI GELAEL SUPERMARKET 47330-P GY48067310-MT-1 0.24-0053008
2300001162;KR OTOMATIS LLG-MANDIRI GELAEL SUPERMARKET 62479-P GY48067312-MT-6 .15 -0053008
2300005019;KR OTOMATIS LLG-MANDIRI SRIBOGA MARUGAME I #9212/
2300005019;KR OTOMATIS LLG-MANDIRI SRIBOGA MARUGAME I #9406/TTF 052271
2300010852;KR OTOMATIS LLG-MANDIRI FASTFOOD INDONESIA B24008659 -0053008
2300013873;KR OTOMATIS LLG-MANDIRI INDO MAINT KARYA U IRNSDT.241000012
2300012554;KR OTOMATIS LLG-MANDIRI SUMBER SELERA INDO BTMTLA515471213
2300016653;KR OTOMATIS LLG-MANDIRI INDOCATER IR34.241000109 -0053061777 e
2300014375;KR OTOMATIS LLG-MANDIRI BRANDINA KULINER U PEMBAYARAN VENDOR BRANDINA
2300003909;KR OTOMATIS LLG-MANDIRI NURTIRTA NUSA LEST
2300015404;KR OTOMATIS LLG-MANDIRI SAKSI-SAKSI YEHUWA SSYI
2300011289;KR OTOMATIS LLG-MANDIRI PANDA LESTARI Inv N8116011 PANDA H -0053061
2300012494;KR OTOMATIS LLG-MANDIRI KOPKAR PT. PERTAGA PEMBAYARAN SUSU GR EENFIELDS UNTUK KE BUTUHAN D GADE SEP
2300017131;KR OTOMATIS LLG-MANDIRI KOPERASI TUGU HUTANG SUPPLIER
2300017432;KR OTOMATIS LLG-MANDIRI BAGJA JAYA SENTOSA PO 055/11/BAR/24 PO 055/11/BAR/2 4 -0053008
2300006238;KR OTOMATIS LLG-MANDIRI MAHATI KARAWANG N8120264 BAI COFFE E
2300001162;KR OTOMATIS LLG-MANDIRI GELAEL SUPERMARKET 47381/83-P GY48067428-MT-1 1.28-0053008
2300001162;KR OTOMATIS LLG-MANDIRI GELAEL SUPERMARKET 47333-P GY48067615-MT-1 1.1 -0053008
2300001162;KR OTOMATIS LLG-MANDIRI GELAEL SUPERMARKET 47332-P GY48067614-MT-1 1.1 -0053008
2300005550;KR OTOMATIS LLG-MANDIRI GANESHA SANSKRITIK greenfields 23,28o ct -0053008
MODERN TRADE;KR OTOMATIS LLG-MANDIRI LUCKY STRATEGIS GRANDLUCKY SCBD
MODERN TRADE;KR OTOMATIS LLG-MANDIRI LUCKY STRATEGIS GRANDLUCKY SCBD
2300017756;KR OTOMATIS LLG-MANDIRI IAS SUPPORT INDONE ANR_GF.1020798 IP-2401778 -0053008
2300017756;KR OTOMATIS LLG-MANDIRI IAS SUPPORT INDONE ANR_GFSEPT24 IP-2401643 -0053008
2300017756;KR OTOMATIS LLG-MANDIRI IAS SUPPORT INDONE ANR_1011391.101252 IP-2401689 -0053008
2300017756;KR OTOMATIS LLG-MANDIRI IAS SUPPORT INDONE ANR_GF.1020799 IP-2401777 -0053008
2300017756;KR OTOMATIS LLG-MANDIRI IAS SUPPORT INDONE ANR_GF.1020797 IP-2401779 -0053008
2300017756;KR OTOMATIS LLG-MANDIRI IAS SUPPORT INDONE ANR_GF.1015941 IP-2401784 -0053008
2300017756;KR OTOMATIS LLG-MANDIRI IAS SUPPORT INDONE ANR_GF.1016477 IP-2401785 -0053008
2300017756;KR OTOMATIS LLG-MANDIRI IAS SUPPORT INDONE ANR_GF.1019726 IP-2401782 -0053008
2300017756;KR OTOMATIS LLG-MANDIRI IAS SUPPORT INDONE ANR_GF.1017306 IP-2401783 -0053008
2300017756;KR OTOMATIS LLG-MANDIRI IAS SUPPORT INDONE ANR_1018975 IP-2401781 -0053008
2300017756;KR OTOMATIS LLG-MANDIRI IAS SUPPORT INDONE ANR_GF.1017542 IP-2401786 -0053008
2300017756;KR OTOMATIS LLG-MANDIRI IAS SUPPORT INDONE ANR_GF.1019184 IP-2401780 -0053008
2300012554;KR OTOMATIS LLG-MANDIRI SUMBER SELERA INDO BTMTLA154731219
MODERN TRADE;KR OTOMATIS LLG-MANDIRI MAHADANA DASHA UTA VDRTHIRD
2300010852;KR OTOMATIS LLG-MANDIRI FASTFOOD INDONESIA B24009550 -0053008
2300010852;KR OTOMATIS LLG-MANDIRI FASTFOOD INDONESIA B24009241 -0053008
2300005019;KR OTOMATIS LLG-MANDIRI SRIBOGA MARUGAME I #9749/TTF 082442
MODERN TRADE;KR OTOMATIS LLG-MANDIRI HOKKY BERSAMA
MODERN TRADE;KR OTOMATIS LLG-MANDIRI HOKKY BERSAMA
2300015133;KR OTOMATIS LLG-MANDIRI SEBASTIAN CITRA IN WHIPING CREAM 67 D US U BEARD PAPA
MODERN TRADE;KR OTOMATIS LLG-MANDIRI MITRA BELANJA ANDA GL HI
MODERN TRADE;KR OTOMATIS LLG-MANDIRI MITRA BELANJA ANDA GL PIK
MODERN TRADE;KR OTOMATIS LLG-MANDIRI MITRA BELANJA ANDA GL MOI
MODERN TRADE;KR OTOMATIS LLG-MANDIRI MITRA BELANJA ANDA GL HI
MODERN TRADE;KR OTOMATIS LLG-MANDIRI MITRA BELANJA ANDA GL MOI
MODERN TRADE;KR OTOMATIS LLG-MANDIRI MITRA BELANJA ANDA GL BSD
MODERN TRADE;KR OTOMATIS LLG-MANDIRI MITRA BELANJA ANDA GL PIK
MODERN TRADE;KR OTOMATIS LLG-MANDIRI MITRA BELANJA ANDA GL BSD
MODERN TRADE;KR OTOMATIS LLG-MANDIRI SUPRA BOGA LESTARI 20241129-00838
MODERN TRADE;KR OTOMATIS LLG-MANDIRI SUPRA BOGA LESTARI 20241129-00838
2300005705;KR OTOMATIS LLG-MANDIRI KRAMAYUDHA RATUMOT Payment Vendor BK/122/11/2024 -0053008
MODERN TRADE;KR OTOMATIS LLG-MANDIRI HOKKY TE IT
MODERN TRADE;KR OTOMATIS LLG-MANDIRI HOKKY TE IT
MODERN TRADE;KR OTOMATIS LLG-MANDIRI HOKKY TE IT
MODERN TRADE;KR OTOMATIS LLG-MANDIRI HOKKY TE IT
MODERN TRADE;KR OTOMATIS LLG-MANDIRI HOKKY TE IT
MODERN TRADE;KR OTOMATIS LLG-MANDIRI HOKKY TE IT
2300001162;KR OTOMATIS LLG-MANDIRI GELAEL SUPERMARKET 47334-P GY48067972-MT-1 1.14-0053008
2300017361;KR OTOMATIS LLG-MANDIRI MADISON PRIMABOGA -0053008663 Clearing346568
2300015404;KR OTOMATIS LLG-MANDIRI SAKSI-SAKSI YEHUWA SSYI
2300006238;KR OTOMATIS LLG-MANDIRI MAHATI KARAWANG N8159349 BAI COFFE E
2300005019;KR OTOMATIS LLG-MANDIRI SRIBOGA MARUGAME I #10351/TTF 082443
2300010852;KR OTOMATIS LLG-MANDIRI FASTFOOD INDONESIA B24009727 -0053008
2300013873;KR OTOMATIS LLG-MANDIRI INDO MAINT KARYA U IRNSDT.241100004
2300016721;KR OTOMATIS LLG-MANDIRI SUPRABAKTI MANDIRI 94833 -0053061
2300005515;KR OTOMATIS LLG-MANDIRI EMA INTI MITRA -0053008663 Clearing342537
2300005550;KR OTOMATIS LLG-MANDIRI GANESHA SANSKRITIK freshmilk1, 5 NOV 24 -0053008
2300017432;KR OTOMATIS LLG-MANDIRI BAGJA JAYA SENTOSA PO 070/11/BAR -0053008
;KR OTOMATIS LLG-MANDIRI SITI NURJANNAH 6 12 15 21 NOV 24
;KR OTOMATIS LLG-MANDIRI SITI NURJANNAH 1 11 24
2300015126;KR OTOMATIS LLG-MANDIRI KEDAI KOPI DAN TEH Milk Fresh
2300008491;KR OTOMATIS LLG-MANDIRI ENDRESS+HAUSER IND -0053061777 Clearing145795
2300001162;KR OTOMATIS LLG-MANDIRI GELAEL SUPERMARKET 47379-P GY48067062-MT-1 0.27-0053008
2300001162;KR OTOMATIS LLG-MANDIRI GELAEL SUPERMARKET 47336 GY48068369-MT-1 1.20-0053008
2300001162;KR OTOMATIS LLG-MANDIRI GELAEL SUPERMARKET 47335-P GY48068368-MT-1 1.11-0053008
2300001162;KR OTOMATIS LLG-MANDIRI GELAEL SUPERMARKET 47380/82-P GY48067429-MT-1 2.5 -0053061
2300017432;KR OTOMATIS LLG-MANDIRI BAGJA JAYA SENTOSA PO 076/12/BAR/24 -0053008663 e
2300017131;KR OTOMATIS LLG-MANDIRI KOPERASI TUGU HUTANG SUPPLIER
2300005019;KR OTOMATIS LLG-MANDIRI SRIBOGA MARUGAME I #10634/TTF 077049
MODERN TRADE;KR OTOMATIS LLG-MANDIRI LUCKY STRATEGIS GRANDLUCKY SCBD
MODERN TRADE;KR OTOMATIS LLG-MANDIRI LUCKY STRATEGIS GRANDLUCKY SCBD
MODERN TRADE;KR OTOMATIS LLG-MANDIRI MAHADANA DASHA UTA VDRTHIRD
2300015996;KR OTOMATIS LLG-MANDIRI CIPTA KIRANA WEHAR Order Greenfield 1 -0053061
2300014375;KR OTOMATIS LLG-MANDIRI BRANDINA KULINER U BRANDINA
2300006238;KR OTOMATIS LLG-MANDIRI MAHATI KARAWANG N8195188 BAI COFFE E
2300015404;KR OTOMATIS LLG-MANDIRI SAKSI-SAKSI YEHUWA SSYI
2300015404;KR OTOMATIS LLG-MANDIRI SAKSI-SAKSI YEHUWA SSYI
2300017195;KR OTOMATIS LLG-MANDIRI ARCHIPELAGO QUEEN PANDOR 10Des24
2300016653;KR OTOMATIS LLG-MANDIRI INDOCATER IR34.241100043 -0053061777 e
2300012554;KR OTOMATIS LLG-MANDIRI SUMBER SELERA INDO BTMTLA309751843
2300001162;KR OTOMATIS LLG-MANDIRI GELAEL SUPERMARKET 47384-P GY48067853-MT-1 1.8 -0053008
MODERN TRADE;KR OTOMATIS LLG-MANDIRI HOKKY BERSAMA
MODERN TRADE;KR OTOMATIS LLG-MANDIRI HOKKY BERSAMA
2300005550;KR OTOMATIS LLG-MANDIRI GANESHA SANSKRITIK milk9, 14, 19 NOV 24 -0053008
2300001162;KR OTOMATIS LLG-MANDIRI GELAEL SUPERMARKET 47337-P GY48068674-MT-1 1.23-0053008
MODERN TRADE;KR OTOMATIS LLG-MANDIRI MITRA BELANJA ANDA GL MOI
MODERN TRADE;KR OTOMATIS LLG-MANDIRI MITRA BELANJA ANDA GL PIK
MODERN TRADE;KR OTOMATIS LLG-MANDIRI MITRA BELANJA ANDA GL BSD
MODERN TRADE;KR OTOMATIS LLG-MANDIRI MITRA BELANJA ANDA GL HI
MODERN TRADE;KR OTOMATIS LLG-MANDIRI MITRA BELANJA ANDA GL BSD
MODERN TRADE;KR OTOMATIS LLG-MANDIRI MITRA BELANJA ANDA GL MOI
MODERN TRADE;KR OTOMATIS LLG-MANDIRI MITRA BELANJA ANDA GL HI
MODERN TRADE;KR OTOMATIS LLG-MANDIRI MITRA BELANJA ANDA GL PIK
2300007476;KR OTOMATIS LLG-MANDIRI KOPI LUWAK KOPI LUWAK
2300005515;KR OTOMATIS LLG-MANDIRI EMA INTI MITRA -0053008663 Clearing257599
MODERN TRADE;KR OTOMATIS LLG-MANDIRI HOKKY TE IT
MODERN TRADE;KR OTOMATIS LLG-MANDIRI HOKKY TE IT
MODERN TRADE;KR OTOMATIS LLG-MANDIRI HOKKY TE IT
MODERN TRADE;KR OTOMATIS LLG-MANDIRI HOKKY TE IT
MODERN TRADE;KR OTOMATIS LLG-MANDIRI HOKKY TE IT
MODERN TRADE;KR OTOMATIS LLG-MANDIRI HOKKY TE IT
2300005019;KR OTOMATIS LLG-MANDIRI SRIBOGA MARUGAME I #10983/TTF 042461
2300005019;KR OTOMATIS LLG-MANDIRI SRIBOGA MARUGAME I #11191/TTF 075388
2300005705;KR OTOMATIS LLG-MANDIRI KRAMAYUDHA RATUMOT Payment Vendor BK/075/12/2024 -0053008
2300013873;KR OTOMATIS LLG-MANDIRI INDO MAINT KARYA U IRNSDT.241100008
2300012554;KR OTOMATIS LLG-MANDIRI SUMBER SELERA INDO BTMTLA515143103
2300001162;KR OTOMATIS LLG-MANDIRI GELAEL SUPERMARKET 47386-P GY48067854-MT-1 1.8 -0053008
2300017756;KR OTOMATIS LLG-MANDIRI IAS SUPPORT INDONE ANR_GF.1024543 IP-2401892 -0053008
2300017756;KR OTOMATIS LLG-MANDIRI IAS SUPPORT INDONE ANR_1028929 IP-2401928 -0053008
2300017756;KR OTOMATIS LLG-MANDIRI IAS SUPPORT INDONE ANR_GF.1024088 IP-2401891 -0053008
2300017756;KR OTOMATIS LLG-MANDIRI IAS SUPPORT INDONE ANR_GRENF.1024400 IP-2401890 -0053008
2300017756;KR OTOMATIS LLG-MANDIRI IAS SUPPORT INDONE ANR_GF.1021333 IP-2401867 -0053008
2300017756;KR OTOMATIS LLG-MANDIRI IAS SUPPORT INDONE ANR_GREENFIELD1021 88IP-2401866 -0053008
2300017756;KR OTOMATIS LLG-MANDIRI IAS SUPPORT INDONE ANR_GF.1026938 IP-2401927 -0053008
2300017756;KR OTOMATIS LLG-MANDIRI IAS SUPPORT INDONE ANR_1022996 IP-2401865 -0053008
2300001162;KR OTOMATIS LLG-MANDIRI GELAEL SUPERMARKET 47387-P GY48068126-MT-1 1.19-0053008
;KR OTOMATIS LLG-MANDIRI SITI INV 6.12.24
2300017432;KR OTOMATIS LLG-MANDIRI BAGJA JAYA SENTOSA PO 093/12/BAR/24 -0053008663 e
MODERN TRADE;KR OTOMATIS LLG-MANDIRI SUPRA BOGA LESTARI 20241220-00865
MODERN TRADE;KR OTOMATIS LLG-MANDIRI SUPRA BOGA LESTARI 20241220-00865
2300006238;KR OTOMATIS LLG-MANDIRI MAHATI KARAWANG N8223958 BAI COFFE E
;KR OTOMATIS LLG-MANDIRI RPL 182 BLU RSCM 26.11.24 2.12.24
2300001162;KR OTOMATIS LLG-MANDIRI GELAEL SUPERMARKET 47388-P GY48068127-MT-1 2.8 -0053008
2300001162;KR OTOMATIS LLG-MANDIRI GELAEL SUPERMARKET 47390-P GY48068539-MT-1 1.23-0053008
2300001162;KR OTOMATIS LLG-MANDIRI GELAEL SUPERMARKET 47389-P GY48068540-MT-1 1.23-0053008
2300005515;KR OTOMATIS LLG-MANDIRI EMA INTI MITRA -0053008663 Clearing955586
MODERN TRADE;KR OTOMATIS LLG-MANDIRI LUCKY STRATEGIS GRANDLUCKY SCBD
MODERN TRADE;KR OTOMATIS LLG-MANDIRI LUCKY STRATEGIS GRANDLUCKY SCBD
2300001162;KR OTOMATIS LLG-MANDIRI GELAEL SUPERMARKET 47339-P GY48069073-MT-1 1.29-0053008
2300013873;KR OTOMATIS LLG-MANDIRI INDO MAINT KARYA U IRNSDT.241200001
MODERN TRADE;KR OTOMATIS LLG-MANDIRI MAHADANA DASHA UTA VDRTHIRD
2300005550;KR OTOMATIS LLG-MANDIRI GANESHA SANSKRITIK freshmilk 29NOV,4D EC -0053008
2300005550;KR OTOMATIS LLG-MANDIRI GANESHA SANSKRITIK milk22-Nov-2024 -0053008
2300003909;KR OTOMATIS LLG-MANDIRI NURTIRTA NUSA LEST
MODERN TRADE;KR OTOMATIS LLG-MANDIRI HOKKY BERSAMA
MODERN TRADE;KR OTOMATIS LLG-MANDIRI HOKKY BERSAMA
2300015404;KR OTOMATIS LLG-MANDIRI SAKSI-SAKSI YEHUWA SSYI
2300001162;KR OTOMATIS LLG-MANDIRI GELAEL SUPERMARKET 47341 GY48069421-MT-1 2.5 -0053008
2300001162;KR OTOMATIS LLG-MANDIRI GELAEL SUPERMARKET 47340 GY48069420-MT-1 2.6 -0053008
2300007476;KR OTOMATIS LLG-MANDIRI RETNO KOPI LUWAK
2300010852;KR OTOMATIS LLG-MANDIRI FASTFOOD INDONESIA B24010390 -0053008
MODERN TRADE;KR OTOMATIS LLG-MANDIRI HOKKY TE IT
MODERN TRADE;KR OTOMATIS LLG-MANDIRI HOKKY TE IT
MODERN TRADE;KR OTOMATIS LLG-MANDIRI HOKKY TE IT
MODERN TRADE;KR OTOMATIS LLG-MANDIRI HOKKY TE IT
MODERN TRADE;KR OTOMATIS LLG-MANDIRI HOKKY TE IT
MODERN TRADE;KR OTOMATIS LLG-MANDIRI HOKKY TE IT
;KR OTOMATIS LLG-MANDIRI KOPERASI TUGU GREENFIELDS
MODERN TRADE;KR OTOMATIS LLG-MANDIRI MITRA BELANJA ANDA GL MOI
MODERN TRADE;KR OTOMATIS LLG-MANDIRI MITRA BELANJA ANDA GL MOI
MODERN TRADE;KR OTOMATIS LLG-MANDIRI MITRA BELANJA ANDA GL PIK
MODERN TRADE;KR OTOMATIS LLG-MANDIRI MITRA BELANJA ANDA GL BSD
MODERN TRADE;KR OTOMATIS LLG-MANDIRI MITRA BELANJA ANDA GL PIK
MODERN TRADE;KR OTOMATIS LLG-MANDIRI MITRA BELANJA ANDA GL HI
MODERN TRADE;KR OTOMATIS LLG-MANDIRI MITRA BELANJA ANDA GL HI
MODERN TRADE;KR OTOMATIS LLG-MANDIRI MITRA BELANJA ANDA GL BSD
2300016721;KR OTOMATIS LLG-MANDIRI SUPRABAKTI MANDIRI -0053061777 Clearing219511
2300005705;KR OTOMATIS LLG-MANDIRI KRAMAYUDHA RATUMOT Payment Vendor BK/173/12/2024 -0053061
2300010852;KR OTOMATIS LLG-MANDIRI FASTFOOD INDONESIA B24011018 -0053008
2300016653;KR OTOMATIS LLG-MANDIRI INDOCATER IR34.241100070 -0053061777 e
2300016653;KR OTOMATIS LLG-MANDIRI INDOCATER IR34.241200016 -0053061777 e
2300010852;KR OTOMATIS LLG-MANDIRI FASTFOOD INDONESIA B25000103 -0053008
2300001162;KR OTOMATIS LLG-MANDIRI GELAEL SUPERMARKET 47323-P GY48065377-MT-9 .14 -0053008
2300001162;KR OTOMATIS LLG-MANDIRI GELAEL SUPERMARKET 47394-P GY48069168-MT-1 2.5 -0053008
2300001162;KR OTOMATIS LLG-MANDIRI GELAEL SUPERMARKET 47392-P GY48068871-MT-1 2.29-0053008
2300001162;KR OTOMATIS LLG-MANDIRI GELAEL SUPERMARKET 47931-P GY48068872-MT-1 1.30-0053008
2300001162;KR OTOMATIS LLG-MANDIRI GELAEL SUPERMARKET 47393-P GY48069167-MT-1 2.3 -0053008
2300005019;KR OTOMATIS LLG-MANDIRI SRIBOGA MARUGAME I #11863/TTF 077050
2300005019;KR OTOMATIS LLG-MANDIRI SRIBOGA MARUGAME I #12417/TTF 082116
2300006238;KR OTOMATIS LLG-MANDIRI MAHATI KARAWANG N8266552 BAI COFFE E 301224
2300015404;KR OTOMATIS LLG-MANDIRI SAKSI-SAKSI YEHUWA SSYI
2300001162;KR OTOMATIS LLG-MANDIRI GELAEL SUPERMARKET 47396 GY48069472-MT-1 2.11-0053008
2300001162;KR OTOMATIS LLG-MANDIRI GELAEL SUPERMARKET 57395 GY48069474-MT-1 2.11-0053008
2300001162;KR OTOMATIS LLG-MANDIRI GELAEL SUPERMARKET 47397 GY48069475-MT-1 2.18-0053008
2300001162;KR OTOMATIS LLG-MANDIRI GELAEL SUPERMARKET 47398 GY48069473-MT-1 2.20-0053008
2300016653;KR OTOMATIS LLG-MANDIRI INDOCATER IR34.241200041 -0053061777 e
FARMERS MARKET;KR OTOMATIS LLG-MANDIRI SUPRA BOGA LESTARI 20250108-00878
FARMERS MARKET;KR OTOMATIS LLG-MANDIRI SUPRA BOGA LESTARI 20250108-ID876
2300015126;KR OTOMATIS LLG-MANDIRI KEDAI KOPI DAN TEH Fresh Milk
GRAND LUCKY;KR OTOMATIS LLG-MANDIRI LUCKY STRATEGIS GRANDLUCKY SCBD
GRAND LUCKY;KR OTOMATIS LLG-MANDIRI LUCKY STRATEGIS GRANDLUCKY SCBD
2300005550;KR OTOMATIS LLG-MANDIRI GANESHA SANSKRITIK freshmilk -0053008
2300007504;KR OTOMATIS LLG-MANDIRI SITI NURJANAH 19,24 DES 2024
2300007504;KR OTOMATIS LLG-MANDIRI SITI NURJANAH INV 10,16 DES 24
2300017432;KR OTOMATIS LLG-MANDIRI BAGJA JAYA SENTOSA PO 002/01/BAR/25 -0053008663 e
2300005515;KR OTOMATIS LLG-MANDIRI EMA INTI MITRA -0053008663 Clearing209633
HOKKY;KR OTOMATIS LLG-MANDIRI HOKKY BERSAMA
HOKKY;KR OTOMATIS LLG-MANDIRI HOKKY BERSAMA
2300001162;KR OTOMATIS LLG-MANDIRI GELAEL SUPERMARKET 47343-P GY48069951-MT-1 2.16-0053008
2300001162;KR OTOMATIS LLG-MANDIRI GELAEL SUPERMARKET 47342-P GY48069961-MT-1 .1 -0053008
GRAND LUCKY;KR OTOMATIS LLG-MANDIRI MITRA BELANJA ANDA GL MOI
GRAND LUCKY;KR OTOMATIS LLG-MANDIRI MITRA BELANJA ANDA GL PIK
GRAND LUCKY;KR OTOMATIS LLG-MANDIRI MITRA BELANJA ANDA GL PIK
GRAND LUCKY;KR OTOMATIS LLG-MANDIRI MITRA BELANJA ANDA GL MOI
GRAND LUCKY;KR OTOMATIS LLG-MANDIRI MITRA BELANJA ANDA GL BSD
GRAND LUCKY;KR OTOMATIS LLG-MANDIRI MITRA BELANJA ANDA GL KHI
GRAND LUCKY;KR OTOMATIS LLG-MANDIRI MITRA BELANJA ANDA GL KHI
GRAND LUCKY;KR OTOMATIS LLG-MANDIRI MITRA BELANJA ANDA GL BSD
HOKKY;KR OTOMATIS LLG-MANDIRI HOKKY TE IT
HOKKY;KR OTOMATIS LLG-MANDIRI HOKKY TE IT
HOKKY;KR OTOMATIS LLG-MANDIRI HOKKY TE IT
HOKKY;KR OTOMATIS LLG-MANDIRI HOKKY TE IT
HOKKY;KR OTOMATIS LLG-MANDIRI HOKKY TE IT
HOKKY;KR OTOMATIS LLG-MANDIRI HOKKY TE IT
2300013873;KR OTOMATIS LLG-MANDIRI INDO MAINT KARYA U IRNSDT.241200006
2300012554;KR OTOMATIS LLG-MANDIRI SUMBER SELERA INDO BTMTLA712517191
2300010852;KR OTOMATIS LLG-MANDIRI FASTFOOD INDONESIA B25000483 -0053008
2300015996;KR OTOMATIS LLG-MANDIRI CIPTA KIRANA WEHAR Order Greenfield 1 -0053061
2300015133;KR OTOMATIS LLG-MANDIRI SEBASTIAN CITRA IN PEMBAYARAN WHIPPIN G CREAM 229 DUS UT K BP
2300006238;KR OTOMATIS LLG-MANDIRI MAHATI KARAWANG N8308771 BAI COFFE E
2300011289;KR OTOMATIS LLG-MANDIRI PANDA LESTARI Pembelian Susu PH BE 24 012025 -0053061
2300015404;KR OTOMATIS LLG-MANDIRI SAKSI-SAKSI YEHUWA SSYI
2300008491;KR OTOMATIS LLG-MANDIRI ENDRESS+HAUSER IND -0053061777 Clearing623760
2300012554;KR OTOMATIS LLG-MANDIRI SUMBER SELERA INDO BTMTLA263065547
2300005515;KR OTOMATIS LLG-MANDIRI EMA INTI MITRA -0053008663 Clearing342762
2300007476;KR OTOMATIS LLG-MANDIRI RETNO KOPI LUWAK
2300010852;KR OTOMATIS LLG-MANDIRI FASTFOOD INDONESIA B25000839 -0053008
2300017756;KR OTOMATIS LLG-MANDIRI IAS SUPPORT INDONE ANR_GFDES24 IP-2402050 -0053008
2300017756;KR OTOMATIS LLG-MANDIRI IAS SUPPORT INDONE ANR_GFNOV24 IP-2402048 -0053008
2300017756;KR OTOMATIS LLG-MANDIRI IAS SUPPORT INDONE ANR_1035975 IP-2500002 -0053008
2300017756;KR OTOMATIS LLG-MANDIRI IAS SUPPORT INDONE ANR_GFNOV24 IP-2402049 -0053008
2300017756;KR OTOMATIS LLG-MANDIRI IAS SUPPORT INDONE ANR_GFDEC24 IP-2402051 -0053008
2300017756;KR OTOMATIS LLG-MANDIRI IAS SUPPORT INDONE ANR_1037145 IP-2500003 -0053008
FAMILY MART;KR OTOMATIS LLG-MANDIRI FAJAR MITRA INDAH PT. Fajar Mitra In da
2300005019;KR OTOMATIS LLG-MANDIRI SRIBOGA MARUGAME I #13236/TTF 082118
2300011289;KR OTOMATIS LLG-MANDIRI PANDA LESTARI Beli Susu PH BE 037 012025 -0053061
2300014375;KR OTOMATIS LLG-MANDIRI BRANDINA KULINER U BAKU
2300001162;KR OTOMATIS LLG-MANDIRI GELAEL SUPERMARKET 41701-P GY48070034-MT-1 1.1 -0053008
2300007504;KR OTOMATIS LLG-MANDIRI SITI NURJANAH INU 28-12-2025
GRAND LUCKY;KR OTOMATIS LLG-MANDIRI LUCKY STRATEGIS GRANDLUCKY SCBD
GRAND LUCKY;KR OTOMATIS LLG-MANDIRI LUCKY STRATEGIS GRANDLUCKY SCBD
2300017432;KR OTOMATIS LLG-MANDIRI BAGJA JAYA SENTOSA PO 031/01/KTCHN/24 -0053008663 e
MODERN TRADE;KR OTOMATIS LLG-MANDIRI MAHADANA DASHA UTA VDRTHIRD
2300005515;KR OTOMATIS LLG-MANDIRI EMA INTI MITRA -0053008663 Clearing950955
2300001162;KR OTOMATIS LLG-MANDIRI GELAEL SUPERMARKET 47344-P GY48070606-MT-1 2.28-0053008
HOKKY;KR OTOMATIS LLG-MANDIRI HOKKY TE IT
HOKKY;KR OTOMATIS LLG-MANDIRI HOKKY TE IT
HOKKY;KR OTOMATIS LLG-MANDIRI HOKKY TE IT
HOKKY;KR OTOMATIS LLG-MANDIRI HOKKY TE IT
HOKKY;KR OTOMATIS LLG-MANDIRI HOKKY TE IT
HOKKY;KR OTOMATIS LLG-MANDIRI HOKKY TE IT
2300006238;KR OTOMATIS LLG-MANDIRI MAHATI KARAWANG N8348165 BAI COFFE E
HOKKY;KR OTOMATIS LLG-MANDIRI HOKKY BERSAMA
HOKKY;KR OTOMATIS LLG-MANDIRI HOKKY BERSAMA
2300005705;KR OTOMATIS LLG-MANDIRI KRAMAYUDHA RATUMOT Payment Vendor BK/136/01/2025 -0053061
GRAND LUCKY;KR OTOMATIS LLG-MANDIRI MITRA BELANJA ANDA GL HI
GRAND LUCKY;KR OTOMATIS LLG-MANDIRI MITRA BELANJA ANDA GL HI
GRAND LUCKY;KR OTOMATIS LLG-MANDIRI MITRA BELANJA ANDA GL MOI
GRAND LUCKY;KR OTOMATIS LLG-MANDIRI MITRA BELANJA ANDA GL BSD
GRAND LUCKY;KR OTOMATIS LLG-MANDIRI MITRA BELANJA ANDA GL BSD
GRAND LUCKY;KR OTOMATIS LLG-MANDIRI MITRA BELANJA ANDA GL MOI
GRAND LUCKY;KR OTOMATIS LLG-MANDIRI MITRA BELANJA ANDA GL PURI
2300017432;KR OTOMATIS LLG-MANDIRI BAGJA JAYA SENTOSA PO 022/01/BAR/25 -0053008663 e
2300005019;KR OTOMATIS LLG-MANDIRI SRIBOGA MARUGAME I #13552/TTF 082120
2300005019;KR OTOMATIS LLG-MANDIRI SRIBOGA MARUGAME I #13553/TTF 082119
2300005019;KR OTOMATIS LLG-MANDIRI SRIBOGA MARUGAME I #13508/TTF 075389
FAMILY MART;KR OTOMATIS LLG-MANDIRI FAJAR MITRA INDAH PT. Fajar Mitra In da
FAMILY MART;KR OTOMATIS LLG-MANDIRI FAJAR MITRA INDAH PT. Fajar Mitra In da
2300016653;KR OTOMATIS LLG-MANDIRI INDOCATER IR34.250100036 -0053061777 e
2300001162;KR OTOMATIS LLG-MANDIRI GELAEL SUPERMARKET 47399-P GY48070133-MT-1 2.23-0053008
2300001162;KR OTOMATIS LLG-MANDIRI GELAEL SUPERMARKET 41702/47400-P GY48070134-MT-1 .30 -0053008
2300011289;KR OTOMATIS LLG-MANDIRI PANDA LESTARI Pembelian Susu BE 013 022025 -0053061
FARMERS MARKET;KR OTOMATIS LLG-MANDIRI SUPRA BOGA LESTARI 20250207-00903
2300006238;KR OTOMATIS LLG-MANDIRI MAHATI KARAWANG N8391123 BAI COFFE E
2300010852;KR OTOMATIS LLG-MANDIRI FASTFOOD INDONESIA B25001912 -0053008
GRAND LUCKY;KR OTOMATIS LLG-MANDIRI LUCKY STRATEGIS GRANDLUCKY SCBD
GRAND LUCKY;KR OTOMATIS LLG-MANDIRI LUCKY STRATEGIS GRANDLUCKY SCBD
2300014375;KR OTOMATIS LLG-MANDIRI BUNDAMEDIK brandina
MODERN TRADE;KR OTOMATIS LLG-MANDIRI MAHADANA DASHA UTA VDRTHIRD
2300017756;KR OTOMATIS LLG-MANDIRI IAS SUPPORT INDONE ANR_1039842 IP-2500043 -0053008
2300017756;KR OTOMATIS LLG-MANDIRI IAS SUPPORT INDONE ANR_1037952 IP-2500042 -0053008
2300017756;KR OTOMATIS LLG-MANDIRI IAS SUPPORT INDONE ANR_1041999 IP-2500086 -0053008
2300017756;KR OTOMATIS LLG-MANDIRI IAS SUPPORT INDONE ANR_1039284 IP-2500041 -0053008
2300013873;KR OTOMATIS LLG-MANDIRI INDO MAINT KARYA U IRNSDT.250100005
2300005550;KR OTOMATIS LLG-MANDIRI GANESHA SANSKRITIK freshmilk 19, 23 D EC -0053008
2300007504;KR OTOMATIS LLG-MANDIRI SITI NURJANAH INV 02012025
HOKKY;KR OTOMATIS LLG-MANDIRI HOKKY BERSAMA
HOKKY;KR OTOMATIS LLG-MANDIRI HOKKY BERSAMA
2300015404;KR OTOMATIS LLG-MANDIRI SAKSI-SAKSI YEHUWA SSYI 
;KR OTOMATIS LLG-MANDIRI RPL 182 BLU RSCM INV 7 1 21
GRAND LUCKY;KR OTOMATIS LLG-MANDIRI MITRA BELANJA ANDA GL MOI
GRAND LUCKY;KR OTOMATIS LLG-MANDIRI MITRA BELANJA ANDA GL PIK
GRAND LUCKY;KR OTOMATIS LLG-MANDIRI MITRA BELANJA ANDA GL MOI
GRAND LUCKY;KR OTOMATIS LLG-MANDIRI MITRA BELANJA ANDA GL PIK
GRAND LUCKY;KR OTOMATIS LLG-MANDIRI MITRA BELANJA ANDA GL BSD
GRAND LUCKY;KR OTOMATIS LLG-MANDIRI MITRA BELANJA ANDA GL BSD
GRAND LUCKY;KR OTOMATIS LLG-MANDIRI MITRA BELANJA ANDA GL PURI
GRAND LUCKY;KR OTOMATIS LLG-MANDIRI MITRA BELANJA ANDA GL PURI
GRAND LUCKY;KR OTOMATIS LLG-MANDIRI MITRA BELANJA ANDA GL KHI
GRAND LUCKY;KR OTOMATIS LLG-MANDIRI MITRA BELANJA ANDA GL KHI
HOKKY;KR OTOMATIS LLG-MANDIRI HOKKY TE IT
HOKKY;KR OTOMATIS LLG-MANDIRI HOKKY TE IT
HOKKY;KR OTOMATIS LLG-MANDIRI HOKKY TE IT
HOKKY;KR OTOMATIS LLG-MANDIRI HOKKY TE IT
HOKKY;KR OTOMATIS LLG-MANDIRI HOKKY TE IT
HOKKY;KR OTOMATIS LLG-MANDIRI HOKKY TE IT
2300001162;KR OTOMATIS LLG-MANDIRI GELAEL SUPERMARKET 47345 GY48071214-MT-1 .5 -0053008
2300001162;KR OTOMATIS LLG-MANDIRI GELAEL SUPERMARKET 56756-P GY48070305-MT-1 .4 -0053008
2300001162;KR OTOMATIS LLG-MANDIRI GELAEL SUPERMARKET 56755-P GY48070307-MT-1 .4 -0053008
2300001162;KR OTOMATIS LLG-MANDIRI GELAEL SUPERMARKET 41703-P GY48070304-MT-1 .30 -0053008
2300001162;KR OTOMATIS LLG-MANDIRI GELAEL SUPERMARKET 41704/56751-P GY48070298-MT-1 .10 -0053008
2300007476;KR OTOMATIS LLG-MANDIRI RETNO KOPI LUWAK
2300001162;KR OTOMATIS LLG-MANDIRI GELAEL SUPERMARKET 41706/09-P GY48070938-MT-2 .20 -0053061
2300005019;KR OTOMATIS LLG-MANDIRI SRIBOGA MARUGAME I #14423/TTF 076086
2300005019;KR OTOMATIS LLG-MANDIRI SRIBOGA MARUGAME I #14636/TTF 082121
2300005019;KR OTOMATIS LLG-MANDIRI SRIBOGA MARUGAME I #14422/TTF 076086
2300015133;KR OTOMATIS LLG-MANDIRI SEBASTIAN CITRA IN
2300001162;KR OTOMATIS LLG-MANDIRI GELAEL SUPERMARKET 47347 GY48071217-MT-1 .12 -0053008
2300001162;KR OTOMATIS LLG-MANDIRI GELAEL SUPERMARKET 47346 GY48071213-MT-1 .3 -0053008
2300001162;KR OTOMATIS LLG-MANDIRI GELAEL SUPERMARKET 47348 GY48071212-MT-1 .12 -0053008
2300015404;KR OTOMATIS LLG-MANDIRI SAKSI-SAKSI YEHUWA SSYI
FARMERS MARKET;KR OTOMATIS LLG-MANDIRI SUPRA BOGA LESTARI 20250219-00920
2300006238;KR OTOMATIS LLG-MANDIRI MAHATI KARAWANG N8421147 BAI COFFE E
2300017432;KR OTOMATIS LLG-MANDIRI BAGJA JAYA SENTOSA PO 036/02/BAR/25 -0053008663 e
2300005019;KR OTOMATIS LLG-MANDIRI SRIBOGA MARUGAME I #15037/TTF 082122
MODERN TRADE;KR OTOMATIS LLG-MANDIRI MAHADANA DASHA UTA VDRTHIRD
2300001162;KR OTOMATIS LLG-MANDIRI GELAEL SUPERMARKET 47349 GY48071510-MT-1 .18 -0053008
2300001162;KR OTOMATIS LLG-MANDIRI GELAEL SUPERMARKET 41711 GY48071369-MT-2 .25 -0053008
2300015404;KR OTOMATIS LLG-MANDIRI SAKSI-SAKSI YEHUWA SSYI
2300015404;KR OTOMATIS LLG-MANDIRI SAKSI-SAKSI YEHUWA SSYI
HOKKY;KR OTOMATIS LLG-MANDIRI HOKKY BERSAMA
HOKKY;KR OTOMATIS LLG-MANDIRI HOKKY BERSAMA
2300006238;KR OTOMATIS LLG-MANDIRI MAHATI KARAWANG N8458556 BAI COFFE E 25022025
GRAND LUCKY;KR OTOMATIS LLG-MANDIRI MITRA BELANJA ANDA GL MOI
GRAND LUCKY;KR OTOMATIS LLG-MANDIRI MITRA BELANJA ANDA GL PIK
GRAND LUCKY;KR OTOMATIS LLG-MANDIRI MITRA BELANJA ANDA GL MOI
GRAND LUCKY;KR OTOMATIS LLG-MANDIRI MITRA BELANJA ANDA GL PURI
GRAND LUCKY;KR OTOMATIS LLG-MANDIRI MITRA BELANJA ANDA GL PURI
GRAND LUCKY;KR OTOMATIS LLG-MANDIRI MITRA BELANJA ANDA GL BSD
GRAND LUCKY;KR OTOMATIS LLG-MANDIRI MITRA BELANJA ANDA GL BSD
GRAND LUCKY;KR OTOMATIS LLG-MANDIRI MITRA BELANJA ANDA GL KHI
GRAND LUCKY;KR OTOMATIS LLG-MANDIRI MITRA BELANJA ANDA GL KHI
2300005705;KR OTOMATIS LLG-MANDIRI KRAMAYUDHA RATUMOT Payment Vendor BK/142/02/2025 -0053061
2300007476;KR OTOMATIS LLG-MANDIRI KOPI LUWAK KOPI LUWAK
GRAND LUCKY;KR OTOMATIS LLG-MANDIRI MITRA BELANJA ANDA GL BSD
HOKKY;KR OTOMATIS LLG-MANDIRI HOKKY TE IT
2300005019;KR OTOMATIS LLG-MANDIRI SRIBOGA MARUGAME I #15577/TTF 045030
2300007504;KR OTOMATIS LLG-MANDIRI SITI NURJANAH INV 10-14 JANUARI 2024
2300015404;KR OTOMATIS LLG-MANDIRI SAKSI-SAKSI YEHUWA SSYI
2300010852;KR OTOMATIS LLG-MANDIRI FASTFOOD INDONESIA B25002976 -0053008
2300017131;KR OTOMATIS LLG-MANDIRI KOPERASI TUGU HUT SUPP
2300004162;KR OTOMATIS LLG-MANDIRI TRIMITRA MEGAH LES INV 17.23 JANUARI DAN 1.7 FEB 2025
2300005515;KR OTOMATIS LLG-MANDIRI EMA INTI MITRA -0053008663 Clearing446802
2300005515;KR OTOMATIS LLG-MANDIRI EMA INTI MITRA -0053008663 Clearing321562
FARMERS MARKET;KR OTOMATIS LLG-MANDIRI SUPRA BOGA LESTARI 20250307-00934
2300015404;KR OTOMATIS LLG-MANDIRI SAKSI-SAKSI YEHUWA SSYI
2300015404;KR OTOMATIS LLG-MANDIRI SAKSI-SAKSI YEHUWA SSYI
2300012554;KR OTOMATIS LLG-MANDIRI SUMBER SELERA INDO -0053008663 Clearing005722
GRAND LUCKY;KR OTOMATIS LLG-MANDIRI LUCKY STRATEGIS GRANDLUCKY SCBD
2300005019;KR OTOMATIS LLG-MANDIRI SRIBOGA MARUGAME I #16299/TTF 082123
2300014375;KR OTOMATIS LLG-MANDIRI BRANDINA KULINER U brandina
GRAND LUCKY;KR OTOMATIS LLG-MANDIRI LUCKY STRATEGIS GRANDLUCKY SCBD
2300015404;KR OTOMATIS LLG-MANDIRI SAKSI-SAKSI YEHUWA SSYI
2300017756;KR OTOMATIS LLG-MANDIRI IAS SUPPORT INDONE ANR_5210310064 IP-2500219 -0053008
2300017756;KR OTOMATIS LLG-MANDIRI IAS SUPPORT INDONE ANR_5210308113 IP-2500222 -0053008
2300017756;KR OTOMATIS LLG-MANDIRI IAS SUPPORT INDONE ANR_5210308114 IP-2500220 -0053008
2300017756;KR OTOMATIS LLG-MANDIRI IAS SUPPORT INDONE ANR_5210309626-962 7 IP-2500218 -0053008
2300017756;KR OTOMATIS LLG-MANDIRI IAS SUPPORT INDONE ANR_5210308112 IP-2500223 -0053008
2300017756;KR OTOMATIS LLG-MANDIRI IAS SUPPORT INDONE ANR_5210306657 IP-2500221 -0053008
2300001162;KR OTOMATIS LLG-MANDIRI GELAEL SUPERMARKET 41710 GY48071368-MT-2 .20 -0053008 
2300001162;KR OTOMATIS LLG-MANDIRI GELAEL SUPERMARKET 41714 GY48072195-MT-3 .20 -0053008 
2300001162;KR OTOMATIS LLG-MANDIRI GELAEL SUPERMARKET 41712 GY48071686-MT-3 .13 -0053008 
2300006238;KR OTOMATIS LLG-MANDIRI MAHATI KARAWANG N8506023 BAI COFFE E 
2300001162;KR OTOMATIS LLG-MANDIRI GELAEL SUPERMARKET 41707-P GY48070937-MT-1 .22 -0053061
2300015404;KR OTOMATIS LLG-MANDIRI SAKSI-SAKSI YEHUWA SSYI
GRAND LUCKY;KR OTOMATIS LLG-MANDIRI MITRA BELANJA ANDA GL MOI
GRAND LUCKY;KR OTOMATIS LLG-MANDIRI MITRA BELANJA ANDA GL MOI
GRAND LUCKY;KR OTOMATIS LLG-MANDIRI MITRA BELANJA ANDA GL PURI
GRAND LUCKY;KR OTOMATIS LLG-MANDIRI MITRA BELANJA ANDA GL PIK
GRAND LUCKY;KR OTOMATIS LLG-MANDIRI MITRA BELANJA ANDA GL BSD
GRAND LUCKY;KR OTOMATIS LLG-MANDIRI MITRA BELANJA ANDA GL PIK
GRAND LUCKY;KR OTOMATIS LLG-MANDIRI MITRA BELANJA ANDA GL KHI
GRAND LUCKY;KR OTOMATIS LLG-MANDIRI MITRA BELANJA ANDA GL KHI
GRAND LUCKY;KR OTOMATIS LLG-MANDIRI MITRA BELANJA ANDA GL BSD
HOKKY;KR OTOMATIS LLG-MANDIRI HOKKY TE IT
HOKKY;KR OTOMATIS LLG-MANDIRI HOKKY TE IT
2300015404;KR OTOMATIS LLG-MANDIRI SAKSI-SAKSI YEHUWA SSYI
2300005515;KR OTOMATIS LLG-MANDIRI EMA INTI MITRA -0053008663 Clearing527903
2300007476;KR OTOMATIS LLG-MANDIRI RETNO KOPI LUWAK
2300005019;KR OTOMATIS LLG-MANDIRI SRIBOGA MARUGAME I #16344/TTF 045031
2300005019;KR OTOMATIS LLG-MANDIRI SRIBOGA MARUGAME I #16779/TTF 045032
2300007504;KR OTOMATIS LLG-MANDIRI SITI NURJANAH INV TGL 18 DAN 22 FEB 2025
2300007504;KR OTOMATIS LLG-MANDIRI SITI NURJANAH INV 4 2 25
FARMERS MARKET;KR OTOMATIS LLG-MANDIRI SUPRA BOGA LESTARI 20250321-00948
FARMERS MARKET;KR OTOMATIS LLG-MANDIRI SUPRA BOGA LESTARI 20250321-00948
2300017131;KR OTOMATIS LLG-MANDIRI KOPERASI TUGU HUTANG SUPPLIER
2300008466;KR OTOMATIS LLG-MANDIRI KOPERASI KARYA HUS PEMBAYARAN REKANAN TOKO
2300012554;KR OTOMATIS LLG-MANDIRI SUMBER SELERA INDO -0053008663 Clearing003579
2300015404;KR OTOMATIS LLG-MANDIRI SAKSI-SAKSI YEHUWA SSYI
GRAND LUCKY;KR OTOMATIS LLG-MANDIRI LUCKY STRATEGIS GRANDLUCKY SCBD
GRAND LUCKY;KR OTOMATIS LLG-MANDIRI LUCKY STRATEGIS GRANDLUCKY SCBD
2300005019;KR OTOMATIS LLG-MANDIRI SRIBOGA MARUGAME I #17204/TTF 047329
2300005019;KR OTOMATIS LLG-MANDIRI SRIBOGA MARUGAME I #17206/TTF 070393
2300005019;KR OTOMATIS LLG-MANDIRI SRIBOGA MARUGAME I #17203/TTF 047330
2300015404;KR OTOMATIS LLG-MANDIRI SAKSI-SAKSI YEHUWA SSYI
2300003909;KR OTOMATIS LLG-MANDIRI NURTIRTA NUSA LEST
2300017195;KR OTOMATIS LLG-MANDIRI ARCHIPELAGO QUEEN PANDOR 25Mar25
2300017432;KR OTOMATIS LLG-MANDIRI BAGJA JAYA SENTOSA PO 066/03/BAR/25 -0053008663 e
2300001162;KR OTOMATIS LLG-MANDIRI GELAEL SUPERMARKET 70395 GY48072600-MT-2 .7 -0053008
2300001162;KR OTOMATIS LLG-MANDIRI GELAEL SUPERMARKET 41716 GY48072606-MT-2 .10 -0053008
2300001162;KR OTOMATIS LLG-MANDIRI GELAEL SUPERMARKET 41715 GY48072605-MT-2 .10 -0053008
2300007476;KR OTOMATIS LLG-MANDIRI RETNO KOPI LUWAK
HOKKY;KR OTOMATIS LLG-MANDIRI HOKKY BERSAMA
HOKKY;KR OTOMATIS LLG-MANDIRI HOKKY BERSAMA
2300016721;KR OTOMATIS LLG-MANDIRI SUPRABAKTI MANDIRI 1246 -0053061
HOKKY;KR OTOMATIS LLG-MANDIRI HOKKY TE IT
HOKKY;KR OTOMATIS LLG-MANDIRI HOKKY TE IT
HOKKY;KR OTOMATIS LLG-MANDIRI HOKKY TE IT
HOKKY;KR OTOMATIS LLG-MANDIRI HOKKY TE IT
HOKKY;KR OTOMATIS LLG-MANDIRI HOKKY TE IT
HOKKY;KR OTOMATIS LLG-MANDIRI HOKKY TE IT
GRAND LUCKY;KR OTOMATIS LLG-MANDIRI LUCKY STRATEGIS GRANDLUCKY SCBD
GRAND LUCKY;KR OTOMATIS LLG-MANDIRI LUCKY STRATEGIS GRANDLUCKY SCBD
2300005019;KR OTOMATIS LLG-MANDIRI SRIBOGA MARUGAME I #17773/TTF 047332
GRAND LUCKY;KR OTOMATIS LLG-MANDIRI MITRA BELANJA ANDA GL PIK
GRAND LUCKY;KR OTOMATIS LLG-MANDIRI MITRA BELANJA ANDA GL PIK
GRAND LUCKY;KR OTOMATIS LLG-MANDIRI MITRA BELANJA ANDA GL MOI
GRAND LUCKY;KR OTOMATIS LLG-MANDIRI MITRA BELANJA ANDA GL MOI
GRAND LUCKY;KR OTOMATIS LLG-MANDIRI MITRA BELANJA ANDA GL PURI
GRAND LUCKY;KR OTOMATIS LLG-MANDIRI MITRA BELANJA ANDA GL PURI
GRAND LUCKY;KR OTOMATIS LLG-MANDIRI MITRA BELANJA ANDA GL BSD
GRAND LUCKY;KR OTOMATIS LLG-MANDIRI MITRA BELANJA ANDA GL BSD
GRAND LUCKY;KR OTOMATIS LLG-MANDIRI MITRA BELANJA ANDA GL KHI
GRAND LUCKY;KR OTOMATIS LLG-MANDIRI MITRA BELANJA ANDA GL KHI
2300005515;KR OTOMATIS LLG-MANDIRI EMA INTI MITRA -0053008663 Clearing037677
2300005515;KR OTOMATIS LLG-MANDIRI EMA INTI MITRA -0053008663 Clearing318926
2300005515;KR OTOMATIS LLG-MANDIRI EMA INTI MITRA -0053008663 Clearing402502
FARMERS MARKET;KR OTOMATIS LLG-MANDIRI SUPRA BOGA LESTARI 20250409-00960
FARMERS MARKET;KR OTOMATIS LLG-MANDIRI SUPRA BOGA LESTARI 20250409-00960
2300006238;KR OTOMATIS LLG-MANDIRI MAHATI KARAWANG N8587546 BAI COFFE E 030425
2300010852;KR OTOMATIS LLG-MANDIRI FASTFOOD INDONESIA B25004273 -0053008
2300015404;KR OTOMATIS LLG-MANDIRI SAKSI-SAKSI YEHUWA SSYI
2300017195;KR OTOMATIS LLG-MANDIRI ARCHIPELAGO QUEEN PANDOR 10Apr25
2300007504;KR OTOMATIS LLG-MANDIRI SITI NURJANAH INV TGL 5,12.3.202 5
2300007504;KR OTOMATIS LLG-MANDIRI SITI NURJANAH INV TGL 1.3.25
2300007504;KR OTOMATIS LLG-MANDIRI SITI NURJANAH INV TGL 17.3.2025
2300014375;KR OTOMATIS LLG-MANDIRI BRANDINA KULINER U BRANDINA
MODERN TRADE;KR OTOMATIS LLG-MANDIRI INDOMARCO PRISMATA IDM-HEAD OFFICE
2300001162;KR OTOMATIS LLG-MANDIRI GELAEL SUPERMARKET 41717-18 GY48072924-MT-2 .15 -0053008
2300001162;KR OTOMATIS LLG-MANDIRI GELAEL SUPERMARKET 41719 GY48072921-MT-3 .30 -0053008
2300001162;KR OTOMATIS LLG-MANDIRI GELAEL SUPERMARKET 41720 GY48072920-MT-2 .20 -0053008
2300012494;KR OTOMATIS LLG-MANDIRI KOPKAR PT PERTAGAS PEMBAYARAN SUSU GR EENFIELDS UNTUK KE PERLUAN D GA
HOKKY;KR OTOMATIS LLG-MANDIRI HOKKY TE IT
HOKKY;KR OTOMATIS LLG-MANDIRI HOKKY TE IT
HOKKY;KR OTOMATIS LLG-MANDIRI HOKKY TE IT
HOKKY;KR OTOMATIS LLG-MANDIRI HOKKY TE IT
HOKKY;KR OTOMATIS LLG-MANDIRI HOKKY TE IT
HOKKY;KR OTOMATIS LLG-MANDIRI HOKKY TE IT
HOKKY;KR OTOMATIS LLG-MANDIRI HOKKY BERSAMA
HOKKY;KR OTOMATIS LLG-MANDIRI HOKKY BERSAMA
2300005019;KR OTOMATIS LLG-MANDIRI SRIBOGA MARUGAME I #18023/TTF 047333
2300005019;KR OTOMATIS LLG-MANDIRI SRIBOGA MARUGAME I #17961/TTF 070652
GRAND LUCKY;KR OTOMATIS LLG-MANDIRI MITRA BELANJA ANDA GL BSD
GRAND LUCKY;KR OTOMATIS LLG-MANDIRI MITRA BELANJA ANDA GL MOI
GRAND LUCKY;KR OTOMATIS LLG-MANDIRI MITRA BELANJA ANDA GL BSD
GRAND LUCKY;KR OTOMATIS LLG-MANDIRI MITRA BELANJA ANDA GL MOI
GRAND LUCKY;KR OTOMATIS LLG-MANDIRI MITRA BELANJA ANDA GL PURI
GRAND LUCKY;KR OTOMATIS LLG-MANDIRI MITRA BELANJA ANDA GL PURI
GRAND LUCKY;KR OTOMATIS LLG-MANDIRI MITRA BELANJA ANDA GL PIK
GRAND LUCKY;KR OTOMATIS LLG-MANDIRI MITRA BELANJA ANDA GL PIK
2300010852;KR OTOMATIS LLG-MANDIRI FASTFOOD INDONESIA B25004623 -0053008
MODERN TRADE;KR OTOMATIS LLG-MANDIRI MAHADANA DASHA UTA VDRTHIRD
2300013873;KR OTOMATIS LLG-MANDIRI INDO MAINT KARYA U IRNSDT.250300007
GRAND LUCKY;KR OTOMATIS LLG-MANDIRI MITRA BELANJA ANDA GL KHI
GRAND LUCKY;KR OTOMATIS LLG-MANDIRI MITRA BELANJA ANDA GL KHI
2300012554;KR OTOMATIS LLG-MANDIRI SUMBER SELERA INDO -0053008663 Clearing517555
2300016653;KR OTOMATIS LLG-MANDIRI INDOCATER 202504141200814939 -0053061777 e
2300005705;KR OTOMATIS LLG-MANDIRI KRAMAYUDHA RATUMOT Payment Vendor BK/056/04/2025 -0053061
2300010852;KR OTOMATIS LLG-MANDIRI FASTFOOD INDONESIA B25004837 -0053008
2300001162;KR OTOMATIS LLG-MANDIRI GELAEL SUPERMARKET 41721 GY48072925-MT-3 .30 -0053008
2300001162;KR OTOMATIS LLG-MANDIRI GELAEL SUPERMARKET 41723/32 GY48073312-MT-3 .11 -0053008
2300001162;KR OTOMATIS LLG-MANDIRI GELAEL SUPERMARKET 41734 GY48073311-MT-2 .25 -0053008
2300017432;KR OTOMATIS LLG-MANDIRI BAGJA JAYA SENTOSA PO 073/04/BAR/25 -0053008663 e
2300015404;KR OTOMATIS LLG-MANDIRI SAKSI-SAKSI YEHUWA SSYI
2300015404;KR OTOMATIS LLG-MANDIRI SAKSI-SAKSI YEHUWA SSYI
2300014375;KR OTOMATIS LLG-MANDIRI BRANDINA KULINER U BRANDINA
2300016653;KR OTOMATIS LLG-MANDIRI INDOCATER IR34.250300058 -0053061777 e
FARMERS MARKET;KR OTOMATIS LLG-MANDIRI SUPRA BOGA LESTARI 20250423-00976
2300006238;KR OTOMATIS LLG-MANDIRI MAHATI KARAWANG N8634838 BAI COFFE E 16425
GRAND LUCKY;KR OTOMATIS LLG-MANDIRI LUCKY STRATEGIS GRANDLUCKY SCBD
GRAND LUCKY;KR OTOMATIS LLG-MANDIRI LUCKY STRATEGIS GRANDLUCKY SCBD
2300017131;KR OTOMATIS LLG-MANDIRI KOPERASI TUGU HUTANG SUPPLIER
2300016721;KR OTOMATIS LLG-MANDIRI SUPRABAKTI MANDIRI -0053061777 Clearing848632
2300009090;KR OTOMATIS LLG-MANDIRI INDOMARCO PRISMATA IDM-HEAD OFFICE
2300007476;KR OTOMATIS LLG-MANDIRI KOPI LUWAK KOPI LUWAK
2300017756;KR OTOMATIS LLG-MANDIRI IAS SUPPORT INDONE ANR_9178.9179.9180 IP-2500441 -0053008
2300017756;KR OTOMATIS LLG-MANDIRI IAS SUPPORT INDONE ANR_8165.8166.8167 IP-2500315 -0053008
2300017756;KR OTOMATIS LLG-MANDIRI IAS SUPPORT INDONE ANR_5210318107 IP-2500447 -0053008
2300017756;KR OTOMATIS LLG-MANDIRI IAS SUPPORT INDONE ANR_18108.18109 IP-2500320 -0053008
2300017756;KR OTOMATIS LLG-MANDIRI IAS SUPPORT INDONE ANR_8776.8777 IP-2500443 -0053008
2300017756;KR OTOMATIS LLG-MANDIRI IAS SUPPORT INDONE ANR_4800.4801 IP-2500444 -0053008
2300017756;KR OTOMATIS LLG-MANDIRI IAS SUPPORT INDONE ANR_5210344528 IP-2500442 -0053008
2300017756;KR OTOMATIS LLG-MANDIRI IAS SUPPORT INDONE ANR_3546.3547 IP-2500445 -0053008
2300017756;KR OTOMATIS LLG-MANDIRI IAS SUPPORT INDONE ANR13311.13314.133 15IP-2500290 -0053008
2300017756;KR OTOMATIS LLG-MANDIRI IAS SUPPORT INDONE ANR_5495.5496 IP-2500321 -0053008
2300017756;KR OTOMATIS LLG-MANDIRI IAS SUPPORT INDONE ANR_439.446.448 IP-2500318 -0053008
2300017756;KR OTOMATIS LLG-MANDIRI IAS SUPPORT INDONE ANR_7304.7305 IP-2500440 -0053008
2300017756;KR OTOMATIS LLG-MANDIRI IAS SUPPORT INDONE ANR_5210330985 IP-2500446 -0053008
2300017756;KR OTOMATIS LLG-MANDIRI IAS SUPPORT INDONE ANR_5210315494 IP-2500319 -0053008
2300000781;KR OTOMATIS LLG-MANDIRI HOKKY BERSAMA
2300000781;KR OTOMATIS LLG-MANDIRI HOKKY BERSAMA
2300003937;KR OTOMATIS LLG-MANDIRI MAHADANA DASHA UTA VDRTHIRD
2300005515;KR OTOMATIS LLG-MANDIRI EMA INTI MITRA -0053008663 Clearing538644
2300005019;KR OTOMATIS LLG-MANDIRI SRIBOGA MARUGAME I #19139/TTF 047331
2300001162;KR OTOMATIS LLG-MANDIRI GELAEL SUPERMARKET 41722/31 GY48073314-MT-3 .11 -0053008
2300001162;KR OTOMATIS LLG-MANDIRI GELAEL SUPERMARKET 41735-36 GY48073504-MT-4 .20 -0053008
2300001162;KR OTOMATIS LLG-MANDIRI GELAEL SUPERMARKET 41733 GY48073313-MT-2 .25 -0053008
2300012656;KR OTOMATIS LLG-MANDIRI MITRA BELANJA ANDA GL MOI
2300012656;KR OTOMATIS LLG-MANDIRI MITRA BELANJA ANDA GL PIK
2300012656;KR OTOMATIS LLG-MANDIRI MITRA BELANJA ANDA GL MOI
2300012656;KR OTOMATIS LLG-MANDIRI MITRA BELANJA ANDA GL PIK
2300012656;KR OTOMATIS LLG-MANDIRI MITRA BELANJA ANDA GL KHI
2300012656;KR OTOMATIS LLG-MANDIRI MITRA BELANJA ANDA GL PURI
2300012656;KR OTOMATIS LLG-MANDIRI MITRA BELANJA ANDA GL PURI
2300012656;KR OTOMATIS LLG-MANDIRI MITRA BELANJA ANDA GL BSD
2300012656;KR OTOMATIS LLG-MANDIRI MITRA BELANJA ANDA GL BSD
2300012656;KR OTOMATIS LLG-MANDIRI MITRA BELANJA ANDA GL KHI
2300013873;KR OTOMATIS LLG-MANDIRI INDO MAINT KARYA U IRNSDT.250400003
2300001162;KR OTOMATIS LLG-MANDIRI GELAEL SUPERMARKET 73660 GY48074077-BT-4 .4 -0053008
2300001162;KR OTOMATIS LLG-MANDIRI GELAEL SUPERMARKET 41743 GY48074079-MT-5 .10 -0053008
2300001162;KR OTOMATIS LLG-MANDIRI GELAEL SUPERMARKET 41744 GY48074078-MT-5 .10 -0053008
2300001162;KR OTOMATIS LLG-MANDIRI GELAEL SUPERMARKET 41724 GY48073801-MT-3 .7 -0053008
2300001162;KR OTOMATIS LLG-MANDIRI GELAEL SUPERMARKET 47350 GY48073800-MT-2 .22 -0053008
2300001162;KR OTOMATIS LLG-MANDIRI GELAEL SUPERMARKET 41740 GY48073788-MT-3 .25 -0053008
2300003909;KR OTOMATIS LLG-MANDIRI NURTIRTA NUSA LEST
2300001162;KR OTOMATIS LLG-MANDIRI GELAEL SUPERMARKET 41738/42 GY48073791-MT-4 .1 -0053008
2300001162;KR OTOMATIS LLG-MANDIRI GELAEL SUPERMARKET 41741 GY48073790-,MT- 3.25-0053008
2300001162;KR OTOMATIS LLG-MANDIRI GELAEL SUPERMARKET 41739/73147 GY48073789-MT-4 .1 -0053008
2300001162;KR OTOMATIS LLG-MANDIRI GELAEL SUPERMARKET 41737 GY48073505-MT- -0053008
2300001162;KR OTOMATIS LLG-MANDIRI GELAEL SUPERMARKET 41726 GY48074226-MT-3 .19 -0053008
2300001162;KR OTOMATIS LLG-MANDIRI GELAEL SUPERMARKET 41725 GY48074227-MT-3 .23 -0053008
2300001162;KR OTOMATIS LLG-MANDIRI GELAEL SUPERMARKET 41728 GY48074281-MT-3 .31 -0053008
2300001185;KR OTOMATIS LLG-MANDIRI HOKKY TE IT
2300001185;KR OTOMATIS LLG-MANDIRI HOKKY TE IT
2300001185;KR OTOMATIS LLG-MANDIRI HOKKY TE IT
2300001185;KR OTOMATIS LLG-MANDIRI HOKKY TE IT
2300001185;KR OTOMATIS LLG-MANDIRI HOKKY TE IT
2300001185;KR OTOMATIS LLG-MANDIRI HOKKY TE IT
2300006238;KR OTOMATIS LLG-MANDIRI MAHATI KARAWANG N8679035 BAI COFFE E 28042025
2300001162;KR OTOMATIS LLG-MANDIRI GELAEL SUPERMARKET 41727 GY48074278-M-4. 5 -0053008
2300018461;KR OTOMATIS LLG-MANDIRI CAPITANO KREASI BU CKBN TGL 03 APR 20 25
2300001162;KR OTOMATIS LLG-MANDIRI GELAEL SUPERMARKET 56758 GY48074358-MT-4 .6 -0053008
2300001162;KR OTOMATIS LLG-MANDIRI GELAEL SUPERMARKET 56757 GY48074357-MT-4 .5 -0053008
2300007476;KR OTOMATIS LLG-MANDIRI KOPI LUWAK KOPI LUWAK
2300015404;KR OTOMATIS LLG-MANDIRI SAKSI-SAKSI YEHUWA SSYI
2300012554;KR OTOMATIS LLG-MANDIRI SUMBER SELERA INDO -0053008663 Clearing535658
2300001360;KR OTOMATIS LLG-MANDIRI SUMBER ALFARIA TRI RDPRLLG050525012
2300014375;KR OTOMATIS LLG-MANDIRI BRANDINA KULINER U brandina
2300005019;KR OTOMATIS LLG-MANDIRI SRIBOGA MARUGAME I #19345/TTF 070654
2300005019;KR OTOMATIS LLG-MANDIRI SRIBOGA MARUGAME I #19350/TTF 070653
FARMERS MARKET;KR OTOMATIS LLG-MANDIRI SUPRA BOGA LESTARI 20250507-00989
2300015404;KR OTOMATIS LLG-MANDIRI SAKSI-SAKSI YEHUWA SSYI
2300001243;KR OTOMATIS LLG-MANDIRI LUCKY STRATEGIS GRANDLUCKY SCBD
2300001243;KR OTOMATIS LLG-MANDIRI LUCKY STRATEGIS GRANDLUCKY SCBD
2300011289;KR OTOMATIS LLG-MANDIRI PANDA LESTARI Susu untuk PH BE 012 052025 -0053061
2300010852;KR OTOMATIS LLG-MANDIRI FASTFOOD INDONESIA B25005946 -0053008
2300003937;KR OTOMATIS LLG-MANDIRI MAHADANA DASHA UTA VDRTHIRD
2300000781;KR OTOMATIS LLG-MANDIRI HOKKY BERSAMA
2300000781;KR OTOMATIS LLG-MANDIRI HOKKY BERSAMA
2300012554;KR OTOMATIS LLG-MANDIRI SUMBER SELERA INDO -0053008663 Clearing912595
2300005019;KR OTOMATIS LLG-MANDIRI SRIBOGA MARUGAME I #20072/SUSU GREEN FI
2300005019;KR OTOMATIS LLG-MANDIRI SRIBOGA MARUGAME I #20035/TTF 070656
2300005019;KR OTOMATIS LLG-MANDIRI SRIBOGA MARUGAME I #20073/SUSU GREEN FI
2300006238;KR OTOMATIS LLG-MANDIRI MAHATI KARAWANG N8718562 BAI COFFE E
2300007504;KR OTOMATIS LLG-MANDIRI SITI NURJANAH INV 25 MAR 25
2300007504;KR OTOMATIS LLG-MANDIRI SITI NURJANAH INV 9 APR 25
2300015404;KR OTOMATIS LLG-MANDIRI SAKSI-SAKSI YEHUWA SSYI
2300012656;KR OTOMATIS LLG-MANDIRI MITRA BELANJA ANDA GL MOI
2300012656;KR OTOMATIS LLG-MANDIRI MITRA BELANJA ANDA GL MOI
2300012656;KR OTOMATIS LLG-MANDIRI MITRA BELANJA ANDA GL PIK
2300012656;KR OTOMATIS LLG-MANDIRI MITRA BELANJA ANDA GL KHI
2300012656;KR OTOMATIS LLG-MANDIRI MITRA BELANJA ANDA GL PIK
2300012656;KR OTOMATIS LLG-MANDIRI MITRA BELANJA ANDA GL BSD
2300012656;KR OTOMATIS LLG-MANDIRI MITRA BELANJA ANDA GL BSD
2300012656;KR OTOMATIS LLG-MANDIRI MITRA BELANJA ANDA GL KHI
2300012656;KR OTOMATIS LLG-MANDIRI MITRA BELANJA ANDA GL PURI
2300012656;KR OTOMATIS LLG-MANDIRI MITRA BELANJA ANDA GL PURI
2300001185;KR OTOMATIS LLG-MANDIRI HOKKY TE IT
2300001185;KR OTOMATIS LLG-MANDIRI HOKKY TE IT
2300001185;KR OTOMATIS LLG-MANDIRI HOKKY TE IT
2300018386;KR OTOMATIS LLG-MANDIRI MAJA RUANG DELAPAN PT Greenfiedls In do
2300001162;KR OTOMATIS LLG-MANDIRI GELAEL SUPERMARKET 56759/63-P GY48074979-MT-4 .14 -0053008
2300001162;KR OTOMATIS LLG-MANDIRI GELAEL SUPERMARKET 56761-62-P GY48074978-MT-4 .27 -0053008
2300001162;KR OTOMATIS LLG-MANDIRI GELAEL SUPERMARKET 56760-P GY48074980-MT-4 .15 -0053008
2300017432;KR OTOMATIS LLG-MANDIRI BAGJA JAYA SENTOSA PO 095/05/BAR/25 -0053008663 e
2300017432;KR OTOMATIS LLG-MANDIRI BAGJA JAYA SENTOSA PO 094/05/BAR/25 -0053008663 e
2300005515;KR OTOMATIS LLG-MANDIRI EMA INTI MITRA -0053008663 Clearing927673
2300015404;KR OTOMATIS LLG-MANDIRI SAKSI-SAKSI YEHUWA SSYI
2300005019;KR OTOMATIS LLG-MANDIRI SRIBOGA MARUGAME I #20200/TTF 0065
2300001162;KR OTOMATIS LLG-MANDIRI GELAEL SUPERMARKET 41729 GY48074929-MT-3 .31 -0053008
2300010852;KR OTOMATIS LLG-MANDIRI FASTFOOD INDONESIA B25006216 -0053008
2300014375;KR OTOMATIS LLG-MANDIRI BRANDINA KULINER U brandina
2300001360;KR OTOMATIS LLG-MANDIRI SUMBER ALFARIA TRI RDPRLLG210525007
2300001360;KR OTOMATIS LLG-MANDIRI SUMBER ALFARIA TRI RDPRLLG210525080
2300004162;KR OTOMATIS LLG-MANDIRI TRIMITRA MEGAH LES INV 17.4.25
2300018253;KR OTOMATIS LLG-MANDIRI MNC LAND PT Greenfields Dai ry
2300017756;KR OTOMATIS LLG-MANDIRI IAS SUPPORT INDONE ANR_GF-5210359971 IP-2500494 -0053008
2300017756;KR OTOMATIS LLG-MANDIRI IAS SUPPORT INDONE ANR_370-356.357.35 9 IP-2500586 -0053008
2300017756;KR OTOMATIS LLG-MANDIRI IAS SUPPORT INDONE ANR_GF-5210365259 IP-2500585 -0053008
2300017756;KR OTOMATIS LLG-MANDIRI IAS SUPPORT INDONE ANR_5210370517 IP-2500587 -0053008
2300017756;KR OTOMATIS LLG-MANDIRI IAS SUPPORT INDONE ANR_0359-536.537.5 38IP-2500493 -0053008
2300017756;KR OTOMATIS LLG-MANDIRI IAS SUPPORT INDONE ANR_5210357656 IP-2500485 -0053008
2300017756;KR OTOMATIS LLG-MANDIRI IAS SUPPORT INDONE ANR_5210361369 IP-2500497 -0053008
2300017756;KR OTOMATIS LLG-MANDIRI IAS SUPPORT INDONE ANR_GF-5210375878 IP-2500609 -0053008
2300017756;KR OTOMATIS LLG-MANDIRI IAS SUPPORT INDONE ANR_0374-533.554.5 56IP-2500608 -0053008
2300001243;KR OTOMATIS LLG-MANDIRI LUCKY STRATEGIS GRANDLUCKY SCBD
2300001243;KR OTOMATIS LLG-MANDIRI LUCKY STRATEGIS GRANDLUCKY SCBD
2300006238;KR OTOMATIS LLG-MANDIRI MAHATI KARAWANG N8758279 BAI COFFE E 19 05 25
2300009090;KR OTOMATIS LLG-MANDIRI INDOMARCO PRISMATA IDM-HEAD OFFICE
2300001162;KR OTOMATIS LLG-MANDIRI GELAEL SUPERMARKET 56779 GY48075314-MT-4 .24 -0053008
2300001162;KR OTOMATIS LLG-MANDIRI GELAEL SUPERMARKET 41746 GY48075318-MT-5 .10 -0053008
2300001162;KR OTOMATIS LLG-MANDIRI GELAEL SUPERMARKET 56780 GY48075312-MT-4 .22 -0053008
2300001162;KR OTOMATIS LLG-MANDIRI GELAEL SUPERMARKET 41730-P GY48075380-MT-4 .20 -0053008
2300001162;KR OTOMATIS LLG-MANDIRI GELAEL SUPERMARKET 56765 GY48075378-MT-4 .25 -0053008
2300001162;KR OTOMATIS LLG-MANDIRI GELAEL SUPERMARKET 56764 GY48075379-MT-4 .12 -0053008
2300005019;KR OTOMATIS LLG-MANDIRI SRIBOGA MARUGAME I #20587/TTF 072294
2300005019;KR OTOMATIS LLG-MANDIRI SRIBOGA MARUGAME I #20716/TTF 072295
2300005019;KR OTOMATIS LLG-MANDIRI SRIBOGA MARUGAME I #20586/TTF 072293
2300012554;KR OTOMATIS LLG-MANDIRI SUMBER SELERA INDO -0053008663 Clearing357502
2300000781;KR OTOMATIS LLG-MANDIRI HOKKY BERSAMA
2300000781;KR OTOMATIS LLG-MANDIRI HOKKY BERSAMA
2300003937;KR OTOMATIS LLG-MANDIRI MAHADANA DASHA UTA VDRTHIRD
2300005705;KR OTOMATIS LLG-MANDIRI KRAMAYUDHA RATUMOT Payment Vendor BK/172/05/2025 -0053061
2300012656;KR OTOMATIS LLG-MANDIRI MITRA BELANJA ANDA GL PURI
2300012656;KR OTOMATIS LLG-MANDIRI MITRA BELANJA ANDA GL BSD
2300012656;KR OTOMATIS LLG-MANDIRI MITRA BELANJA ANDA GL KHI
2300012656;KR OTOMATIS LLG-MANDIRI MITRA BELANJA ANDA GL PURI
2300012656;KR OTOMATIS LLG-MANDIRI MITRA BELANJA ANDA GL KHI
2300012656;KR OTOMATIS LLG-MANDIRI MITRA BELANJA ANDA GL BSD
2300012656;KR OTOMATIS LLG-MANDIRI MITRA BELANJA ANDA GL MOI
2300012656;KR OTOMATIS LLG-MANDIRI MITRA BELANJA ANDA GL PIK
2300012656;KR OTOMATIS LLG-MANDIRI MITRA BELANJA ANDA GL MOI
2300012656;KR OTOMATIS LLG-MANDIRI MITRA BELANJA ANDA GL PIK
2300001185;KR OTOMATIS LLG-MANDIRI HOKKY TE IT
2300001185;KR OTOMATIS LLG-MANDIRI HOKKY TE IT
2300001185;KR OTOMATIS LLG-MANDIRI HOKKY TE IT
2300001185;KR OTOMATIS LLG-MANDIRI HOKKY TE IT
2300001185;KR OTOMATIS LLG-MANDIRI HOKKY TE IT
2300001185;KR OTOMATIS LLG-MANDIRI HOKKY TE IT
2300005019;KR OTOMATIS LLG-MANDIRI SRIBOGA MARUGAME I #21057/TTF 072133
2300006238;KR OTOMATIS LLG-MANDIRI MAHATI KARAWANG N8792240 BAI COFFE E 280525
2300015404;KR OTOMATIS LLG-MANDIRI SAKSI-SAKSI YEHUWA SSYI
2300013873;KR OTOMATIS LLG-MANDIRI INDO MAINT KARYA U IRNSDT.250500001
2300016653;KR OTOMATIS LLG-MANDIRI INDOCATER IR34.250400076 -0053061777 e
2300001162;KR OTOMATIS LLG-MANDIRI GELAEL SUPERMARKET 41745-P GY48075820-MT-5 .30 -0053008
2300001360;KR OTOMATIS LLG-MANDIRI SUMBER ALFARIA TRI RDPRLLG040625040
2300001162;KR OTOMATIS LLG-MANDIRI GELAEL SUPERMARKET 41748 GY48075935-MT-5 .16 -0053008
2300001162;KR OTOMATIS LLG-MANDIRI GELAEL SUPERMARKET 41747 GY48075937-MT-5 .17 -0053008
2300012554;KR OTOMATIS LLG-MANDIRI SUMBER SELERA INDO -0053008663 Clearing928747
2300005019;KR OTOMATIS LLG-MANDIRI SRIBOGA MARUGAME I #21372/TTF 079824
2300013826;KR OTOMATIS LLG-MANDIRI CAFE OLATTE RSCM INV 6.5.25
2300001243;KR OTOMATIS LLG-MANDIRI LUCKY STRATEGIS GRANDLUCKY SCBD
2300001243;KR OTOMATIS LLG-MANDIRI LUCKY STRATEGIS GRANDLUCKY SCBD
2300017195;KR OTOMATIS LLG-MANDIRI ARCHIPELAGO QUEEN PANDOR 10JUN25
2300010852;KR OTOMATIS LLG-MANDIRI FASTFOOD INDONESIA B25007440 -0053008
2300003937;KR OTOMATIS LLG-MANDIRI MAHADANA DASHA UTA VDRTHIRD
2300010852;KR OTOMATIS LLG-MANDIRI FASTFOOD INDONESIA B25006695 -0053008
2300000781;KR OTOMATIS LLG-MANDIRI HOKKY BERSAMA
2300000781;KR OTOMATIS LLG-MANDIRI HOKKY BERSAMA
2300017131;KR OTOMATIS LLG-MANDIRI KOPERASI TUGU HUTANG SUPPLIER
2300001360;KR OTOMATIS LLG-MANDIRI SUMBER ALFARIA TRI RDPRLLG120625023
2000066431;KR OTOMATIS LLG-MANDIRI YUMMY FOOD UTAMA 5210367992 -0053008663 e
2300012656;KR OTOMATIS LLG-MANDIRI MITRA BELANJA ANDA GL PIK
2300012656;KR OTOMATIS LLG-MANDIRI MITRA BELANJA ANDA GL MOI
2300012656;KR OTOMATIS LLG-MANDIRI MITRA BELANJA ANDA GL PIK
2300012656;KR OTOMATIS LLG-MANDIRI MITRA BELANJA ANDA GL MOI
2300012656;KR OTOMATIS LLG-MANDIRI MITRA BELANJA ANDA GL PURI
2300012656;KR OTOMATIS LLG-MANDIRI MITRA BELANJA ANDA GL KHI
2300012656;KR OTOMATIS LLG-MANDIRI MITRA BELANJA ANDA GL BSD
2300012656;KR OTOMATIS LLG-MANDIRI MITRA BELANJA ANDA GL KHI
2300012656;KR OTOMATIS LLG-MANDIRI MITRA BELANJA ANDA GL BSD
2300012656;KR OTOMATIS LLG-MANDIRI MITRA BELANJA ANDA GL PURI
2300018386;KR OTOMATIS LLG-MANDIRI MAJA RUANG DELAPAN PT Greenfiedls Ind on
2300015404;KR OTOMATIS LLG-MANDIRI SAKSI-SAKSI YEHUWA SSYI
2300001162;KR OTOMATIS LLG-MANDIRI GELAEL SUPERMARKET 41749/56782 GY48076229-MT-6 .2 -0053008
2300001162;KR OTOMATIS LLG-MANDIRI GELAEL SUPERMARKET 41750/56781 GY48076230-MT-6 .2 -0053008
2300007476;KR OTOMATIS LLG-MANDIRI KOPI LUWAK KOPI LUWAK
2300001185;KR OTOMATIS LLG-MANDIRI HOKKY TE IT
2300001185;KR OTOMATIS LLG-MANDIRI HOKKY TE IT
2300001185;KR OTOMATIS LLG-MANDIRI HOKKY TE IT
2300001185;KR OTOMATIS LLG-MANDIRI HOKKY TE IT
2300001185;KR OTOMATIS LLG-MANDIRI HOKKY TE IT
2300001185;KR OTOMATIS LLG-MANDIRI HOKKY TE IT
2300005019;KR OTOMATIS LLG-MANDIRI SRIBOGA MARUGAME I #21841/TTF 079825
2300017432;KR OTOMATIS LLG-MANDIRI BAGJA JAYA SENTOSA PO 0119/06/BAR/25 -0053008663 e
2300001185;KR OTOMATIS LLG-MANDIRI HOKKY TE IT
2300000739;KR OTOMATIS LLG-MANDIRI FAJAR MITRA INDAH PT. Fajar Mitra In da
2300007476;KR OTOMATIS LLG-MANDIRI RETNO KOPI LUWAK
2300017756;KR OTOMATIS LLG-MANDIRI IAS SUPPORT INDONE ANR83185.83187.831 89IP-2500660 -0053008
2300017756;KR OTOMATIS LLG-MANDIRI IAS SUPPORT INDONE ANR_5420.5421 IP-2500659 -0053008
2300017756;KR OTOMATIS LLG-MANDIRI IAS SUPPORT INDONE ANR_GF-0309.0311 IP-2500713 -0053008
2300017756;KR OTOMATIS LLG-MANDIRI IAS SUPPORT INDONE ANR_5210390303 IP-2500712 -0053008
2300005515;KR OTOMATIS LLG-MANDIRI EMA INTI MITRA -0053008663 Clearing104710
2300000739;KR OTOMATIS LLG-MANDIRI FAJAR MITRA INDAH PT. Fajar Mitra In da
2300018253;KR OTOMATIS LLG-MANDIRI MNC LAND PT Greenfields Dai ry
2300000739;KR OTOMATIS LLG-MANDIRI FAJAR MITRA INDAH PT. Fajar Mitra In da
2300006238;KR OTOMATIS LLG-MANDIRI MAHATI KARAWANG N8850460 BAI COFFE E 13062025
2300017756;KR OTOMATIS LLG-MANDIRI IAS SUPPORT INDONE ANR_GF859.860 IP-2500742 -0053008
2300017756;KR OTOMATIS LLG-MANDIRI IAS SUPPORT INDONE ANR_GF-97948.97949 IP-2500743 -0053008
2300015404;KR OTOMATIS LLG-MANDIRI SAKSI-SAKSI YEHUWA SSYI
2300001162;KR OTOMATIS LLG-MANDIRI GELAEL SUPERMARKET 56784 GY48076579-MT-6 .10 -0053008
2300001162;KR OTOMATIS LLG-MANDIRI GELAEL SUPERMARKET 56783 GY48076578-MT-6 .10 -0053008
2300013826;KR OTOMATIS LLG-MANDIRI CAFE OLATTE INV 2 10 5 25
2300018386;KR OTOMATIS LLG-MANDIRI MAJA RUANG DELAPAN PT Greenfiedls Ind on
2300018622;KR OTOMATIS LLG-MANDIRI SENADA SEJAHTERA B susu uht 6/3 -0053061
2300001360;KR OTOMATIS LLG-MANDIRI SUMBER ALFARIA TRI RDPRLLG200625009
2300015627;KR OTOMATIS LLG-MANDIRI MENTEGA SEJAHTERA 6 may - 7 june -0053008
2300003937;KR OTOMATIS LLG-MANDIRI MAHADANA DASHA UTA VDRTHIRD
2300001243;KR OTOMATIS LLG-MANDIRI LUCKY STRATEGIS GRANDLUCKY SCBD
2300001243;KR OTOMATIS LLG-MANDIRI LUCKY STRATEGIS GRANDLUCKY SCBD
2300017432;KR OTOMATIS LLG-MANDIRI BAGJA JAYA SENTOSA PO 0120/06/BAR/25 -0053008663 e
2300017432;KR OTOMATIS LLG-MANDIRI BAGJA JAYA SENTOSA PO 0374/06/KTCHN/2 5-0053008663 e
2300005515;KR OTOMATIS LLG-MANDIRI EMA INTI MITRA -0053008663 Clearing428768
2300005019;KR OTOMATIS LLG-MANDIRI SRIBOGA MARUGAME I #22625/TTF 072092
2300005019;KR OTOMATIS LLG-MANDIRI SRIBOGA MARUGAME I #22624/TTF 072092
2300014375;KR OTOMATIS LLG-MANDIRI BRANDINA KULINER U BRANDINA
2300015404;KR OTOMATIS LLG-MANDIRI SAKSI-SAKSI YEHUWA SSYI
2300018461;KR OTOMATIS LLG-MANDIRI CAPITANO KREASI BU CKBN TGL 09 MEI 20 25
2300006238;KR OTOMATIS LLG-MANDIRI MAHATI KARAWANG N8887037 BAI COFFE E 230625
2300016653;KR OTOMATIS LLG-MANDIRI INDOCATER IR34.250500042 -0053061777 e
2300000739;KR OTOMATIS LLG-MANDIRI FAJAR MITRA INDAH PT. Fajar Mitra In da
2300003909;KR OTOMATIS LLG-MANDIRI NURTIRTA NUSA LEST
2300015404;KR OTOMATIS LLG-MANDIRI SAKSI-SAKSI YEHUWA SSYI
2300001185;KR OTOMATIS LLG-MANDIRI HOKKY TE IT
2300001185;KR OTOMATIS LLG-MANDIRI HOKKY TE IT
2300001185;KR OTOMATIS LLG-MANDIRI HOKKY TE IT
2300001185;KR OTOMATIS LLG-MANDIRI HOKKY TE IT
2300001185;KR OTOMATIS LLG-MANDIRI HOKKY TE IT
2300001185;KR OTOMATIS LLG-MANDIRI HOKKY TE IT
2300000781;KR OTOMATIS LLG-MANDIRI HOKKY BERSAMA
2300000781;KR OTOMATIS LLG-MANDIRI HOKKY BERSAMA
2300012656;KR OTOMATIS LLG-MANDIRI MITRA BELANJA ANDA GL MOI
2300012656;KR OTOMATIS LLG-MANDIRI MITRA BELANJA ANDA GL MOI
2300012656;KR OTOMATIS LLG-MANDIRI MITRA BELANJA ANDA GL BSD
2300012656;KR OTOMATIS LLG-MANDIRI MITRA BELANJA ANDA GL PURI
2300012656;KR OTOMATIS LLG-MANDIRI MITRA BELANJA ANDA GL PURI
2300012656;KR OTOMATIS LLG-MANDIRI MITRA BELANJA ANDA GL KHI
2300012656;KR OTOMATIS LLG-MANDIRI MITRA BELANJA ANDA GL KHI
2300012656;KR OTOMATIS LLG-MANDIRI MITRA BELANJA ANDA GL BSD
2300012656;KR OTOMATIS LLG-MANDIRI MITRA BELANJA ANDA GL PIK
2300012656;KR OTOMATIS LLG-MANDIRI MITRA BELANJA ANDA GL PIK
2300001162;KR OTOMATIS LLG-MANDIRI GELAEL SUPERMARKET 56766 GY48076940-MT-6 .23 -0053008
2300001162;KR OTOMATIS LLG-MANDIRI GELAEL SUPERMARKET 56767 GY48076939-MT-6 .23 -0053008
2300001162;KR OTOMATIS LLG-MANDIRI GELAEL SUPERMARKET 56768 GY48076938-MT-6 .23 -0053008
2300005705;KR OTOMATIS LLG-MANDIRI KRAMAYUDHA RATUMOT Payment Vendor BK/139/06/2025 -0053061
2300005019;KR OTOMATIS LLG-MANDIRI SRIBOGA MARUGAME I #22873/TTF 072093
2300010852;KR OTOMATIS LLG-MANDIRI FASTFOOD INDONESIA B25008504 -0053008
2300013872;KR OTOMATIS LLG-MANDIRI INDO MAINT KARYA U IRNSDT.250600002
2300015404;KR OTOMATIS LLG-MANDIRI SAKSI-SAKSI YEHUWA SSYI
2300018461;KR OTOMATIS LLG-MANDIRI CAPITANO KREASI BU CKBN TGL 26 MEI 20 25
2300003685;KR OTOMATIS LLG-MANDIRI FAJAR MITRA INDAH PT. Fajar Mitra In da
2300017432;KR OTOMATIS LLG-MANDIRI BAGJA JAYA SENTOSA PO 0128/06/BAR/25 -0053008663 e
2300017432;KR OTOMATIS LLG-MANDIRI BAGJA JAYA SENTOSA PO 0127/06/BAR/25 -0053008663 e
2300003685;KR OTOMATIS LLG-MANDIRI FAJAR MITRA INDAH PT. Fajar Mitra In da
2300013826;KR OTOMATIS LLG-MANDIRI CAFE OLATTE INV 16,21,26,28 ME I 2025
2300004553;KR OTOMATIS LLG-MANDIRI GELAEL SUPERMARKET 56769 GY48077205-CAFE -0053008
2300015404;KR OTOMATIS LLG-MANDIRI SAKSI-SAKSI YEHUWA SSYI
2300005019;KR OTOMATIS LLG-MANDIRI SRIBOGA MARUGAME I #23120/TTF 079335
2300004553;KR OTOMATIS LLG-MANDIRI GELAEL SUPERMARKET 56787-88 GY48076845-MT-6 .27 -0053008
2300004553;KR OTOMATIS LLG-MANDIRI GELAEL SUPERMARKET 56786 GY48076844-MT-6 .20 -0053008
2300003937;KR OTOMATIS LLG-MANDIRI MAHADANA DASHA UTA VDRTHIRD
2300001243;KR OTOMATIS LLG-MANDIRI LUCKY STRATEGIS GRANDLUCKY SCBD
2300001243;KR OTOMATIS LLG-MANDIRI LUCKY STRATEGIS GRANDLUCKY SCBD
2300012554;KR OTOMATIS LLG-MANDIRI SUMBER SELERA INDO -0053008663 Clearing120826
2300018461;KR OTOMATIS LLG-MANDIRI CAPITANO KREASI BU CKBN TGL 10 JUN 20 25
2300015404;KR OTOMATIS LLG-MANDIRI SAKSI-SAKSI YEHUWA SSYI
2300003685;KR OTOMATIS LLG-MANDIRI FAJAR MITRA INDAH PT. Fajar Mitra In da
2300007128;KR OTOMATIS LLG-MANDIRI EMA INTI MITRA -0053008663 Clearing001546
2300010852;KR OTOMATIS LLG-MANDIRI FASTFOOD INDONESIA B25009220 -0053008
2300004553;KR OTOMATIS LLG-MANDIRI GELAEL SUPERMARKET 56770 GY48077415-MT-6 .16 -0053008
2300006238;KR OTOMATIS LLG-MANDIRI MAHATI KARAWANG N8955081 BAI COFFE E 100725
2300018386;KR OTOMATIS LLG-MANDIRI MAJA RUANG DELAPAN PT Greenfields Ind on
2300018622;KR OTOMATIS LLG-MANDIRI SENADA SEJAHTERA B gf uht 16/6 -0053061
2300001185;KR OTOMATIS LLG-MANDIRI HOKKY TE IT
2300001185;KR OTOMATIS LLG-MANDIRI HOKKY TE IT
2300001185;KR OTOMATIS LLG-MANDIRI HOKKY TE IT
2300001185;KR OTOMATIS LLG-MANDIRI HOKKY TE IT
2300001185;KR OTOMATIS LLG-MANDIRI HOKKY TE IT
2300001185;KR OTOMATIS LLG-MANDIRI HOKKY TE IT
2300000781;KR OTOMATIS LLG-MANDIRI HOKKY BERSAMA
2300000781;KR OTOMATIS LLG-MANDIRI HOKKY BERSAMA
2300012656;KR OTOMATIS LLG-MANDIRI MITRA BELANJA ANDA GL MOI
2300012656;KR OTOMATIS LLG-MANDIRI MITRA BELANJA ANDA GL MOI
2300012656;KR OTOMATIS LLG-MANDIRI MITRA BELANJA ANDA GL BSD
2300012656;KR OTOMATIS LLG-MANDIRI MITRA BELANJA ANDA GL BSD
2300012656;KR OTOMATIS LLG-MANDIRI MITRA BELANJA ANDA GL PIK
2300012656;KR OTOMATIS LLG-MANDIRI MITRA BELANJA ANDA GL KHI
2300012656;KR OTOMATIS LLG-MANDIRI MITRA BELANJA ANDA GL PIK
2300012656;KR OTOMATIS LLG-MANDIRI MITRA BELANJA ANDA GL PURI
2300012656;KR OTOMATIS LLG-MANDIRI MITRA BELANJA ANDA GL PURI
2300012656;KR OTOMATIS LLG-MANDIRI MITRA BELANJA ANDA GL KHI
2300015404;KR OTOMATIS LLG-MANDIRI SAKSI-SAKSI YEHUWA SSYI
2300014375;KR OTOMATIS LLG-MANDIRI BRANDINA KULINER U brandina
2300012554;KR OTOMATIS LLG-MANDIRI SUMBER SELERA INDO -0053008663 Clearing928661
2300005019;KR OTOMATIS LLG-MANDIRI SRIBOGA MARUGAME I #23534/TTF 082125
2300013872;KR OTOMATIS LLG-MANDIRI INDO MAINT KARYA U IRNSDT.250600006
2300015404;KR OTOMATIS LLG-MANDIRI SAKSI-SAKSI YEHUWA SSYI
2300004553;KR OTOMATIS LLG-MANDIRI GELAEL SUPERMARKET 56789/91 GY48077377-MT-6 .28 -0053008
2300001359;KR OTOMATIS LLG-MANDIRI SUMBER ALFARIA TRI RDPRLLG150725007
2300004553;KR OTOMATIS LLG-MANDIRI GELAEL SUPERMARKET 56790/92 GY48077378-MT-6 .27 -0053008
2300015627;KR OTOMATIS LLG-MANDIRI MENTEGA SEJAHTERA 14 jun - 1 july 25 -0053008
2300017432;KR OTOMATIS LLG-MANDIRI BAGJA JAYA SENTOSA PO 0144/07/BAR/25 -0053008663 e
2300017432;KR OTOMATIS LLG-MANDIRI BAGJA JAYA SENTOSA PO 0139/07/BAR/25 -0053008663 e
2300017432;KR OTOMATIS LLG-MANDIRI BAGJA JAYA SENTOSA PO 0141/07/BAR/25 -0053008663 e
2300004553;KR OTOMATIS LLG-MANDIRI GELAEL SUPERMARKET 56793 GY48077480-MT-7 .12 -0053008
2300015404;KR OTOMATIS LLG-MANDIRI SAKSI-SAKSI YEHUWA SSYI
2300018386;KR OTOMATIS LLG-MANDIRI MAJA RUANG DELAPAN PT Greenfields Ind on
2300005515;KR OTOMATIS LLG-MANDIRI EMA INTI MITRA -0053008663 Clearing349725
2300007476;KR OTOMATIS LLG-MANDIRI KOPI LUWAK KOPI LUWAK
2300001198;KR OTOMATIS LLG-MANDIRI INDOMARCO PRISMATA IDM-HEAD OFFICE
2300017756;KR OTOMATIS LLG-MANDIRI IAS SUPPORT INDONE ANR_GF.1401.1402 IP-2500774 -0053008
2300017756;KR OTOMATIS LLG-MANDIRI IAS SUPPORT INDONE ANR_5210418692 IP-2500933 -0053008
2300017756;KR OTOMATIS LLG-MANDIRI IAS SUPPORT INDONE ANR_5210411078 IP-2500817 -0053008
2300017756;KR OTOMATIS LLG-MANDIRI IAS SUPPORT INDONE ANR_GF-5210427991 IP-2500936 -0053008
2300017756;KR OTOMATIS LLG-MANDIRI IAS SUPPORT INDONE ANR_5210415704 IP-2500848 -0053008
2300017756;KR OTOMATIS LLG-MANDIRI IAS SUPPORT INDONE ANR_GF-1723.1724 IP-2500934 -0053008
2300017756;KR OTOMATIS LLG-MANDIRI IAS SUPPORT INDONE ANR_GF2883.2885.28 86IP-2500935 -0053008
2300015133;KR OTOMATIS LLG-MANDIRI SEBASTIAN CITRA IN
2300003685;KR OTOMATIS LLG-MANDIRI FAJAR MITRA INDAH PT. Fajar Mitra In da
2300003937;KR OTOMATIS LLG-MANDIRI MAHADANA DASHA UTA VDRTHIRD
2300005019;KR OTOMATIS LLG-MANDIRI SRIBOGA MARUGAME I #24243/TTF 079565
2300005019;KR OTOMATIS LLG-MANDIRI SRIBOGA MARUGAME I #24212/TTF 079567
2300005019;KR OTOMATIS LLG-MANDIRI SRIBOGA MARUGAME I #24351/TTF 082124
2300005019;KR OTOMATIS LLG-MANDIRI SRIBOGA MARUGAME I #24349/TTF 079566
2300005019;KR OTOMATIS LLG-MANDIRI SRIBOGA MARUGAME I #24348/TTF 079566
2300005019;KR OTOMATIS LLG-MANDIRI SRIBOGA MARUGAME I #24350/TTF 082124
2300006238;KR OTOMATIS LLG-MANDIRI MAHATI KARAWANG BAI COFFEE 2107202 5
2300015404;KR OTOMATIS LLG-MANDIRI SAKSI-SAKSI YEHUWA SSYI
2300003685;KR OTOMATIS LLG-MANDIRI FAJAR MITRA INDAH PT. Fajar Mitra In da
2300004162;KR OTOMATIS LLG-MANDIRI TRIMITRA MEGAH LES INV 5-6-25
2300004162;KR OTOMATIS LLG-MANDIRI TRIMITRA MEGAH LES INV TGL 12 17 28 J UNI 23
2300001243;KR OTOMATIS LLG-MANDIRI LUCKY STRATEGIS GRANDLUCKY SCBD
2300001243;KR OTOMATIS LLG-MANDIRI LUCKY STRATEGIS GRANDLUCKY SCBD
2300004553;KR OTOMATIS LLG-MANDIRI GELAEL SUPERMARKET 56794 GY48077844-MT-7 .14 -0053008
2300017195;KR OTOMATIS LLG-MANDIRI ARCHIPELAGO QUEEN PANDOR GREENFIELD UHT CHOC-0053061
2300010852;KR OTOMATIS LLG-MANDIRI FASTFOOD INDONESIA B25009913 -0053008
2300015404;KR OTOMATIS LLG-MANDIRI SAKSI-SAKSI YEHUWA SSYI
2300017131;KR OTOMATIS LLG-MANDIRI KOPERASI TUGU HUTANG SUPPLIER
2300015133;KR OTOMATIS LLG-MANDIRI SEBASTIAN CITRA IN
2300015404;KR OTOMATIS LLG-MANDIRI SAKSI-SAKSI YEHUWA SSYI
2300003909;KR OTOMATIS LLG-MANDIRI NURTIRTA NUSA LEST
2300000781;KR OTOMATIS LLG-MANDIRI HOKKY BERSAMA
2300000781;KR OTOMATIS LLG-MANDIRI HOKKY BERSAMA
2300012656;KR OTOMATIS LLG-MANDIRI MITRA BELANJA ANDA GL MOI
2300012656;KR OTOMATIS LLG-MANDIRI MITRA BELANJA ANDA GL MOI
2300012656;KR OTOMATIS LLG-MANDIRI MITRA BELANJA ANDA GL KHI
2300012656;KR OTOMATIS LLG-MANDIRI MITRA BELANJA ANDA GL BSD
2300012656;KR OTOMATIS LLG-MANDIRI MITRA BELANJA ANDA GL PIK
2300012656;KR OTOMATIS LLG-MANDIRI MITRA BELANJA ANDA GL KHI
2300012656;KR OTOMATIS LLG-MANDIRI MITRA BELANJA ANDA GL PURI
2300012656;KR OTOMATIS LLG-MANDIRI MITRA BELANJA ANDA GL BSD
2300012656;KR OTOMATIS LLG-MANDIRI MITRA BELANJA ANDA GL PURI
2300012656;KR OTOMATIS LLG-MANDIRI MITRA BELANJA ANDA GL PIK
2300005019;KR OTOMATIS LLG-MANDIRI SRIBOGA MARUGAME I #24796/TTF 053262
2300005019;KR OTOMATIS LLG-MANDIRI SRIBOGA MARUGAME I #24804/TTF 078153
2300005019;KR OTOMATIS LLG-MANDIRI SRIBOGA MARUGAME I #24552/TTF 078154
2300005705;KR OTOMATIS LLG-MANDIRI KRAMAYUDHA RATUMOT Payment Vendor BK/100/07/2025 -0053061
2300007128;KR OTOMATIS LLG-MANDIRI EMA INTI MITRA -0053008663 Clearing424845
2300010852;KR OTOMATIS LLG-MANDIRI FASTFOOD INDONESIA B25010068 -0053008
2300012554;KR OTOMATIS LLG-MANDIRI SUMBER SELERA INDO -0053008663 Clearing333505
2300001185;KR OTOMATIS LLG-MANDIRI HOKKY TE IT
2300001185;KR OTOMATIS LLG-MANDIRI HOKKY TE IT
2300001185;KR OTOMATIS LLG-MANDIRI HOKKY TE IT
2300001185;KR OTOMATIS LLG-MANDIRI HOKKY TE IT
2300001185;KR OTOMATIS LLG-MANDIRI HOKKY TE IT
2300001185;KR OTOMATIS LLG-MANDIRI HOKKY TE IT
2300003685;KR OTOMATIS LLG-MANDIRI FAJAR MITRA INDAH PT. Fajar Mitra In da
2300003685;KR OTOMATIS LLG-MANDIRI FAJAR MITRA INDAH PT. Fajar Mitra In da
2300006238;KR OTOMATIS LLG-MANDIRI MAHATI KARAWANG N9021688 BAI COFFE E 26 07 25
2300013826;KR OTOMATIS LLG-MANDIRI OLATTE INV 21 6 25 DAN 3, 5 7 2025
2300001162;KR OTOMATIS LLG-MANDIRI GELAEL SUPERMARKET 56797 GY48078175 -0053008
2300018386;KR OTOMATIS LLG-MANDIRI MAJA RUANG DELAPAN PT Greenfields Ind on
2300001162;KR OTOMATIS LLG-MANDIRI GELAEL SUPERMARKET 56771 GY48078490-CAFE -0053008
2300001162;KR OTOMATIS LLG-MANDIRI GELAEL SUPERMARKET 56772 GY48078494-DREI -0053008
2300007476;KR OTOMATIS LLG-MANDIRI KOPI LUWAK KOPI LUWAK
2300001162;KR OTOMATIS LLG-MANDIRI GELAEL SUPERMARKET 56796 GY48078177 -0053008
2300013243;KR OTOMATIS LLG-MANDIRI SRIBOGA MARUGAME I #25177/TTF 072296
2300015404;KR OTOMATIS LLG-MANDIRI SAKSI-SAKSI YEHUWA SSYI
2300004920;KR OTOMATIS LLG-MANDIRI EMA INTI MITRA -0053008663 Clearing032654
2300003685;KR OTOMATIS LLG-MANDIRI FAJAR MITRA INDAH PT. Fajar Mitra In da
2300014375;KR OTOMATIS LLG-MANDIRI BRANDINA KULINER U PT BRANDINA KULINE R UTAMA
2300004553;KR OTOMATIS LLG-MANDIRI GELAEL SUPERMARKET 56798 GY48078550 -0053008
2300015404;KR OTOMATIS LLG-MANDIRI SAKSI-SAKSI YEHUWA SSYI
2300015404;KR OTOMATIS LLG-MANDIRI SAKSI-SAKSI YEHUWA SSYI
2300018386;KR OTOMATIS LLG-MANDIRI MAJA RUANG DELAPAN PT Greenfields Ind on
2300001243;KR OTOMATIS LLG-MANDIRI LUCKY STRATEGIS GRANDLUCKY SCBD
2300001243;KR OTOMATIS LLG-MANDIRI LUCKY STRATEGIS GRANDLUCKY SCBD
2300016721;KR OTOMATIS LLG-MANDIRI SUPRABAKTI MANDIRI -0053061777 Clearing724580
2300001198;KR OTOMATIS LLG-MANDIRI INDOMARCO PRISMATA IDM-HEAD OFFICE
2300015627;KR OTOMATIS LLG-MANDIRI MENTEGA SEJAHTERA 10 - 25 jul -0053008
2300010852;KR OTOMATIS LLG-MANDIRI FASTFOOD INDONESIA B25010486 -0053008
2300010852;KR OTOMATIS LLG-MANDIRI FASTFOOD INDONESIA B25010807 -0053008
2300003937;KR OTOMATIS LLG-MANDIRI MAHADANA DASHA UTA VDRTHIRD
2300005019;KR OTOMATIS LLG-MANDIRI SRIBOGA MARUGAME I #25828/TTF 078961
2300005019;KR OTOMATIS LLG-MANDIRI SRIBOGA MARUGAME I #25829/TTF 078961
2300001125;KR OTOMATIS LLG-MANDIRI ROMAYANI 5210488945 PT COCO ON
2300001125;KR OTOMATIS LLG-MANDIRI ROMAYANI 5210483835 PT COCO ON
2300014568;KR OTOMATIS LLG-MANDIRI IAS SUPPORT INDONE ANR_8347.8348.8349 IP-2501006 -0053008
2300014568;KR OTOMATIS LLG-MANDIRI IAS SUPPORT INDONE ANR_3198.3199.3200 IP-2501004 -0053008
2300014568;KR OTOMATIS LLG-MANDIRI IAS SUPPORT INDONE ANR_7916.7917 IP-2500963 -0053008
2300014568;KR OTOMATIS LLG-MANDIRI IAS SUPPORT INDONE ANR_2703.2702.2700 IP-2500962 -0053008
2300014568;KR OTOMATIS LLG-MANDIRI IAS SUPPORT INDONE ANR_5210443390 IP-2501005 -0053008
2300014568;KR OTOMATIS LLG-MANDIRI IAS SUPPORT INDONE ANR_5210430396 IP-2500961 -0053008
2300000781;KR OTOMATIS LLG-MANDIRI HOKKY BERSAMA
2300000781;KR OTOMATIS LLG-MANDIRI HOKKY BERSAMA
2300004553;KR OTOMATIS LLG-MANDIRI GELAEL SUPERMARKET 56799-800 GY48078551 -0053008
2300012656;KR OTOMATIS LLG-MANDIRI MITRA BELANJA ANDA GL PIK
2300012656;KR OTOMATIS LLG-MANDIRI MITRA BELANJA ANDA GL PIK
2300012656;KR OTOMATIS LLG-MANDIRI MITRA BELANJA ANDA GL MOI
2300012656;KR OTOMATIS LLG-MANDIRI MITRA BELANJA ANDA GL MOI
2300012656;KR OTOMATIS LLG-MANDIRI MITRA BELANJA ANDA GL PURI
2300012656;KR OTOMATIS LLG-MANDIRI MITRA BELANJA ANDA GL BSD
2300012656;KR OTOMATIS LLG-MANDIRI MITRA BELANJA ANDA GL KHI
2300012656;KR OTOMATIS LLG-MANDIRI MITRA BELANJA ANDA GL BSD
2300012656;KR OTOMATIS LLG-MANDIRI MITRA BELANJA ANDA GL PURI
2300012656;KR OTOMATIS LLG-MANDIRI MITRA BELANJA ANDA GL KHI
2300007640;KR OTOMATIS LLG-MANDIRI FAJAR MITRA INDAH PT. Fajar Mitra In da
2300001185;KR OTOMATIS LLG-MANDIRI HOKKY TE IT
2300001185;KR OTOMATIS LLG-MANDIRI HOKKY TE IT
2300001185;KR OTOMATIS LLG-MANDIRI HOKKY TE IT
2300001185;KR OTOMATIS LLG-MANDIRI HOKKY TE IT
2300001185;KR OTOMATIS LLG-MANDIRI HOKKY TE IT
2300001185;KR OTOMATIS LLG-MANDIRI HOKKY TE IT
2300006238;KR OTOMATIS LLG-MANDIRI MAHATI KARAWANG N9084570 BAI COFFE E 12082025
2300004553;KR OTOMATIS LLG-MANDIRI GELAEL SUPERMARKET 56773 GY48079161-DREI -0053008
2300004553;KR OTOMATIS LLG-MANDIRI GELAEL SUPERMARKET 56774 GY48079160-CAFE -0053008
2300004553;KR OTOMATIS LLG-MANDIRI GELAEL SUPERMARKET 60952 GY48079004 -0053008
2300018386;KR OTOMATIS LLG-MANDIRI MAJA RUANG DELAPAN PT Greenfileds Ind on
2300010852;KR OTOMATIS LLG-MANDIRI FASTFOOD INDONESIA B25011226 -0053008
2300015404;KR OTOMATIS LLG-MANDIRI SAKSI-SAKSI YEHUWA SSYI
2300005019;KR OTOMATIS LLG-MANDIRI SRIBOGA MARUGAME I #26202/TTF 078486
2300005019;KR OTOMATIS LLG-MANDIRI SRIBOGA MARUGAME I #26109/TTF 077934
2300005019;KR OTOMATIS LLG-MANDIRI SRIBOGA MARUGAME I #26108/TTF 077933
2300005019;KR OTOMATIS LLG-MANDIRI SRIBOGA MARUGAME I #26110/TTF 077934
2300015126;KR OTOMATIS LLG-MANDIRI KEDAI KOPI DAN TEH Fresh Milk GREENFIELDS IND ONES-0053008
2300005019;KR OTOMATIS LLG-MANDIRI SRIBOGA MARUGAME I #26330 TTF 045033/ SU
2300005019;KR OTOMATIS LLG-MANDIRI SRIBOGA MARUGAME I #26329 TTF 045033/ SU
2300005019;KR OTOMATIS LLG-MANDIRI SRIBOGA MARUGAME I #26331 TTF 078487/ SU
2300014568;KR OTOMATIS LLG-MANDIRI IAS SUPPORT INDONE ANR_5210457686-768 7 IP-2501058 -0053008
2300014568;KR OTOMATIS LLG-MANDIRI IAS SUPPORT INDONE ANR_5210460540 IP-2501080 -0053008
2300014568;KR OTOMATIS LLG-MANDIRI IAS SUPPORT INDONE ANR_5210460539-054 1 IP-2501081 -0053008
2300007128;KR OTOMATIS LLG-MANDIRI EMA INTI MITRA -0053008663 Clearing616521
2300004553;KR OTOMATIS LLG-MANDIRI GELAEL SUPERMARKET 60951 GY48079002 -0053008
2300011289;KR OTOMATIS LLG-MANDIRI PANDA LESTARI Stok Susu PH BE 038 082025 -0053061
2300018253;KR OTOMATIS LLG-MANDIRI MNC LAND PT Greenfields Dai ry
2300014568;KR OTOMATIS LLG-MANDIRI IAS SUPPORT INDONE ANR_6744.6745.6746 IP-2501150 -0053008
2300014568;KR OTOMATIS LLG-MANDIRI IAS SUPPORT INDONE ANR_5210474369 IP-2501162 -0053008
2300014568;KR OTOMATIS LLG-MANDIRI IAS SUPPORT INDONE ANR_5460.5461.5462 IP-2501173 -0053008
2300014568;KR OTOMATIS LLG-MANDIRI IAS SUPPORT INDONE ANR_5210467993 IP-2501151 -0053008
2300006238;KR OTOMATIS LLG-MANDIRI MAHATI KARAWANG N9116853 BAI COFFE E 200825
2300008929;KR OTOMATIS LLG-MANDIRI YUDHO WANDONO ANGG Freshmilk 15 ctn i nv 1210525660
2300016423;KR OTOMATIS LLG-MANDIRI DEA UMYATI payment freshmilk wk 3 agt 25
2300018386;KR OTOMATIS LLG-MANDIRI MAJA RUANG DELAPAN PT Greenfileds Ind on
2300004553;KR OTOMATIS LLG-MANDIRI GELAEL SUPERMARKET 60955/53 GY48079282 -0053008
2300014375;KR OTOMATIS LLG-MANDIRI BRANDINA KULINER U PT BRANDINA KULINE R UTAMA
2300007476;KR OTOMATIS LLG-MANDIRI KOPI LUWAK KOPI LUWAK
2300001198;KR OTOMATIS LLG-MANDIRI INDOMARCO PRISMATA IDM-HEAD OFFICE
2300001243;KR OTOMATIS LLG-MANDIRI LUCKY STRATEGIS GRANDLUCKY SCBD
2300001243;KR OTOMATIS LLG-MANDIRI LUCKY STRATEGIS GRANDLUCKY SCBD
2300004553;KR OTOMATIS LLG-MANDIRI GELAEL SUPERMARKET 56775 GY48079570-CAFE -0053008
2300017195;KR OTOMATIS LLG-MANDIRI ARCHIPELAGO QUEEN PANDOR 25AUG25
2300015627;KR OTOMATIS LLG-MANDIRI MENTEGA SEJAHTERA 13 ags 25 -0053008
2300005019;KR OTOMATIS LLG-MANDIRI SRIBOGA MARUGAME I #26451/TTF 077861 SU
2300003937;KR OTOMATIS LLG-MANDIRI MAHADANA DASHA UTA VDRTHIRD
2300012554;KR OTOMATIS LLG-MANDIRI SUMBER SELERA INDO -0053008663 Clearing228765
2300015404;KR OTOMATIS LLG-MANDIRI SAKSI-SAKSI YEHUWA SSYI
2300010852;KR OTOMATIS LLG-MANDIRI FASTFOOD INDONESIA B25011504 -0053008
2300000781;KR OTOMATIS LLG-MANDIRI HOKKY BERSAMA
2300000781;KR OTOMATIS LLG-MANDIRI HOKKY BERSAMA
2300004553;KR OTOMATIS LLG-MANDIRI GELAEL SUPERMARKET 60956 GY48079283 -0053008
2300003909;KR OTOMATIS LLG-MANDIRI NURTIRTA NUSA LEST
2300003685;KR OTOMATIS LLG-MANDIRI FAJAR MITRA INDAH PT. Fajar Mitra In da
2300005705;KR OTOMATIS LLG-MANDIRI KRAMAYUDHA RATUMOT Payment Vendor BK/146/08/2025 -0053061
;KR OTOMATIS LLG-MANDIRI MITRA BELANJA ANDA GL MOI
;KR OTOMATIS LLG-MANDIRI MITRA BELANJA ANDA GL PURI
;KR OTOMATIS LLG-MANDIRI MITRA BELANJA ANDA GL PURI
;KR OTOMATIS LLG-MANDIRI MITRA BELANJA ANDA GL MOI
;KR OTOMATIS LLG-MANDIRI MITRA BELANJA ANDA GL KHI
;KR OTOMATIS LLG-MANDIRI MITRA BELANJA ANDA GL KHI
;KR OTOMATIS LLG-MANDIRI MITRA BELANJA ANDA GL PIK
;KR OTOMATIS LLG-MANDIRI MITRA BELANJA ANDA GL PIK
;KR OTOMATIS LLG-MANDIRI MITRA BELANJA ANDA GL PIK
;KR OTOMATIS LLG-MANDIRI MITRA BELANJA ANDA GL PIK
;KR OTOMATIS LLG-MANDIRI HOKKY TE IT
;KR OTOMATIS LLG-MANDIRI HOKKY TE IT
;KR OTOMATIS LLG-MANDIRI HOKKY TE IT
;KR OTOMATIS LLG-MANDIRI HOKKY TE IT
;KR OTOMATIS LLG-MANDIRI HOKKY TE IT
;KR OTOMATIS LLG-MANDIRI HOKKY TE IT
2300018386;KR OTOMATIS LLG-MANDIRI MAJA RUANG DELAPAN PT Greenfelds Indo ne
2300001162;KR OTOMATIS LLG-MANDIRI GELAEL SUPERMARKET 60954 GY48079284 -0053008
2300017756;KR OTOMATIS LLG-MANDIRI IAS SUPPORT INDONE ANR_GF-1976.1978 IP-2501183 -0053008
2300005019;KR OTOMATIS LLG-MANDIRI SRIBOGA MARUGAME I #26954/TTF 071619
2300005019;KR OTOMATIS LLG-MANDIRI SRIBOGA MARUGAME I #26741/TTF 071618
2300005019;KR OTOMATIS LLG-MANDIRI SRIBOGA MARUGAME I #26953/TTF 071619
2300005019;KR OTOMATIS LLG-MANDIRI SRIBOGA MARUGAME I #26740/TTF 082126
;KR OTOMATIS LLG-MANDIRI FAJAR MITRA INDAH PT. Fajar Mitra In da
2300001162;KR OTOMATIS LLG-MANDIRI GELAEL SUPERMARKET 56777 GY48079950-CAFE -0053008
2300001162;KR OTOMATIS LLG-MANDIRI GELAEL SUPERMARKET 60958-59 GY48079627 -0053008
;KR OTOMATIS LLG-MANDIRI MULTI MANDIRI TT 769/JYP/2025 -0053061777 e
2300001162;KR OTOMATIS LLG-MANDIRI GELAEL SUPERMARKET 60957/60 GY48079628 -0053008
2300012554;KR OTOMATIS LLG-MANDIRI SUMBER SELERA INDO -0053008663 Clearing918804
2300007476;KR OTOMATIS LLG-MANDIRI KOPI LUWAK KOPI LUWAK
2300005515;KR OTOMATIS LLG-MANDIRI EMA INTI MITRA -0053008663 Clearing946687
2300014375;KR OTOMATIS LLG-MANDIRI BRANDINA KULINER U brandina
2300006238;KR OTOMATIS LLG-MANDIRI MAHATI KARAWANG N9160086 BAI COFFE E 01092025
2300017756;KR OTOMATIS LLG-MANDIRI IAS SUPPORT INDONE ANR_5210485733.40. 42IP-2501218 -0053008
2300017756;KR OTOMATIS LLG-MANDIRI IAS SUPPORT INDONE ANR_5210483770 IP-2501217 -0053008
2300018386;KR OTOMATIS LLG-MANDIRI MAJA RUANG DELAPAN PT Greenfileds Ind on
2300015404;KR OTOMATIS LLG-MANDIRI SAKSI-SAKSI YEHUWA SSYI
;KR OTOMATIS LLG-MANDIRI LUCKY STRATEGIS GRANDLUCKY SCBD
;KR OTOMATIS LLG-MANDIRI LUCKY STRATEGIS GRANDLUCKY SCBD
2300017756;KR OTOMATIS LLG-MANDIRI IAS SUPPORT INDONE ANR_GF-8169.8170 IP-2501198 -0053008
2300003940;KR OTOMATIS LLG-MANDIRI PANGANSARI UTAMA F GREENFIELDS INV -0053061
2300005019;KR OTOMATIS LLG-MANDIRI SRIBOGA MARUGAME I #27127/TTF 071470
2300005019;KR OTOMATIS LLG-MANDIRI SRIBOGA MARUGAME I #27278/TTF 045034
2300001162;KR OTOMATIS LLG-MANDIRI GELAEL SUPERMARKET 60951(1) GY48080305 -0053008
;KR OTOMATIS LLG-MANDIRI MAHADANA DASHA UTA VDRTHIRD
2300001305;KR OTOMATIS LLG-MANDIRI RAJA RASA ALAMI GreenField P00675 , T250904PB006 -0053008
2300012494;KR OTOMATIS LLG-MANDIRI KOPKAR PT PERTAGAS PEMBELIAN SUSU GRE ENFIELDS PERIODE F EBRUARI SD A
2300017195;KR OTOMATIS LLG-MANDIRI ARCHIPELAGO QUEEN PANDOR 10Sep25
;KR OTOMATIS LLG-MANDIRI FAJAR MITRA INDAH PT. Fajar Mitra In da
;KR OTOMATIS LLG-MANDIRI MNC TOURISM INDONE PT Greenfields Dai ry
2300005515;KR OTOMATIS LLG-MANDIRI EMA INTI MITRA -0053008663 Clearing638827
2300001162;KR OTOMATIS LLG-MANDIRI GELAEL SUPERMARKET 56801 GY48080211 CAFE -0053008
2300008466;KR OTOMATIS LLG-MANDIRI KOPERASI KARYA HUS PEMBAYARAN REKANAN TOKO
2300009090;KR OTOMATIS LLG-MANDIRI INDOMARCO PRISMATA IDM-HEAD OFFICE
2300018386;KR OTOMATIS LLG-MANDIRI MAJA RUANG DELAPAN PT Greenfileds Ind on
2300015404;KR OTOMATIS LLG-MANDIRI SAKSI-SAKSI YEHUWA SSYI
;KR OTOMATIS LLG-MANDIRI HOKKY BERSAMA
;KR OTOMATIS LLG-MANDIRI HOKKY BERSAMA
2300009090;KR OTOMATIS LLG-MANDIRI INDOMARCO PRISMATA IDM-HEAD OFFICE
;KR OTOMATIS LLG-MANDIRI MITRA BELANJA ANDA GL PIK
;KR OTOMATIS LLG-MANDIRI MITRA BELANJA ANDA GL MOI
;KR OTOMATIS LLG-MANDIRI MITRA BELANJA ANDA GL PIK
;KR OTOMATIS LLG-MANDIRI MITRA BELANJA ANDA GL MOI
;KR OTOMATIS LLG-MANDIRI HOKKY TE IT
;KR OTOMATIS LLG-MANDIRI HOKKY TE IT
;KR OTOMATIS LLG-MANDIRI HOKKY TE IT
;KR OTOMATIS LLG-MANDIRI HOKKY TE IT
;KR OTOMATIS LLG-MANDIRI HOKKY TE IT
;KR OTOMATIS LLG-MANDIRI HOKKY TE IT
;KR OTOMATIS LLG-MANDIRI MITRA BELANJA ANDA GL BSD
;KR OTOMATIS LLG-MANDIRI MITRA BELANJA ANDA GL KHI
;KR OTOMATIS LLG-MANDIRI MITRA BELANJA ANDA GL BSD
;KR OTOMATIS LLG-MANDIRI MITRA BELANJA ANDA GL KHI
;KR OTOMATIS LLG-MANDIRI MITRA BELANJA ANDA GL GLC
;KR OTOMATIS LLG-MANDIRI MITRA BELANJA ANDA GL PURI
;KR OTOMATIS LLG-MANDIRI MITRA BELANJA ANDA GL GLC
;KR OTOMATIS LLG-MANDIRI MITRA BELANJA ANDA GL PURI
2300015404;KR OTOMATIS LLG-MANDIRI SAKSI-SAKSI YEHUWA SSYI
2300005019;KR OTOMATIS LLG-MANDIRI SRIBOGA MARUGAME I #28027/SUSU GREENF IE
2300005019;KR OTOMATIS LLG-MANDIRI SRIBOGA MARUGAME I #27763/SUSU GREENF IE
2300017756;KR OTOMATIS LLG-MANDIRI IAS SUPPORT INDONE ANR_GF-4401.4402 IP-2501266 -0053008
2300017756;KR OTOMATIS LLG-MANDIRI IAS SUPPORT INDONE ANR_GF-1446.1445 IP-2501242 -0053008
2300017756;KR OTOMATIS LLG-MANDIRI IAS SUPPORT INDONE ANR_5210480067 IP-2501243 -0053008
2300012554;KR OTOMATIS LLG-MANDIRI SUMBER SELERA INDO -0053008663 Clearing541809
2300006238;KR OTOMATIS LLG-MANDIRI MAHATI KARAWANG N9212404 13092025 BAI COFFEE
;KR OTOMATIS LLG-MANDIRI FAJAR MITRA INDAH PT. Fajar Mitra In da
2300001162;KR OTOMATIS LLG-MANDIRI GELAEL SUPERMARKET 60961/63 GY48080616 -0053008
2300001162;KR OTOMATIS LLG-MANDIRI GELAEL SUPERMARKET 60962/64 GY48080615 -0053008
;KR OTOMATIS LLG-MANDIRI FAJAR MITRA INDAH PT. Fajar Mitra In da
2300018386;KR OTOMATIS LLG-MANDIRI MAJA RUANG DELAPAN PT Greenfileds Ind on
2300008466;KR OTOMATIS LLG-MANDIRI KOPERASI KARYA HUS PEMBAYARAN REKANAN TOKO
;KR OTOMATIS LLG-MANDIRI MAHADANA DASHA UTA VDRTHIRD
2300005515;KR OTOMATIS LLG-MANDIRI EMA INTI MITRA -0053008663 Clearing619694
2300015404;KR OTOMATIS LLG-MANDIRI SAKSI-SAKSI YEHUWA SSYI
;KR OTOMATIS LLG-MANDIRI LUCKY STRATEGIS GRANDLUCKY SCBD
;KR OTOMATIS LLG-MANDIRI LUCKY STRATEGIS GRANDLUCKY SCBD
2300017756;KR OTOMATIS LLG-MANDIRI IAS SUPPORT INDONE ANR_5210503462.346 3 IP-2501299 -0053008
2300017756;KR OTOMATIS LLG-MANDIRI IAS SUPPORT INDONE ANR_GF.5210500147 IP-2501284 -0053008
2300015133;KR OTOMATIS LLG-MANDIRI SEBASTIAN CITRA IN
2300015404;KR OTOMATIS LLG-MANDIRI SAKSI-SAKSI YEHUWA SSYI
2300001162;KR OTOMATIS LLG-MANDIRI GELAEL SUPERMARKET 60965/68 GY48080726 -0053008
2300001162;KR OTOMATIS LLG-MANDIRI GELAEL SUPERMARKET 60966/69 GY48080727 -0053008
2300015404;KR OTOMATIS LLG-MANDIRI SAKSI-SAKSI YEHUWA SSYI
2300001162;KR OTOMATIS LLG-MANDIRI GELAEL SUPERMARKET 56802 GY48080870 DREI I -0053008
2300001162;KR OTOMATIS LLG-MANDIRI GELAEL SUPERMARKET 56803 GY48080871 CAFE -0053008
;KR OTOMATIS LLG-MANDIRI FAJAR MITRA INDAH PT. Fajar Mitra In da
2300017756;KR OTOMATIS LLG-MANDIRI IAS SUPPORT INDONE ANR_9693.9694.9696 IP-2501330 -0053008
2300017756;KR OTOMATIS LLG-MANDIRI IAS SUPPORT INDONE ANR_5210515000 IP-2501374 -0053008
2300017756;KR OTOMATIS LLG-MANDIRI IAS SUPPORT INDONE ANR_5210505165 IP-2501387 -0053008
2300017756;KR OTOMATIS LLG-MANDIRI IAS SUPPORT INDONE ANR_5210512590 IP-2501375 -0053008
2300017756;KR OTOMATIS LLG-MANDIRI IAS SUPPORT INDONE ANR_GF.5210507730 IP-2501349 -0053008
;KR OTOMATIS LLG-MANDIRI PLAZA INDONESIA MA Keraton at The Pla za
2300009090;KR OTOMATIS LLG-MANDIRI INDOMARCO PRISMATA IDM-HEAD OFFICE
2300003909;KR OTOMATIS LLG-MANDIRI NURTIRTA NUSA LEST
2300012494;KR OTOMATIS LLG-MANDIRI KOPKAR PT PERTAGAS PEMBELIAN SUSU GRE ENFIELDS PERIODE J UNI JULI 202
2300018386;KR OTOMATIS LLG-MANDIRI MAJA RUANG DELAPAN PT Greenfileds Ind on
2300005515;KR OTOMATIS LLG-MANDIRI EMA INTI MITRA -0053008663 Clearing151880
2300006238;KR OTOMATIS LLG-MANDIRI MAHATI KARAWANG N9252517 BAI COFFE E 25 09 25
;KR OTOMATIS LLG-MANDIRI MITRA BELANJA ANDA GL KHI
;KR OTOMATIS LLG-MANDIRI MITRA BELANJA ANDA GL BSD
;KR OTOMATIS LLG-MANDIRI MITRA BELANJA ANDA GL BSD
;KR OTOMATIS LLG-MANDIRI MITRA BELANJA ANDA GL KHI
;KR OTOMATIS LLG-MANDIRI MITRA BELANJA ANDA GL MOI
;KR OTOMATIS LLG-MANDIRI MITRA BELANJA ANDA GL PIK
;KR OTOMATIS LLG-MANDIRI MITRA BELANJA ANDA GL PIK
;KR OTOMATIS LLG-MANDIRI MITRA BELANJA ANDA GL MOI
2300012554;KR OTOMATIS LLG-MANDIRI SUMBER SELERA INDO -0053008663 Clearing545705
;KR OTOMATIS LLG-MANDIRI MNC TOURISM INDONE PT Greenfields Dai ry
2300005705;KR OTOMATIS LLG-MANDIRI KRAMAYUDHA RATUMOT Payment Vendor BK/134/09/2025 -0053061
;KR OTOMATIS LLG-MANDIRI MITRA BELANJA ANDA GL PURI
;KR OTOMATIS LLG-MANDIRI MITRA BELANJA ANDA GL PURI
;KR OTOMATIS LLG-MANDIRI MITRA BELANJA ANDA GL GLC
;KR OTOMATIS LLG-MANDIRI MITRA BELANJA ANDA GL GLC
;KR OTOMATIS LLG-MANDIRI HOKKY TE IT
;KR OTOMATIS LLG-MANDIRI HOKKY TE IT
;KR OTOMATIS LLG-MANDIRI HOKKY BERSAMA
;KR OTOMATIS LLG-MANDIRI HOKKY TE IT
;KR OTOMATIS LLG-MANDIRI HOKKY TE IT
;KR OTOMATIS LLG-MANDIRI HOKKY TE IT
;KR OTOMATIS LLG-MANDIRI HOKKY BERSAMA
;KR OTOMATIS LLG-MANDIRI HOKKY TE IT
2300001162;KR OTOMATIS LLG-MANDIRI GELAEL SUPERMARKET 56804 GY48081254 CAFE -0053008
2300001162;KR OTOMATIS LLG-MANDIRI GELAEL SUPERMARKET 60970 GY48081028 -0053008
2300001162;KR OTOMATIS LLG-MANDIRI GELAEL SUPERMARKET 56805 GY48081204 DREI -0053008
2300005019;KR OTOMATIS LLG-MANDIRI SRIBOGA MARUGAME I #28594/TTF 078701
2300005019;KR OTOMATIS LLG-MANDIRI SRIBOGA MARUGAME I #28527/TTF 078488
2300005019;KR OTOMATIS LLG-MANDIRI SRIBOGA MARUGAME I #28528/TTF 077862
2300015133;KR OTOMATIS LLG-MANDIRI SEBASTIAN CITRA IN
;KR OTOMATIS LLG-MANDIRI FAJAR MITRA INDAH PT. Fajar Mitra In da
2300018386;KR OTOMATIS LLG-MANDIRI MAJA RUANG DELAPAN PT Greenfileds Ind on
2300001360;KR OTOMATIS LLG-MANDIRI SUMBER ALFARIA TRI RDPRLLG031025004