btp;desc
2300009823;BI-FAST CR TRANSFER DR 002 WIDYAN AUFAR 
2300011289;BI-FAST CR TRANSFER DR 008 NOVA ANGGRAINI 
2300016092;BI-FAST CR TRANSFER DR 002 BULAN BINTOEN MATA 
2300015230;BI-FAST CR TRANSFER DR 535 YEREMIA 
DISTRIBUTOR GREENFIELDS;BI-FAST CR TRANSFER DR 022 CLASSIC FINE FOODS 
2300015149;BI-FAST CR TRANSFER DR 008 WANGSA SEQUOIA GRO 
2300016155;BI-FAST CR TRANSFER DR 013 RAFAE LAYETH SUUD 
2300015095;BI-FAST CR TRANSFER DR 008 ASTHA BUMI INDAH 
2300015095;BI-FAST CR TRANSFER DR 008 ASTHA BUMI INDAH 
2300018588;BI-FAST CR TRANSFER DR 501 Herlina. H. 
2300015477;BI-FAST CR TRANSFER DR 008 KUNTHI MULYAWATI 
2300008929;BI-FAST CR TRANSFER DR 008 JONARDY 
2300012106;BI-FAST CR TRANSFER DR 213 EVIELINA HERMAWATY 
2300010936;BI-FAST CR TRANSFER DR 022 KAKIATNA AGRO INDO 
2300010936;BI-FAST CR TRANSFER DR 022 KAKIATNA AGRO INDO 
2300012399;BI-FAST CR TRANSFER DR 022 TIGA KAWA MITRA 
2300011097;BI-FAST CR TRANSFER DR 022 KIRA KIRANA AKUSAR 
2300012940;BI-FAST CR TRANSFER DR 008 DESVINTA AZILIA SA 
2300015931;BI-FAST CR TRANSFER DR 028 ISYE FITRIYULIASTU 
2300015189;BI-FAST CR TRANSFER DR 002 MITRA DIANI BERSAM 
2300010936;BI-FAST CR TRANSFER DR 022 KAKIATNA AGRO INDO 
2300010936;BI-FAST CR TRANSFER DR 022 KAKIATNA AGRO INDO 
2300010936;BI-FAST CR TRANSFER DR 022 KAKIATNA AGRO INDO 
2300016215;BI-FAST CR TRANSFER DR 002 ACHMAD JUPRI 
2300016249;BI-FAST CR TRANSFER DR 008 TAFIA PUTRI S. RAM 
2300010687;BI-FAST CR TRANSFER DR 002 AGUNG PRASETYO 
2300015106;BI-FAST CR TRANSFER DR 002 NOVITASARI 
2300010936;BI-FAST CR TRANSFER DR 022 KAKIATNA AGRO INDO
2300010936;BI-FAST CR TRANSFER DR 022 KAKIATNA AGRO INDO
2300016328;BI-FAST CR TRANSFER DR 501 Bima Nugraha Kusum
2300016328;BI-FAST CR TRANSFER DR 501 Bima Nugraha Kusum
2300014697;BI-FAST CR TRANSFER DR 031 PT TRINUSA TRAVELI
2300015062;BI-FAST CR TRANSFER DR 008 MUTIA LAILI PAMAHA
2300012554;BI-FAST CR TRANSFER DR 008 SUMBER SELERA INDO
2300015477;BI-FAST CR TRANSFER DR 008 KUNTHI MULYAWATI
2300013666;BI-FAST CR TRANSFER DR 002 GITA DJOEANG SEJAH
2300016140;BI-FAST CR TRANSFER DR 009 THERESIA SUPARTINA 
2300014642;BI-FAST CR TRANSFER DR 542 VITA DIAN PUTRI 
2300013705;BI-FAST CR TRANSFER DR 002 HENDRICK CASIDY 
2300006392;BI-FAST CR TRANSFER DR 023 PRIMA GERAK KOTA,P
2300014642;BI-FAST CR TRANSFER DR 542 VITA DIAN PUTRI
2300008929;BI-FAST CR TRANSFER DR 008 JONARDY
2300014998;BI-FAST CR TRANSFER DR 008 RISA ESA NANDA PUT
2300016259;BI-FAST CR TRANSFER DR 008 HANA RIZKA EFRILIA
2300018181;BI-FAST CR TRANSFER DR 019 PERKASA MITRA CE
2300005715;BI-FAST CR TRANSFER DR 535 CORNELIA DEBRINA P
2300013595;BI-FAST CR TRANSFER DR 009 SUASANA KREATIF IN
2300013595;BI-FAST CR TRANSFER DR 009 SUASANA KREATIF IN
2300017676;BI-FAST CR TRANSFER DR 501 Kimberley Adonia G
2300018924;BI-FAST CR TRANSFER DR 008 NWANSA PANJANG UMU
2300010936;BI-FAST CR TRANSFER DR 022 KAKIATNA AGRO INDO
2300010936;BI-FAST CR TRANSFER DR 022 KAKIATNA AGRO INDO
2300010936;BI-FAST CR TRANSFER DR 022 KAKIATNA AGRO INDO
2300012106;BI-FAST CR TRANSFER DR 213 EVIELINA HERMAWATY
DISTRIBUTOR GREENFIELDS;BI-FAST CR TRANSFER DR 008 KELOLA PANGAN INDO
2300015092;BI-FAST CR TRANSFER DR 008 RAJASA INTAMA
2300010105;BI-FAST CR TRANSFER DR 008 KOPKAR MADANI ASTR
2300008929;BI-FAST CR TRANSFER DR 008 JONARDY
2300016263;BI-FAST CR TRANSFER DR 804 JUNDI ARIQOH QURRO
2300014400;BI-FAST CR TRANSFER DR 002 FILOSOFI KOPI SEJA
2300015991;BI-FAST CR TRANSFER DR 008 ARTISAN PANGAN INT
2300018147;BI-FAST CR TRANSFER DR 002 GOOD JAYA SENTOSA
2300018695;BI-FAST CR TRANSFER DR 200 DANU FIRMANSYAH
2300017034;BI-FAST CR TRANSFER DR 002 TEZAR MAULANA ZAKY
2300016092;BI-FAST CR TRANSFER DR 002 BULAN BINTOEN MATA 
2300012941;BI-FAST CR TRANSFER DR 009 TITO LUTHFI ATHAYA 
DISTRIBUTOR GREENFIELDS;BI-FAST CR TRANSFER DR 022 CLASSIC FINE FOODS 
2300001043;BI-FAST CR TRANSFER DR 426 TRANS COFFEE 
2300015938;BI-FAST CR TRANSFER DR 008 MUHAMMAD BACHTIAR
2300014856;BI-FAST CR TRANSFER DR 008 MUHAMAD IRFAN M
2300015630;BI-FAST CR TRANSFER DR 002 BELINDA G R SALEND
2300013780;BI-FAST CR TRANSFER DR 008 JEDO ABADI LESTARI
2300015553;BI-FAST CR TRANSFER DR 008 OKE KUSWARA
2300008850;BI-FAST CR TRANSFER DR 002 PURNOMO
2300011097;BI-FAST CR TRANSFER DR 022 KIRA KIRANA AKUSAR
DISTRIBUTOR GREENFIELDS;BI-FAST CR TRANSFER DR 022 CLASSIC FINE FOODS 
2300014979;BI-FAST CR TRANSFER DR 008 ATON YULIANTO 
2300010936;BI-FAST CR TRANSFER DR 022 KAKIATNA AGRO INDO 
2300010936;BI-FAST CR TRANSFER DR 022 KAKIATNA AGRO INDO 
2300010936;BI-FAST CR TRANSFER DR 022 KAKIATNA AGRO INDO 
2300016092;BI-FAST CR TRANSFER DR 002 BULAN BINTOEN MATA 
2300011370;BI-FAST CR TRANSFER DR 023 WANATA JAYA CIPTA, 
2300011370;BI-FAST CR TRANSFER DR 023 WANATA JAYA CIPTA, 
2300011768;BI-FAST CR TRANSFER DR 031 PT TRAVELOKA INDON 
2300015996;BI-FAST CR TRANSFER DR 008 CIPTA KIRANA WEHAR
2300012585;BI-FAST CR TRANSFER DR 008 KELVIN GERALD M.BA
2300008929;BI-FAST CR TRANSFER DR 008 JONARDY 
2300015875;BI-FAST CR TRANSFER DR 022 DES DAN ROTI ARTIS
2300014998;BI-FAST CR TRANSFER DR 008 RISA ESA NANDA PUT 
2300006392;BI-FAST CR TRANSFER DR 023 PRIMA GERAK KOTA,P 
2300016034;BI-FAST CR TRANSFER DR 009 KHOERUNNISA 
2300014642;BI-FAST CR TRANSFER DR 542 VITA DIAN PUTRI 
2300011370;BI-FAST CR TRANSFER DR 023 WANATA JAYA CIPTA, 
2300011370;BI-FAST CR TRANSFER DR 023 WANATA JAYA CIPTA, 
2300011370;BI-FAST CR TRANSFER DR 023 WANATA JAYA CIPTA, 
2300011370;BI-FAST CR TRANSFER DR 023 WANATA JAYA CIPTA, 
2300011370;BI-FAST CR TRANSFER DR 023 WANATA JAYA CIPTA, 
2300015149;BI-FAST CR TRANSFER DR 008 ARYA PRAMANA SALIM 
2300008840;BI-FAST CR TRANSFER DR 002 FLIPTECH LENTERA I 
2300008929;BI-FAST CR TRANSFER DR 008 JONARDY 
2300010687;BI-FAST CR TRANSFER DR 002 AGUNG PRASETYO 
2300015723;BI-FAST CR TRANSFER DR 009 SIMSEM PAYROLL BNI 
2300014400;BI-FAST CR TRANSFER DR 002 FILOSOFI KOPI SEJA 
2300015996;BI-FAST CR TRANSFER DR 008 CIPTA KIRANA WEHAR 
2300009183;BI-FAST CR TRANSFER DR 501 Diajeng Nurulita N 
2300009183;BI-FAST CR TRANSFER DR 501 Diajeng Nurulita N 
2300009183;BI-FAST CR TRANSFER DR 501 Diajeng Nurulita N 
2300007488;BI-FAST CR TRANSFER DR 494 Ponco Sunarto 
2300007488;BI-FAST CR TRANSFER DR 494 Ponco Sunarto 
2300007488;BI-FAST CR TRANSFER DR 494 Ponco Sunarto 
2300015203;BI-FAST CR TRANSFER DR 022 GENESIS INDONESIA 
2300012432;BI-FAST CR TRANSFER DR 023 HENGKY PRASETYO 
2300016297;BI-FAST CR TRANSFER DR 008 IRVAN PERMANA 
2300015092;BI-FAST CR TRANSFER DR 008 RAJASA INTAMA 
2300009484;BI-FAST CR TRANSFER DR 523 DPOD Doux Cookies 
2300016068;BI-FAST CR TRANSFER DR 523 DPOD Moi Latte 170 
2300014856;BI-FAST CR TRANSFER DR 008 MUHAMAD IRFAN M 
2300008691;BI-FAST CR TRANSFER DR 022 HERBERT TANUDJAJA
2300008691;BI-FAST CR TRANSFER DR 022 HERBERT TANUDJAJA
2300012886;BI-FAST CR TRANSFER DR 008 JOHANES JETHRO NUG
2300016034;BI-FAST CR TRANSFER DR 009 KHOERUNNISA
2300013559;BI-FAST CR TRANSFER DR 013 GIDEON MANASYE
2300015195;BI-FAST CR TRANSFER DR 022 NI KETUT ASTUTY
2300015347;BI-FAST CR TRANSFER DR 008 KENNETH PATRICK ER 
2300015347;BI-FAST CR TRANSFER DR 008 KENNETH PATRICK ER 
DISTRIBUTOR GREENFIELDS;BI-FAST CR TRANSFER DR 153 CV BARU TANJAKAN 
2300007109;BI-FAST CR TRANSFER DR 028 MAXIM JAYADI ABADI 
DISTRIBUTOR GREENFIELDS;BI-FAST CR TRANSFER DR 008 INTAN SUKSES INSPI 
2300015181;BI-FAST CR TRANSFER DR 002 WISMA KANTA UTAMA 
2300007109;BI-FAST CR TRANSFER DR 028 MAXIM JAYADI ABADI 
2300007109;BI-FAST CR TRANSFER DR 028 MAXIM JAYADI ABADI 
2300008691;BI-FAST CR TRANSFER DR 022 HERBERT TANUDJAJA 
2300012298;BI-FAST CR TRANSFER DR 009 PT MULTI ANUGERAH 
2300014642;BI-FAST CR TRANSFER DR 542 VITA DIAN PUTRI 
2300009697;BI-FAST CR TRANSFER DR 501 Dwi Adhi Retiningt 
2300011370;BI-FAST CR TRANSFER DR 023 WANATA JAYA CIPTA, 
2300011370;BI-FAST CR TRANSFER DR 023 WANATA JAYA CIPTA, 
2300018389;BI-FAST CR TRANSFER DR 008 GLOBAL SINERGI INV 
2300015095;BI-FAST CR TRANSFER DR 008 ASTHA BUMI INDAH 
2300015095;BI-FAST CR TRANSFER DR 008 ASTHA BUMI INDAH 
2300015127;BI-FAST CR TRANSFER DR 008 ANIS YULITA 
2300014906;BI-FAST CR TRANSFER DR 022 BOGA PUTRA SANTOSO 
2300015168;BI-FAST CR TRANSFER DR 008 RAYYAN IDHO NAHDI 
2300015875;BI-FAST CR TRANSFER DR 022 DES DAN ROTI ARTIS 
2300012980;BI-FAST CR TRANSFER DR 002 AFRIDA FATHARANI 
2300016263;BI-FAST CR TRANSFER DR 804 JUNDI ARIQOH QURRO 
2300008706;BI-FAST CR TRANSFER DR 008 ESTI NOVIASARI 
2300010936;BI-FAST CR TRANSFER DR 022 KAKIATNA AGRO INDO 
2300010936;BI-FAST CR TRANSFER DR 022 KAKIATNA AGRO INDO 
2300010936;BI-FAST CR TRANSFER DR 022 KAKIATNA AGRO INDO 
2300015875;BI-FAST CR TRANSFER DR 022 DES DAN ROTI ARTIS 
2300008812;BI-FAST CR TRANSFER DR 009 WAHYUDI 
2300015435;BI-FAST CR TRANSFER DR 008 PUTRA JAYUSA 
2300011370;BI-FAST CR TRANSFER DR 023 WANATA JAYA CIPTA, 
2300011370;BI-FAST CR TRANSFER DR 023 WANATA JAYA CIPTA, 
2300011370;BI-FAST CR TRANSFER DR 023 WANATA JAYA CIPTA, 
2300015680;BI-FAST CR TRANSFER DR 501 Ledis Vera Lesta 
2300012171;BI-FAST CR TRANSFER DR 009 SUDO BREW NARATAMA 
2300014642;BI-FAST CR TRANSFER DR 542 VITA DIAN PUTRI 
2300011097;BI-FAST CR TRANSFER DR 022 KIRA KIRANA AKUSAR 
2300006408;BI-FAST CR TRANSFER DR 009 RIA JULYARTY 
2300011420;BI-FAST CR TRANSFER DR 008 SOLIHIN 
2000066431;BI-FAST CR TRANSFER DR 009 YUMMY FOOD UTAMA 
2300015095;BI-FAST CR TRANSFER DR 008 ASTHA BUMI INDAH 
2300015875;BI-FAST CR TRANSFER DR 022 DES DAN ROTI ARTIS 
2300006204;BI-FAST CR TRANSFER DR 008 SARMAIDA MANURUNG 
2300015777;BI-FAST CR TRANSFER DR 022 ROSSI SOFIAH HARDI 
2300015155;BI-FAST CR TRANSFER DR 008 FIRDAUS NIKMATULLA 
2300015249;BI-FAST CR TRANSFER DR 008 HAYKAL DZAKRY WIDJ 
2300012456;BI-FAST CR TRANSFER DR 002 RINO BAGUS PRASETY 
2300016055;BI-FAST CR TRANSFER DR 535 HARDI PUTRA MUHARR 
2300008929;BI-FAST CR TRANSFER DR 008 JONARDY 
2300006571;BI-FAST CR TRANSFER DR 009 PISON ANUGERAH PR 
2300010936;BI-FAST CR TRANSFER DR 022 KAKIATNA AGRO INDO 
2300010936;BI-FAST CR TRANSFER DR 022 KAKIATNA AGRO INDO 
2300010936;BI-FAST CR TRANSFER DR 022 KAKIATNA AGRO INDO 
2300014400;BI-FAST CR TRANSFER DR 002 FILOSOFI KOPI SEJA 
2300015977;BI-FAST CR TRANSFER DR 008 BERKAT INTI SELARA 
2300013152;BI-FAST CR TRANSFER DR 426 GABRIELLA ASTITI H 
2300007488;BI-FAST CR TRANSFER DR 494 Ponco Sunarto 
2300007488;BI-FAST CR TRANSFER DR 494 Ponco Sunarto 
2300016092;BI-FAST CR TRANSFER DR 002 BULAN BINTOEN MATA 
2300016297;BI-FAST CR TRANSFER DR 008 GUNAWAN 
2300011554;BI-FAST CR TRANSFER DR 009 ADIRAI SUMBER REJE 
2300011554;BI-FAST CR TRANSFER DR 009 ADIRAI SUMBER REJE 
2300011554;BI-FAST CR TRANSFER DR 009 ADIRAI SUMBER REJE 
2300016122;BI-FAST CR TRANSFER DR 523 EXPAT Roasters 
2300015297;BI-FAST CR TRANSFER DR 008 NYDI CITRA ASARA S 
2300016264;BI-FAST CR TRANSFER DR 008 TARJINGUN HARUNDHI 
2300010936;BI-FAST CR TRANSFER DR 022 KAKIATNA AGRO INDO 
2300010936;BI-FAST CR TRANSFER DR 022 KAKIATNA AGRO INDO 
2300009419;BI-FAST CR TRANSFER DR 008 SRI HARTATI 
2300015889;BI-FAST CR TRANSFER DR 523 DPOD Endorphins 17 
2300015237;BI-FAST CR TRANSFER DR 523 DPOD Indola Jaya A 
2300015189;BI-FAST CR TRANSFER DR 002 MITRA DIANI BERSAM 
2300015149;BI-FAST CR TRANSFER DR 008 WANGSA SEQUOIA GRO 
2300014492;BI-FAST CR TRANSFER DR 008 ADI NUGROHO 
2300015875;BI-FAST CR TRANSFER DR 022 DES DAN ROTI ARTIS 
2300008691;BI-FAST CR TRANSFER DR 022 HERBERT TANUDJAJA 
2300008691;BI-FAST CR TRANSFER DR 022 HERBERT TANUDJAJA 
2000066431;BI-FAST CR TRANSFER DR 009 YUMMY FOOD UTAMA 
DISTRIBUTOR GREENFIELDS;BI-FAST CR TRANSFER DR 451 PT KELOLA PANGAN I 
DISTRIBUTOR GREENFIELDS;BI-FAST CR TRANSFER DR 022 CLASSIC FINE FOODS 
2300015996;BI-FAST CR TRANSFER DR 008 CIPTA KIRANA WEHAR 
2300016215;BI-FAST CR TRANSFER DR 002 ACHMAD JUPRI 
2300014998;BI-FAST CR TRANSFER DR 008 RISA ESA NANDA PUT 
2300010654;BI-FAST CR TRANSFER DR 008 DINASTI ENTERTAINM 
2300015530;BI-FAST CR TRANSFER DR 009 PISON RESTOKOPI PR 
2300007028;BI-FAST CR TRANSFER DR 013 RITA SUKMAWANGI,SE 
2300016033;BI-FAST CR TRANSFER DR 002 SION TRADING LINE 
2300015553;BI-FAST CR TRANSFER DR 008 OKE KUSWARA 
2300014856;BI-FAST CR TRANSFER DR 008 MUHAMAD IRFAN M 
2300010936;BI-FAST CR TRANSFER DR 022 KAKIATNA AGRO INDO 
2300010936;BI-FAST CR TRANSFER DR 022 KAKIATNA AGRO INDO 
2300015477;BI-FAST CR TRANSFER DR 008 KUNTHI MULYAWATI 
2300014856;BI-FAST CR TRANSFER DR 008 MUHAMAD IRFAN M 
2300008929;BI-FAST CR TRANSFER DR 008 JONARDY 
2300013077;BI-FAST CR TRANSFER DR 009 SHINTA LYDIA SANUS 
2300015168;BI-FAST CR TRANSFER DR 008 RAYYAN IDHO NAHDI 
2300015278;BI-FAST CR TRANSFER DR 022 ALAM KAWA MITRA 
2300001056;BI-FAST CR TRANSFER DR 008 GEETEE ROSEN TANUW 
2300010936;BI-FAST CR TRANSFER DR 022 KAKIATNA AGRO INDO 
2300010936;BI-FAST CR TRANSFER DR 022 KAKIATNA AGRO INDO 
2300010936;BI-FAST CR TRANSFER DR 022 KAKIATNA AGRO INDO 
2300013666;BI-FAST CR TRANSFER DR 008 GITA DJOEANG SEJAH 
2300016140;BI-FAST CR TRANSFER DR 009 THERESIA SUPARTINA
2000066431;BI-FAST CR TRANSFER DR 009 YUMMY FOOD UTAMA
2300015723;BI-FAST CR TRANSFER DR 009 SIMSEM PAYROLL BNI
2300011280;BI-FAST CR TRANSFER DR 008 FITRIYANTI IMANIYA
MODERN TRADE;BI-FAST CR TRANSFER DR 002 JAKARTA SENTRA ARO
2300015120;BI-FAST CR TRANSFER DR 008 SAYURRUN NUSANTARA
MODERN TRADE;BI-FAST CR TRANSFER DR 002 JAKARTA SENTRA ARO
2300014706;BI-FAST CR TRANSFER DR 008 REINBARR RATU RADJ
2300010936;BI-FAST CR TRANSFER DR 022 KAKIATNA AGRO INDO
2300010936;BI-FAST CR TRANSFER DR 022 KAKIATNA AGRO INDO
DISTRIBUTOR GREENFIELDS;BI-FAST CR TRANSFER DR 022 CLASSIC FINE FOODS 
2300012940;BI-FAST CR TRANSFER DR 008 SELLY STEPANI 
2300007109;BI-FAST CR TRANSFER DR 028 MAXIM JAYADI ABADI 
2300007109;BI-FAST CR TRANSFER DR 028 MAXIM JAYADI ABADI 
2300012171;BI-FAST CR TRANSFER DR 028 SUDO BREW NARATAMA
2300015326;BI-FAST CR TRANSFER DR 009 AYU PUTRI PRATAMI
2300016664;BI-FAST CR TRANSFER DR 008 BERKAH BOGA MANDIR
2300008929;BI-FAST CR TRANSFER DR 008 YUDHO WANDONO ANGG
2300016562;BI-FAST CR TRANSFER DR 008 MAKY GROUP INDONES
2300016423;BI-FAST CR TRANSFER DR 008 DEA UMYATI
2300015833;BI-FAST CR TRANSFER DR 009 ANDHIKA NUR PRATAM 
2300012432;BI-FAST CR TRANSFER DR 023 HENGKY PRASETYO 
2300001531;BI-FAST CR TRANSFER DR 087 YAYASAN BRITISH SC 
2300009505;BI-FAST CR TRANSFER DR 008 REZKI ANANTA PUTRA 
2300013666;BI-FAST CR TRANSFER DR 002 GITA DJOEANG SEJAH
2300014998;BI-FAST CR TRANSFER DR 008 RISA ESA NANDA PUT
2300008850;BI-FAST CR TRANSFER DR 002 PURNOMO 
2300015875;BI-FAST CR TRANSFER DR 022 DES DAN ROTI ARTIS 
2300015553;BI-FAST CR TRANSFER DR 008 OKE KUSWARA 
2300016481;BI-FAST CR TRANSFER DR 002 ZAID RAMADHAN HANA
2300010936;BI-FAST CR TRANSFER DR 022 KAKIATNA AGRO INDO
2300010936;BI-FAST CR TRANSFER DR 022 KAKIATNA AGRO INDO
2300016858;BI-FAST CR TRANSFER DR 008 ELSA VERLY TAMBUNA
2300011370;BI-FAST CR TRANSFER DR 023 WANATA JAYA CIPTA,
2300015095;BI-FAST CR TRANSFER DR 008 ASTHA BUMI INDAH
DISTRIBUTOR GREENFIELDS;BI-FAST CR TRANSFER DR 451 PTKELOLAPANGANINDO 
2300015189;BI-FAST CR TRANSFER DR 002 MITRA DIANI BERSAM 
2300016623;BI-FAST CR TRANSFER DR 535 RATIH 
2300012521;BI-FAST CR TRANSFER DR 008 MUTHOHAROH
2300008691;BI-FAST CR TRANSFER DR 022 HERBERT TANUDJAJA
2300015195;BI-FAST CR TRANSFER DR 022 NI KETUT ASTUTY
2300016665;BI-FAST CR TRANSFER DR 008 OCTAVIANI 
2300015181;BI-FAST CR TRANSFER DR 002 WISMA KANTA UTAMA 
2300008929;BI-FAST CR TRANSFER DR 008 YUDHO WANDONO ANGG
2300016423;BI-FAST CR TRANSFER DR 008 DEA UMYATI
2300008634;BI-FAST CR TRANSFER DR 523 DPOD Pt Paradoks R
2300015176;BI-FAST CR TRANSFER DR 008 ERWANSYAH DALIMUNT
2300015875;BI-FAST CR TRANSFER DR 022 DES DAN ROTI ARTIS 
2300006571;BI-FAST CR TRANSFER DR 009 PISON ANUGERAH PR 
2300010936;BI-FAST CR TRANSFER DR 022 KAKIATNA AGRO INDO
2300010936;BI-FAST CR TRANSFER DR 022 KAKIATNA AGRO INDO
2300016215;BI-FAST CR TRANSFER DR 002 ACHMAD JUPRI
2300008929;BI-FAST CR TRANSFER DR 008 YUDHO WANDONO ANGG
2300013704;BI-FAST CR TRANSFER DR 008 FERDINAND ISKANDAR
2300016328;BI-FAST CR TRANSFER DR 501 Bima Nugraha Kusum
2300016422;BI-FAST CR TRANSFER DR 008 MUHAMAD ARIGHI 
2300016328;BI-FAST CR TRANSFER DR 501 Bima Nugraha Kusum 
2300016632;BI-FAST CR TRANSFER DR 008 OKTAVIANTI PUSPITA 
2300010654;BI-FAST CR TRANSFER DR 008 DINASTI ENTERTAINM
2300016249;BI-FAST CR TRANSFER DR 008 TAFIA PUTRI S. RAM
2300016249;BI-FAST CR TRANSFER DR 008 TAFIA PUTRI S. RAM
2300015197;BI-FAST CR TRANSFER DR 535 SHEILLA SHEBA
2300015444;BI-FAST CR TRANSFER DR 002 MUADZ HARUN
2300014856;BI-FAST CR TRANSFER DR 008 MUHAMAD IRFAN M 
2300014361;BI-FAST CR TRANSFER DR 022 OMAR AGOES 
2300016538;BI-FAST CR TRANSFER DR 002 MUTAALIDA
2300013207;BI-FAST CR TRANSFER DR 002 Q-THA SURYA PRATAM
2300010936;BI-FAST CR TRANSFER DR 022 KAKIATNA AGRO INDO
2300010936;BI-FAST CR TRANSFER DR 022 KAKIATNA AGRO INDO
2300010936;BI-FAST CR TRANSFER DR 022 KAKIATNA AGRO INDO
2300015889;BI-FAST CR TRANSFER DR 523 DPOD Endorphins 17
2300016033;BI-FAST CR TRANSFER DR 002 SION TRADING LINE
2300012427;BI-FAST CR TRANSFER DR 002 FLIPTECH LENTERA I
2300015135;BI-FAST CR TRANSFER DR 008 MENSA JAKARTA
2300007218;BI-FAST CR TRANSFER DR 111 WAHYUNI 
2300016623;BI-FAST CR TRANSFER DR 535 RATIH 
2300012382;BI-FAST CR TRANSFER DR 008 DALFIAN ALNASVI 
2300016944;BI-FAST CR TRANSFER DR 008 SRI RAHMAWATI 
2300018588;BI-FAST CR TRANSFER DR 501 Herlina. H. 
2300015326;BI-FAST CR TRANSFER DR 009 AYU PUTRI PRATAMI
2300016328;BI-FAST CR TRANSFER DR 501 Bima Nugraha Kusum
2300016328;BI-FAST CR TRANSFER DR 501 Bima Nugraha Kusum
2300014400;BI-FAST CR TRANSFER DR 002 FILOSOFI KOPI SEJA
2300015203;BI-FAST CR TRANSFER DR 022 GENESIS INDONESIA
2300015203;BI-FAST CR TRANSFER DR 022 GENESIS INDONESIA
2300013201;BI-FAST CR TRANSFER DR 008 AKUSARA MITRA MULI
2300014998;BI-FAST CR TRANSFER DR 008 RISA ESA NANDA PUT
2300011548;BI-FAST CR TRANSFER DR 009 BAYU MANDALA PUTRA
2300008691;BI-FAST CR TRANSFER DR 022 HERBERT TANUDJAJA
2300014642;BI-FAST CR TRANSFER DR 542 VITA DIAN PUTRI
2000066431;BI-FAST CR TRANSFER DR 009 YUMMY FOOD UTAMA 
2300015168;BI-FAST CR TRANSFER DR 008 RAYYAN IDHO NAHDI 
DISTRIBUTOR GREENFIELDS;BI-FAST CR TRANSFER DR 022 CLASSIC FINE FOODS 
2300015553;BI-FAST CR TRANSFER DR 008 OKE KUSWARA 
2300016201;BI-FAST CR TRANSFER DR 028 FENNY 
2300016664;BI-FAST CR TRANSFER DR 008 BERKAH BOGA MANDIR
2300016664;BI-FAST CR TRANSFER DR 008 BERKAH BOGA MANDIR
2300010936;BI-FAST CR TRANSFER DR 022 KAKIATNA AGRO INDO
2300010936;BI-FAST CR TRANSFER DR 022 KAKIATNA AGRO INDO
2300010936;BI-FAST CR TRANSFER DR 022 KAKIATNA AGRO INDO
2300012026;BI-FAST CR TRANSFER DR 002 SRI WAHYUNI
2300011370;BI-FAST CR TRANSFER DR 023 WANATA JAYA CIPTA,
2300008929;BI-FAST CR TRANSFER DR 008 YUDHO WANDONO ANGG
2300013780;BI-FAST CR TRANSFER DR 008 JEDO ABADI LESTARI
2300016423;BI-FAST CR TRANSFER DR 008 DEA UMYATI
2300015875;BI-FAST CR TRANSFER DR 022 DES DAN ROTI ARTIS
2300004686;BI-FAST CR TRANSFER DR 523 DPOD Selera Sukses
2300004686;BI-FAST CR TRANSFER DR 523 DPOD Pt Selera Suk
2300012456;BI-FAST CR TRANSFER DR 002 RINO BAGUS PRASETY
2300013138;BI-FAST CR TRANSFER DR 008 MEGA JOENATAN
2300015797;BI-FAST CR TRANSFER DR 523 Dari Bloomery Seka
2300008735;BI-FAST CR TRANSFER DR 008 TITIK KUMPUL SEJAH
2300015797;BI-FAST CR TRANSFER DR 523 Dari Bloomery Seka
2300014697;BI-FAST CR TRANSFER DR 031 PT TRINUSA TRAVELI
2300008691;BI-FAST CR TRANSFER DR 022 HERBERT TANUDJAJA
2300008691;BI-FAST CR TRANSFER DR 022 HERBERT TANUDJAJA
2300012815;BI-FAST CR TRANSFER DR 008 ACHYAR MULIAWAN
2300016562;BI-FAST CR TRANSFER DR 008 MAKY GROUP INDONES
2300016665;BI-FAST CR TRANSFER DR 008 OCTAVIANI
2300012427;BI-FAST CR TRANSFER DR 002 FLIPTECH LENTERA I
2300015181;BI-FAST CR TRANSFER DR 002 WISMA KANTA UTAMA
2300013646;BI-FAST CR TRANSFER DR 008 LAILUL MUFARIDAH
2300010936;BI-FAST CR TRANSFER DR 022 KAKIATNA AGRO INDO
2300010936;BI-FAST CR TRANSFER DR 022 KAKIATNA AGRO INDO
2000066431;BI-FAST CR TRANSFER DR 008 YUMMY FOOD UTAMA
2300016032;BI-FAST CR TRANSFER DR 451 STEVIFEBRIANTO
2300016858;BI-FAST CR TRANSFER DR 501 Elsa Verly Tambuna
2300006204;BI-FAST CR TRANSFER DR 008 SARMAIDA MANURUNG 
2300008735;BI-FAST CR TRANSFER DR 008 TITIK KUMPUL SEJAH 
2300016623;BI-FAST CR TRANSFER DR 535 RATIH 
2000066431;BI-FAST CR TRANSFER DR 008 YUMMY FOOD UTAMA
2300015197;BI-FAST CR TRANSFER DR 535 SHEILLA SHEBA
2300012886;BI-FAST CR TRANSFER DR 008 JOHANES JETHRO NUG
2300014642;BI-FAST CR TRANSFER DR 542 VITA DIAN PUTRI
2300014642;BI-FAST CR TRANSFER DR 542 VITA DIAN PUTRI
2300010531;BI-FAST CR TRANSFER DR 022 SEPULUH SEPULUH ST
2300012427;BI-FAST CR TRANSFER DR 002 FLIPTECH LENTERA I
2300015249;BI-FAST CR TRANSFER DR 008 HAYKAL DZAKRY WIDJ
2300007109;BI-FAST CR TRANSFER DR 028 MAXIM JAYADI ABADI
2300007109;BI-FAST CR TRANSFER DR 028 MAXIM JAYADI ABADI
2300014400;BI-FAST CR TRANSFER DR 002 FILOSOFI KOPI SEJA
2300016903;BI-FAST CR TRANSFER DR 494 Andi Asnawanti Sos
2300010936;BI-FAST CR TRANSFER DR 022 KAKIATNA AGRO INDO
2300010936;BI-FAST CR TRANSFER DR 022 KAKIATNA AGRO INDO
2300010936;BI-FAST CR TRANSFER DR 022 KAKIATNA AGRO INDO
2300008929;BI-FAST CR TRANSFER DR 008 YUDHO WANDONO ANGG
2300012941;BI-FAST CR TRANSFER DR 009 TITO LUTHFI ATHAYA
2300016034;BI-FAST CR TRANSFER DR 009 KHOERUNNISA
2300016670;BI-FAST CR TRANSFER DR 523 DPOD Kiri Berkah N
2300008735;BI-FAST CR TRANSFER DR 008 TITIK KUMPUL SEJAH
DISTRIBUTOR GREENFIELDS;BI-FAST CR TRANSFER DR 153 CV BARU TANJAKAN
2300013595;BI-FAST CR TRANSFER DR 009 SUASANA KREATIF IN
2300013595;BI-FAST CR TRANSFER DR 009 SUASANA KREATIF IN
2300012106;BI-FAST CR TRANSFER DR 213 EVIELINA HERMAWATY
2300016883;BI-FAST CR TRANSFER DR 002 PT BUGAR JIWA RAGA
2300015938;BI-FAST CR TRANSFER DR 008 MUHAMMAD BACHTIAR
2300017752;BI-FAST CR TRANSFER DR 008 PUTRA JAYUSA
2300008558;BI-FAST CR TRANSFER DR 548 RAYMOND KUNTORO CA
2300008706;BI-FAST CR TRANSFER DR 008 ESTI NOVIASARI
2300012521;BI-FAST CR TRANSFER DR 008 MUTHOHAROH
2300016908;BI-FAST CR TRANSFER DR 490 PT CHANGXING BISNI
2300013650;BI-FAST CR TRANSFER DR 009 SIMSEM PAYROLL BNI
2300010936;BI-FAST CR TRANSFER DR 022 KAKIATNA AGRO INDO
2300010936;BI-FAST CR TRANSFER DR 022 KAKIATNA AGRO INDO
2300010936;BI-FAST CR TRANSFER DR 022 KAKIATNA AGRO INDO
2300016664;BI-FAST CR TRANSFER DR 008 BERKAH BOGA MANDIR
2300008929;BI-FAST CR TRANSFER DR 008 YUDHO WANDONO ANGG
2300012521;BI-FAST CR TRANSFER DR 008 MUTHOHAROH
2300015095;BI-FAST CR TRANSFER DR 008 ASTHA BUMI INDAH
DISTRIBUTOR GREENFIELDS;BI-FAST CR TRANSFER DR 022 CLASSIC FINE FOODS
2300013077;BI-FAST CR TRANSFER DR 009 SHINTA LYDIA SANUS
2300000838;BI-FAST CR TRANSFER DR 022 KITCHENETTE LESTAR
2300014856;BI-FAST CR TRANSFER DR 008 MUHAMAD IRFAN M
DISTRIBUTOR GREENFIELDS;BI-FAST CR TRANSFER DR 008 INTAN SUKSES INSPI
2300014361;BI-FAST CR TRANSFER DR 022 OMAR AGOES
2300012427;BI-FAST CR TRANSFER DR 002 FLIPTECH LENTERA I
2300008929;BI-FAST CR TRANSFER DR 008 YUDHO WANDONO ANGG
2300008840;BI-FAST CR TRANSFER DR 002 FLIPTECH LENTERA I
2300015195;BI-FAST CR TRANSFER DR 022 NI KETUT ASTUTY
2300013666;BI-FAST CR TRANSFER DR 002 GITA DJOEANG SEJAH
2300010936;BI-FAST CR TRANSFER DR 022 KAKIATNA AGRO INDO
2300010936;BI-FAST CR TRANSFER DR 022 KAKIATNA AGRO INDO
2300016562;BI-FAST CR TRANSFER DR 008 MAKY GROUP INDONES
2300015931;BI-FAST CR TRANSFER DR 028 ISYE FITRIYULIASTU
2300016062;BI-FAST CR TRANSFER DR 008 CAHAYA INDAH ASIA
2300011554;BI-FAST CR TRANSFER DR 009 ADIRAI SUMBER REJE
2300008850;BI-FAST CR TRANSFER DR 008 PURNOMO
2300015553;BI-FAST CR TRANSFER DR 008 OKE KUSWARA
2300013016;BI-FAST CR TRANSFER DR 009 WAHYUDI
2300016122;BI-FAST CR TRANSFER DR 523 EXPAT Roasters
2300015168;BI-FAST CR TRANSFER DR 008 RAYYAN IDHO NAHDI
2300015889;BI-FAST CR TRANSFER DR 523 DPOD Endorphins 17
2300010936;BI-FAST CR TRANSFER DR 022 KAKIATNA AGRO INDO
2300010936;BI-FAST CR TRANSFER DR 022 KAKIATNA AGRO INDO
2300010687;BI-FAST CR TRANSFER DR 002 AGUNG PRASETYO
2300016259;BI-FAST CR TRANSFER DR 008 HANA RIZKA EFRILIA
2300016328;BI-FAST CR TRANSFER DR 501 Bima Nugraha Kusum
2300016328;BI-FAST CR TRANSFER DR 501 Bima Nugraha Kusum
2300015766;BI-FAST CR TRANSFER DR 535 GIOVANNO HARTONO
2300016483;BI-FAST CR TRANSFER DR 008 INDAH RAHAYU
MODERN TRADE;BI-FAST CR TRANSFER DR 002 JAKARTA SENTRA ARO
2300015557;BI-FAST CR TRANSFER DR 002 PT MAKKANYA KOPI I
2300008634;BI-FAST CR TRANSFER DR 523 DPOD Pt Paradoks R
2300011121;BI-FAST CR TRANSFER DR 008 AUSSIE GUSTI DARMA
2300015875;BI-FAST CR TRANSFER DR 022 DES DAN ROTI ARTIS
2300012798;BI-FAST CR TRANSFER DR 008 RISKI TRIANTO
2300014083;BI-FAST CR TRANSFER DR 523 DPOD Topcare Carwa
2300015297;BI-FAST CR TRANSFER DR 008 NYDI CITRA ASARA S
2300016538;BI-FAST CR TRANSFER DR 002 MUTAALIDA
2300015203;BI-FAST CR TRANSFER DR 022 GENESIS INDONESIA
2300011370;BI-FAST CR TRANSFER DR 023 WANATA JAYA CIPTA,
2300015127;BI-FAST CR TRANSFER DR 008 ANIS YULITA
2300015833;BI-FAST CR TRANSFER DR 009 ANDHIKA NUR PRATAM
DISTRIBUTOR GREENFIELDS;BI-FAST CR TRANSFER DR 008 INTAN SUKSES INSPI
2300007488;BI-FAST CR TRANSFER DR 494 Ponco Sunarto
2300007488;BI-FAST CR TRANSFER DR 494 Ponco Sunarto
2300012886;BI-FAST CR TRANSFER DR 008 JOHANES JETHRO NUG
2300016664;BI-FAST CR TRANSFER DR 008 BERKAH BOGA MANDIR
2300014642;BI-FAST CR TRANSFER DR 542 VITA DIAN PUTRI
2300014642;BI-FAST CR TRANSFER DR 542 VITA DIAN PUTRI
2300008929;BI-FAST CR TRANSFER DR 008 YUDHO WANDONO ANGG
2300010936;BI-FAST CR TRANSFER DR 022 KAKIATNA AGRO INDO
2300010936;BI-FAST CR TRANSFER DR 022 KAKIATNA AGRO INDO
2300010936;BI-FAST CR TRANSFER DR 022 KAKIATNA AGRO INDO
2300008691;BI-FAST CR TRANSFER DR 022 HERBERT TANUDJAJA
2300008691;BI-FAST CR TRANSFER DR 022 HERBERT TANUDJAJA
2300007109;BI-FAST CR TRANSFER DR 028 MAXIM JAYADI ABADI
2300007109;BI-FAST CR TRANSFER DR 028 MAXIM JAYADI ABADI
2300014400;BI-FAST CR TRANSFER DR 002 FILOSOFI KOPI SEJA
2300014400;BI-FAST CR TRANSFER DR 002 FILOSOFI KOPI SEJA
2300016423;BI-FAST CR TRANSFER DR 008 DEA UMYATI
2300016665;BI-FAST CR TRANSFER DR 008 OCTAVIANI
2300015262;BI-FAST CR TRANSFER DR 008 ADLAN AKBAR BASYIR
2300015755;BI-FAST CR TRANSFER DR 535 AWANGGA
2300013646;BI-FAST CR TRANSFER DR 008 LAILUL MUFARIDAH
DISTRIBUTOR GREENFIELDS;BI-FAST CR TRANSFER DR 451 PTKELOLAPANGANINDO
2300015537;BI-FAST CR TRANSFER DR 008 JAKARTA ARTISAN PA
2300016623;BI-FAST CR TRANSFER DR 535 RATIH
2300015189;BI-FAST CR TRANSFER DR 002 MITRA DIANI BERSAM
2300016623;BI-FAST CR TRANSFER DR 535 RATIH
2300016249;BI-FAST CR TRANSFER DR 008 TAFIA PUTRI S. RAM
2300016908;BI-FAST CR TRANSFER DR 490 PT CHANGXING BISNI
2300016955;BI-FAST CR TRANSFER DR 002 HARMOKO ARIAN JULI
2300014361;BI-FAST CR TRANSFER DR 022 OMAR AGOES
2300013876;BI-FAST CR TRANSFER DR 002 COTTA TERRA PRIMA
2300015693;BI-FAST CR TRANSFER DR 022 IIN ZAHRATAIN
2300016032;BI-FAST CR TRANSFER DR 451 STEVIFEBRIANTO
2300015181;BI-FAST CR TRANSFER DR 002 WISMA KANTA UTAMA
2300015195;BI-FAST CR TRANSFER DR 022 NI KETUT ASTUTY
2300014998;BI-FAST CR TRANSFER DR 008 RISA ESA NANDA PUT
2300010936;BI-FAST CR TRANSFER DR 022 KAKIATNA AGRO INDO
2300010936;BI-FAST CR TRANSFER DR 022 KAKIATNA AGRO INDO
2300008929;BI-FAST CR TRANSFER DR 008 YUDHO WANDONO ANGG
2300014400;BI-FAST CR TRANSFER DR 002 FILOSOFI KOPI SEJA
2300008840;BI-FAST CR TRANSFER DR 002 FLIPTECH LENTERA I
2300012396;BI-FAST CR TRANSFER DR 523 DPOD Bake Butter 1
2300015484;BI-FAST CR TRANSFER DR 002 TRIAN ADI PURNAMA
2300012815;BI-FAST CR TRANSFER DR 008 ACHYAR MULIAWAN
2300015155;BI-FAST CR TRANSFER DR 008 FIRDAUS NIKMATULLA
2300015168;BI-FAST CR TRANSFER DR 008 RAYYAN IDHO NAHDI
2300007218;BI-FAST CR TRANSFER DR 111 WAHYUNI
2300018648;BI-FAST CR TRANSFER DR 008 PUTRI KANIA
2300016248;BI-FAST CR TRANSFER DR 008 DJUWITA FANYWATI S
2300012396;BI-FAST CR TRANSFER DR 523 DPOD Bake Butter 1
2300010687;BI-FAST CR TRANSFER DR 002 AGUNG PRASETYO
2300008691;BI-FAST CR TRANSFER DR 022 HERBERT TANUDJAJA
2300008691;BI-FAST CR TRANSFER DR 022 HERBERT TANUDJAJA
2300008691;BI-FAST CR TRANSFER DR 022 HERBERT TANUDJAJA
2300012940;BI-FAST CR TRANSFER DR 008 SELLY STEPANI
2300017252;BI-FAST CR TRANSFER DR 008 DINASTI BOGA NUSAN
2300016611;BI-FAST CR TRANSFER DR 022 RIA SRI WOELANDARI
2300016665;BI-FAST CR TRANSFER DR 008 OCTAVIANI
2300015938;BI-FAST CR TRANSFER DR 008 MUHAMMAD BACHTIAR
2300012980;BI-FAST CR TRANSFER DR 002 AFRIDA FATHARANI
2300009484;BI-FAST CR TRANSFER DR 523 DPOD Doux Cookies
2300001056;BI-FAST CR TRANSFER DR 008 GEETEE ROSEN TANUW
2300012940;BI-FAST CR TRANSFER DR 008 SELLY STEPANI
2300015797;BI-FAST CR TRANSFER DR 523 Dari Bloomery Seka
2300012456;BI-FAST CR TRANSFER DR 002 RINO BAGUS PRASETY
2300013207;BI-FAST CR TRANSFER DR 002 Q-THA SURYA PRATAM
2300015530;BI-FAST CR TRANSFER DR 009 PISON RESTOKOPI PR
2300016538;BI-FAST CR TRANSFER DR 002 MUTAALIDA
2300010936;BI-FAST CR TRANSFER DR 022 KAKIATNA AGRO INDO
2300010936;BI-FAST CR TRANSFER DR 022 KAKIATNA AGRO INDO
2300010936;BI-FAST CR TRANSFER DR 022 KAKIATNA AGRO INDO
2300015203;BI-FAST CR TRANSFER DR 022 GENESIS INDONESIA
2300015181;BI-FAST CR TRANSFER DR 002 WISMA KANTA UTAMA
2300014642;BI-FAST CR TRANSFER DR 542 VITA DIAN PUTRI
2300016033;BI-FAST CR TRANSFER DR 002 SION TRADING LINE
2300008929;BI-FAST CR TRANSFER DR 008 YUDHO WANDONO ANGG
2300006571;BI-FAST CR TRANSFER DR 009 PISON ANUGERAH PR
2300016248;BI-FAST CR TRANSFER DR 008 DJUWITA FANYWATI S
2300012427;BI-FAST CR TRANSFER DR 002 FLIPTECH LENTERA I
2300016297;BI-FAST CR TRANSFER DR 008 GUNAWAN
2300013207;BI-FAST CR TRANSFER DR 002 Q-THA SURYA PRATAM
2300012106;BI-FAST CR TRANSFER DR 213 EVIELINA HERMAWATY
2300015875;BI-FAST CR TRANSFER DR 022 DES DAN ROTI ARTIS
2300016946;BI-FAST CR TRANSFER DR 535 EKO MULYANA
2300009351;BI-FAST CR TRANSFER DR 002 ANNISSA DAMAYANTI
2300008929;BI-FAST CR TRANSFER DR 008 YUDHO WANDONO ANGG
2300016664;BI-FAST CR TRANSFER DR 008 BERKAH BOGA MANDIR
2300016664;BI-FAST CR TRANSFER DR 008 BERKAH BOGA MANDIR
2300015610;BI-FAST CR TRANSFER DR 002 PT ANAGATA TEANOLO
2300010516;BI-FAST CR TRANSFER DR 022 DCIKA PRIMA MAHKOT
2300012886;BI-FAST CR TRANSFER DR 008 JOHANES JETHRO NUG
2300015977;BI-FAST CR TRANSFER DR 028 BERKAT INTI SELARA
2300012427;BI-FAST CR TRANSFER DR 002 FLIPTECH LENTERA I
2300012427;BI-FAST CR TRANSFER DR 002 FLIPTECH LENTERA I
2300017252;BI-FAST CR TRANSFER DR 008 DINASTI BOGA NUSAN
2300016423;BI-FAST CR TRANSFER DR 008 DEA UMYATI
2300007028;BI-FAST CR TRANSFER DR 013 RITA SUKMAWANGI,SE
DISTRIBUTOR GREENFIELDS;BI-FAST CR TRANSFER DR 022 CLASSIC FINE FOODS
2300016122;BI-FAST CR TRANSFER DR 523 EXPAT Roasters
2300015977;BI-FAST CR TRANSFER DR 028 BERKAT INTI SELARA
2300016422;BI-FAST CR TRANSFER DR 008 MUHAMAD ARIGHI
2300014642;BI-FAST CR TRANSFER DR 542 VITA DIAN PUTRI
2300008929;BI-FAST CR TRANSFER DR 008 YUDHO WANDONO ANGG
2300013646;BI-FAST CR TRANSFER DR 008 LAILUL MUFARIDAH
2300004695;BI-FAST CR TRANSFER DR 523 DPOD Cube Catering
2300015833;BI-FAST CR TRANSFER DR 009 ANDHIKA NUR PRATAM
2300008634;BI-FAST CR TRANSFER DR 523 DPOD Pt Paradoks R
2300006571;BI-FAST CR TRANSFER DR 009 PISON ANUGERAH PR
2300008929;BI-FAST CR TRANSFER DR 008 YUDHO WANDONO ANGG
2300010936;BI-FAST CR TRANSFER DR 022 KAKIATNA AGRO INDO
2300016562;BI-FAST CR TRANSFER DR 008 MAKY GROUP INDONES
2300010687;BI-FAST CR TRANSFER DR 002 AGUNG PRASETYO
2300016858;BI-FAST CR TRANSFER DR 501 Elsa Verly Tambuna
2300017752;BI-FAST CR TRANSFER DR 008 PUTRA JAYUSA 
2300014706;BI-FAST CR TRANSFER DR 008 REINBARR RATU RADJ 
2300012432;BI-FAST CR TRANSFER DR 023 HENGKY PRASETYO 
2300007287;BI-FAST CR TRANSFER DR 523 DPOD Copper Group 
2300016201;BI-FAST CR TRANSFER DR 028 FENNY 
2300016623;BI-FAST CR TRANSFER DR 535 RATIH 
2300015195;BI-FAST CR TRANSFER DR 022 NI KETUT ASTUTY
2300015195;BI-FAST CR TRANSFER DR 022 NI KETUT ASTUTY
2300012940;BI-FAST CR TRANSFER DR 008 SELLY STEPANI
2300015889;BI-FAST CR TRANSFER DR 523 DPOD Endorphins 17
2300016538;BI-FAST CR TRANSFER DR 002 MUTAALIDA
2300016858;BI-FAST CR TRANSFER DR 501 Elsa Verly Tambuna
2300012026;BI-FAST CR TRANSFER DR 002 SRI WAHYUNI
2300010516;BI-FAST CR TRANSFER DR 022 DCIKA PRIMA MAHKOT
2300015168;BI-FAST CR TRANSFER DR 008 RAYYAN IDHO NAHDI
2300016665;BI-FAST CR TRANSFER DR 008 OCTAVIANI
2300014982;BI-FAST CR TRANSFER DR 046 FLIPTECH LENTERA I
2300015553;BI-FAST CR TRANSFER DR 008 OKE KUSWARA
DISTRIBUTOR GREENFIELDS;BI-FAST CR TRANSFER DR 451 PTKELOLAPANGANINDO
2300015723;BI-FAST CR TRANSFER DR 009 SIMSEM PAYROLL BNI
2300016903;BI-FAST CR TRANSFER DR 494 Andi Asnawanti Sos
2300014400;BI-FAST CR TRANSFER DR 002 FILOSOFI KOPI SEJA
2300015533;BI-FAST CR TRANSFER DR 008 POLARIS INSTRUMENT
2300010936;BI-FAST CR TRANSFER DR 022 KAKIATNA AGRO INDO
2300010936;BI-FAST CR TRANSFER DR 022 KAKIATNA AGRO INDO
2300010936;BI-FAST CR TRANSFER DR 022 KAKIATNA AGRO INDO
2300012748;BI-FAST CR TRANSFER DR 009 GRUHAM INDONESIA M
2300007137;BI-FAST CR TRANSFER DR 032 PT Kerry Ingredien
2300015875;BI-FAST CR TRANSFER DR 022 DES DAN ROTI ARTIS
2300008929;BI-FAST CR TRANSFER DR 008 YUDHO WANDONO ANGG
2300008691;BI-FAST CR TRANSFER DR 022 HERBERT TANUDJAJA
2300008691;BI-FAST CR TRANSFER DR 022 HERBERT TANUDJAJA
2300008691;BI-FAST CR TRANSFER DR 022 HERBERT TANUDJAJA
2300015203;BI-FAST CR TRANSFER DR 022 GENESIS INDONESIA
2300008634;BI-FAST CR TRANSFER DR 523 DPOD Pt Paradoks R
2300015181;BI-FAST CR TRANSFER DR 002 WISMA KANTA UTAMA
2300011370;BI-FAST CR TRANSFER DR 023 WANATA JAYA CIPTA,
2300015159;BI-FAST CR TRANSFER DR 009 FIRA DWI WAHYUNI
2300009646;BI-FAST CR TRANSFER DR 213 OVI TERAYANA DHARM
DISTRIBUTOR GREENFIELDS;BI-FAST CR TRANSFER DR 022 CLASSIC FINE FOODS
2300013016;BI-FAST CR TRANSFER DR 009 WAHYUDI
DISTRIBUTOR GREENFIELDS;BI-FAST CR TRANSFER DR 451 PTKELOLAPANGANINDO
2300010936;BI-FAST CR TRANSFER DR 022 KAKIATNA AGRO INDO
2300010936;BI-FAST CR TRANSFER DR 022 KAKIATNA AGRO INDO
2300010936;BI-FAST CR TRANSFER DR 022 KAKIATNA AGRO INDO
2300014998;BI-FAST CR TRANSFER DR 008 RISA ESA NANDA PUT
2300011554;BI-FAST CR TRANSFER DR 009 ADIRAI SUMBER REJE
2300011554;BI-FAST CR TRANSFER DR 009 ADIRAI SUMBER REJE
2300011370;BI-FAST CR TRANSFER DR 023 WANATA JAYA CIPTA,
2300016423;BI-FAST CR TRANSFER DR 008 DEA UMYATI
2300000838;BI-FAST CR TRANSFER DR 022 KITCHENETTE LESTAR
2300006204;BI-FAST CR TRANSFER DR 008 SARMAIDA MANURUNG
2300007488;BI-FAST CR TRANSFER DR 494 Ponco Sunarto
2300007488;BI-FAST CR TRANSFER DR 494 Ponco Sunarto
2300014642;BI-FAST CR TRANSFER DR 542 VITA DIAN PUTRI
2300014642;BI-FAST CR TRANSFER DR 542 VITA DIAN PUTRI
2300016904;BI-FAST CR TRANSFER DR 213 THANYA M. PONGGAWA
2300016559;BI-FAST CR TRANSFER DR 213 GUSTIAN AJIE MASKA
2300008929;BI-FAST CR TRANSFER DR 008 YUDHO WANDONO ANGG
DISTRIBUTOR GREENFIELDS;BI-FAST CR TRANSFER DR 451 PTKELOLAPANGANINDO
2300016549;BI-FAST CR TRANSFER DR 046 DITA DEWAYANTI
2300014856;BI-FAST CR TRANSFER DR 008 MUHAMAD IRFAN M
2300012427;BI-FAST CR TRANSFER DR 002 FLIPTECH LENTERA I
2300010936;BI-FAST CR TRANSFER DR 022 KAKIATNA AGRO INDO
2300010936;BI-FAST CR TRANSFER DR 022 KAKIATNA AGRO INDO
2300013646;BI-FAST CR TRANSFER DR 008 LAILUL MUFARIDAH
2300007109;BI-FAST CR TRANSFER DR 028 MAXIM JAYADI ABADI
2300007109;BI-FAST CR TRANSFER DR 028 MAXIM JAYADI ABADI
2300007109;BI-FAST CR TRANSFER DR 028 MAXIM JAYADI ABADI
2300016908;BI-FAST CR TRANSFER DR 490 PT CHANGXING BISNI
2300012106;BI-FAST CR TRANSFER DR 213 EVIELINA HERMAWATY
2300017752;BI-FAST CR TRANSFER DR 008 PUTRA JAYUSA
2300016623;BI-FAST CR TRANSFER DR 535 RATIH
2300011768;BI-FAST CR TRANSFER DR 031 PT TRAVELOKA INDON
2300014697;BI-FAST CR TRANSFER DR 031 PT TRINUSA TRAVELI
2300016665;BI-FAST CR TRANSFER DR 008 OCTAVIANI
2300015938;BI-FAST CR TRANSFER DR 008 MUHAMMAD BACHTIAR
2300015342;BI-FAST CR TRANSFER DR 002 NAEL MOENA
2300016943;BI-FAST CR TRANSFER DR 002 ANDHYKA SAPUTRA
2300015931;BI-FAST CR TRANSFER DR 028 ISYE FITRIYULIASTU
2300013666;BI-FAST CR TRANSFER DR 002 GITA DJOEANG SEJAH
2300014642;BI-FAST CR TRANSFER DR 542 VITA DIAN PUTRI
2300012521;BI-FAST CR TRANSFER DR 008 MUTHOHAROH
2300015347;BI-FAST CR TRANSFER DR 008 KENNETH PATRICK ER
2300010687;BI-FAST CR TRANSFER DR 002 AGUNG PRASETYO
2300012171;BI-FAST CR TRANSFER DR 028 SUDO BREW NARATAMA
2300012886;BI-FAST CR TRANSFER DR 008 JOHANES JETHRO NUG
2300008691;BI-FAST CR TRANSFER DR 022 HERBERT TANUDJAJA
2300008691;BI-FAST CR TRANSFER DR 022 HERBERT TANUDJAJA
2300008691;BI-FAST CR TRANSFER DR 022 HERBERT TANUDJAJA
2300015012;BI-FAST CR TRANSFER DR 009 SUSANTI DEWIJANA
2300015168;BI-FAST CR TRANSFER DR 008 RAYYAN IDHO NAHDI
2300014400;BI-FAST CR TRANSFER DR 002 FILOSOFI KOPI SEJA
2300007028;BI-FAST CR TRANSFER DR 013 RITA SUKMAWANGI,SE
2300012399;BI-FAST CR TRANSFER DR 022 TIGA KAWA MITRA
2300010821;BI-FAST CR TRANSFER DR 002 M FAUZUL FAHMI UMR
2300008706;BI-FAST CR TRANSFER DR 008 ESTI NOVIASARI
2300001305;BI-FAST CR TRANSFER DR 008 RAJA RASA ALAMI
2300001305;BI-FAST CR TRANSFER DR 008 RAJA RASA ALAMI
2300001305;BI-FAST CR TRANSFER DR 008 RAJA RASA ALAMI
2300007137;BI-FAST CR TRANSFER DR 032 PT Kerry Ingredien
2300015797;BI-FAST CR TRANSFER DR 523 Dari Bloomery Seka
2300015797;BI-FAST CR TRANSFER DR 523 Dari Bloomery Seka
2300010936;BI-FAST CR TRANSFER DR 022 KAKIATNA AGRO INDO
2300008634;BI-FAST CR TRANSFER DR 523 DPOD Pt Paradoks R
2300010936;BI-FAST CR TRANSFER DR 022 KAKIATNA AGRO INDO
2300010936;BI-FAST CR TRANSFER DR 022 KAKIATNA AGRO INDO
2300015203;BI-FAST CR TRANSFER DR 022 GENESIS INDONESIA
2300008929;BI-FAST CR TRANSFER DR 008 YUDHO WANDONO ANGG
2300016611;BI-FAST CR TRANSFER DR 022 RIA SRI WOELANDARI
2300015979;BI-FAST CR TRANSFER DR 002 ADHI RAJASA MAKMUR
2300015833;BI-FAST CR TRANSFER DR 009 ANDHIKA NUR PRATAM
2300015326;BI-FAST CR TRANSFER DR 009 AYU PUTRI PRATAMI
2300016562;BI-FAST CR TRANSFER DR 008 MAKY GROUP INDONES
2300013152;BI-FAST CR TRANSFER DR 426 GABRIELLA ASTITI H
2300013152;BI-FAST CR TRANSFER DR 426 GABRIELLA ASTITI H
2300015875;BI-FAST CR TRANSFER DR 022 DES DAN ROTI ARTIS
2300018389;BI-FAST CR TRANSFER DR 008 GLOBAL SINERGI INV
2300015484;BI-FAST CR TRANSFER DR 002 TRIAN ADI PURNAMA
2300010936;BI-FAST CR TRANSFER DR 022 KAKIATNA AGRO INDO
2300010936;BI-FAST CR TRANSFER DR 022 KAKIATNA AGRO INDO
2300010936;BI-FAST CR TRANSFER DR 022 KAKIATNA AGRO INDO
2300008929;BI-FAST CR TRANSFER DR 008 YUDHO WANDONO ANGG
2300016664;BI-FAST CR TRANSFER DR 008 BERKAH BOGA MANDIR
2300015181;BI-FAST CR TRANSFER DR 002 WISMA KANTA UTAMA
2300011370;BI-FAST CR TRANSFER DR 023 WANATA JAYA CIPTA,
2300016858;BI-FAST CR TRANSFER DR 008 ELSA VERLY TAMBUNA
2300018588;BI-FAST CR TRANSFER DR 501 Herlina. H.
2300015095;BI-FAST CR TRANSFER DR 008 ASTHA BUMI INDAH
2300015095;BI-FAST CR TRANSFER DR 008 ASTHA BUMI INDAH
2300015095;BI-FAST CR TRANSFER DR 008 ASTHA BUMI INDAH
2300015095;BI-FAST CR TRANSFER DR 008 ASTHA BUMI INDAH
2300016883;BI-FAST CR TRANSFER DR 002 PT BUGAR JIWA RAGA
2300018641;BI-FAST CR TRANSFER DR 451 PTSURYARITELINDOUT
2300004686;BI-FAST CR TRANSFER DR 523 DPOD Selera Sukses
2300004686;BI-FAST CR TRANSFER DR 523 DPOD Pt Selera Suk
DISTRIBUTOR GREENFIELDS;BI-FAST CR TRANSFER DR 022 CLASSIC FINE FOODS
2300012456;BI-FAST CR TRANSFER DR 002 RINO BAGUS PRASETY
2300016423;BI-FAST CR TRANSFER DR 008 DEA UMYATI
2300015195;BI-FAST CR TRANSFER DR 002 NI KETUT ASTUTY
2300016723;BI-FAST CR TRANSFER DR 009 WIRA KARYAWAN PLTU
2300016033;BI-FAST CR TRANSFER DR 002 SION TRADING LINE
2300016983;BI-FAST CR TRANSFER DR 008 INDRAWATI
2300015938;BI-FAST CR TRANSFER DR 008 MUHAMMAD BACHTIAR
2300010936;BI-FAST CR TRANSFER DR 022 KAKIATNA AGRO INDO
2300010936;BI-FAST CR TRANSFER DR 022 KAKIATNA AGRO INDO
2300016122;BI-FAST CR TRANSFER DR 523 EXPAT Roasters
2300008929;BI-FAST CR TRANSFER DR 008 YUDHO WANDONO ANGG
2300016665;BI-FAST CR TRANSFER DR 008 OCTAVIANI
2300010687;BI-FAST CR TRANSFER DR 002 AGUNG PRASETYO
2300015155;BI-FAST CR TRANSFER DR 008 FIRDAUS NIKMATULLA
2300017030;BI-FAST CR TRANSFER DR 008 ALI HASANUDIN
2300012521;BI-FAST CR TRANSFER DR 008 MUTHOHAROH
2300013780;BI-FAST CR TRANSFER DR 008 JEDO ABADI LESTARI
2300016611;BI-FAST CR TRANSFER DR 022 RIA SRI WOELANDARI
DISTRIBUTOR GREENFIELDS;BI-FAST CR TRANSFER DR 008 KELOLA PANGAN INDO
2300013595;BI-FAST CR TRANSFER DR 009 SUASANA KREATIF IN
2300013595;BI-FAST CR TRANSFER DR 009 SUASANA KREATIF IN
2300014979;BI-FAST CR TRANSFER DR 008 ATON YULIANTO
2300014642;BI-FAST CR TRANSFER DR 542 VITA DIAN PUTRI
2300010936;BI-FAST CR TRANSFER DR 022 KAKIATNA AGRO INDO
2300010936;BI-FAST CR TRANSFER DR 022 KAKIATNA AGRO INDO
2300010936;BI-FAST CR TRANSFER DR 022 KAKIATNA AGRO INDO
2300014642;BI-FAST CR TRANSFER DR 542 VITA DIAN PUTRI
2300014400;BI-FAST CR TRANSFER DR 002 FILOSOFI KOPI SEJA
2300015610;BI-FAST CR TRANSFER DR 002 PT ANAGATA TEANOLO
2300015533;BI-FAST CR TRANSFER DR 008 POLARIS INSTRUMENT
2300016259;BI-FAST CR TRANSFER DR 008 HANA RIZKA EFRILIA
2300015495;BI-FAST CR TRANSFER DR 008 CERITA RASA KITA
2300010105;BI-FAST CR TRANSFER DR 008 KOPKAR MADANI ASTR
2300015938;BI-FAST CR TRANSFER DR 008 MUHAMMAD BACHTIAR
2300016308;BI-FAST CR TRANSFER DR 542 MUHAMMAD BAGAS ABI
2300009183;BI-FAST CR TRANSFER DR 501 Diajeng Nurulita N
2300017752;BI-FAST CR TRANSFER DR 008 PUTRA JAYUSA
2300009183;BI-FAST CR TRANSFER DR 501 Diajeng Nurulita N
2300009183;BI-FAST CR TRANSFER DR 501 Diajeng Nurulita N
2300009183;BI-FAST CR TRANSFER DR 501 Diajeng Nurulita N
2300011370;BI-FAST CR TRANSFER DR 023 WANATA JAYA CIPTA,
2300012886;BI-FAST CR TRANSFER DR 008 JOHANES JETHRO NUG
2300017037;BI-FAST CR TRANSFER DR 451 NURULHUMAIROH
2300015195;BI-FAST CR TRANSFER DR 022 NI KETUT ASTUTY
2300010936;BI-FAST CR TRANSFER DR 022 KAKIATNA AGRO INDO
2300010936;BI-FAST CR TRANSFER DR 022 KAKIATNA AGRO INDO
2300010936;BI-FAST CR TRANSFER DR 022 KAKIATNA AGRO INDO
DISTRIBUTOR GREENFIELDS;BI-FAST CR TRANSFER DR 022 CLASSIC FINE FOODS
DISTRIBUTOR GREENFIELDS;BI-FAST CR TRANSFER DR 451 PTKELOLAPANGANINDO
2300004686;BI-FAST CR TRANSFER DR 523 DPOD Pt Selera Suk
2300004686;BI-FAST CR TRANSFER DR 523 DPOD Selera Sukses
2300008929;BI-FAST CR TRANSFER DR 008 YUDHO WANDONO ANGG
DISTRIBUTOR GREENFIELDS;BI-FAST CR TRANSFER DR 022 CLASSIC FINE FOODS
2300015755;BI-FAST CR TRANSFER DR 535 AWANGGA
2300015977;BI-FAST CR TRANSFER DR 008 BERKAT INTI SELARA
2300015553;BI-FAST CR TRANSFER DR 008 OKE KUSWARA
2300007109;BI-FAST CR TRANSFER DR 028 MAXIM JAYADI ABADI
2300007109;BI-FAST CR TRANSFER DR 028 MAXIM JAYADI ABADI
2300008840;BI-FAST CR TRANSFER DR 002 FLIPTECH LENTERA I
2300016664;BI-FAST CR TRANSFER DR 008 BERKAH BOGA MANDIR
DISTRIBUTOR GREENFIELDS;BI-FAST CR TRANSFER DR 451 PTKELOLAPANGANINDO
2300016032;BI-FAST CR TRANSFER DR 451 STEVIFEBRIANTO
2300015181;BI-FAST CR TRANSFER DR 002 WISMA KANTA UTAMA
2300016538;BI-FAST CR TRANSFER DR 002 MUTAALIDA
2300008691;BI-FAST CR TRANSFER DR 022 HERBERT TANUDJAJA
2300015168;BI-FAST CR TRANSFER DR 008 RAYYAN IDHO NAHDI
2300016423;BI-FAST CR TRANSFER DR 008 DEA UMYATI
2300012815;BI-FAST CR TRANSFER DR 008 ACHYAR MULIAWAN
2300014706;BI-FAST CR TRANSFER DR 008 REINBARR RATU RADJ
2300018564;BI-FAST CR TRANSFER DR 002 MULTI ALAM NUSANTA
2300016574;BI-FAST CR TRANSFER DR 009 JULIASDI SAPUTRA
2300016201;BI-FAST CR TRANSFER DR 028 FENNY
2300015106;BI-FAST CR TRANSFER DR 002 NOVITASARI
2300008929;BI-FAST CR TRANSFER DR 008 YUDHO WANDONO ANGG
DISTRIBUTOR GREENFIELDS;BI-FAST CR TRANSFER DR 008 INTAN SUKSES INSPI
2300012427;BI-FAST CR TRANSFER DR 002 FLIPTECH LENTERA I
2300010687;BI-FAST CR TRANSFER DR 002 AGUNG PRASETYO
2300017252;BI-FAST CR TRANSFER DR 008 DINASTI BOGA NUSAN
2300015326;BI-FAST CR TRANSFER DR 009 AYU PUTRI PRATAMI
2300008634;BI-FAST CR TRANSFER DR 523 DPOD Pt Paradoks R
2300013202;BI-FAST CR TRANSFER DR 002 KOPEGBRINS SEJAHTE
2300014642;BI-FAST CR TRANSFER DR 542 VITA DIAN PUTRI
2300012796;BI-FAST CR TRANSFER DR 501 Nuzulia Azita
2300000838;BI-FAST CR TRANSFER DR 022 KITCHENETTE LESTAR
2300015195;BI-FAST CR TRANSFER DR 002 NI KETUT ASTUTY
2300010936;BI-FAST CR TRANSFER DR 022 KAKIATNA AGRO INDO
2300011420;BI-FAST CR TRANSFER DR 008 SOLIHIN
2300008929;BI-FAST CR TRANSFER DR 008 YUDHO WANDONO ANGG
2300007488;BI-FAST CR TRANSFER DR 494 Ponco Sunarto
2300007488;BI-FAST CR TRANSFER DR 494 Ponco Sunarto
2300007488;BI-FAST CR TRANSFER DR 494 Ponco Sunarto
2300015092;BI-FAST CR TRANSFER DR 008 RAJASA INTAMA
2300007488;BI-FAST CR TRANSFER DR 494 Ponco Sunarto
2300015249;BI-FAST CR TRANSFER DR 008 HAYKAL DZAKRY WIDJ
2300014642;BI-FAST CR TRANSFER DR 542 VITA DIAN PUTRI
2300012940;BI-FAST CR TRANSFER DR 008 SELLY STEPANI
2000066431;BI-FAST CR TRANSFER DR 008 YUMMY FOOD UTAMA
2300012427;BI-FAST CR TRANSFER DR 002 FLIPTECH LENTERA I
2300005478;BI-FAST CR TRANSFER DR 022 FILOSOFI ADIDAYA I
2300014982;BI-FAST CR TRANSFER DR 046 FLIPTECH LENTERA I
2300015833;BI-FAST CR TRANSFER DR 009 ANDHIKA NUR PRATAM
2300014361;BI-FAST CR TRANSFER DR 022 OMAR AGOES
2300016665;BI-FAST CR TRANSFER DR 008 OCTAVIANI
2300005478;BI-FAST CR TRANSFER DR 022 FILOSOFI ADIDAYA I
2300005478;BI-FAST CR TRANSFER DR 022 FILOSOFI ADIDAYA I
2300005478;BI-FAST CR TRANSFER DR 022 FILOSOFI ADIDAYA I
2300005478;BI-FAST CR TRANSFER DR 022 FILOSOFI ADIDAYA I
2300012456;BI-FAST CR TRANSFER DR 002 RINO BAGUS PRASETY
2300013780;BI-FAST CR TRANSFER DR 008 JEDO ABADI LESTARI
2300016943;BI-FAST CR TRANSFER DR 002 ANDHYKA SAPUTRA
2300016903;BI-FAST CR TRANSFER DR 494 Andi Asnawanti Sos
2300014856;BI-FAST CR TRANSFER DR 008 MUHAMAD IRFAN M
2300010936;BI-FAST CR TRANSFER DR 022 KAKIATNA AGRO INDO
2300010936;BI-FAST CR TRANSFER DR 022 KAKIATNA AGRO INDO
2300010936;BI-FAST CR TRANSFER DR 022 KAKIATNA AGRO INDO
2300015495;BI-FAST CR TRANSFER DR 008 CERITA RASA KITA
2300014400;BI-FAST CR TRANSFER DR 002 FILOSOFI KOPI SEJA
2300011370;BI-FAST CR TRANSFER DR 023 WANATA JAYA CIPTA,
2300015181;BI-FAST CR TRANSFER DR 002 WISMA KANTA UTAMA
2300015176;BI-FAST CR TRANSFER DR 008 ERWANSYAH DALIMUNT
2300011994;BI-FAST CR TRANSFER DR 013 SINAR DIGITAL TERD
2300012106;BI-FAST CR TRANSFER DR 213 EVIELINA HERMAWATY
2300011994;BI-FAST CR TRANSFER DR 013 SINAR DIGITAL TERD
2300016632;BI-FAST CR TRANSFER DR 008 OKTAVIANTI PUSPITA
2300012940;BI-FAST CR TRANSFER DR 008 SELLY STEPANI
2300016462;BI-FAST CR TRANSFER DR 008 ASTUTI GARDIANI
2300008691;BI-FAST CR TRANSFER DR 022 HERBERT TANUDJAJA
2300009307;BI-FAST CR TRANSFER DR 009 SATRIA MAJU BERSAM
2300015203;BI-FAST CR TRANSFER DR 022 GENESIS INDONESIA
2300015203;BI-FAST CR TRANSFER DR 022 GENESIS INDONESIA
DISTRIBUTOR GREENFIELDS;BI-FAST CR TRANSFER DR 451 PTKELOLAPANGANINDO
2300016538;BI-FAST CR TRANSFER DR 002 MUTAALIDA
DISTRIBUTOR GREENFIELDS;BI-FAST CR TRANSFER DR 022 CLASSIC FINE FOODS
2300017010;BI-FAST CR TRANSFER DR 008 GUMI KARYA NISKALA
2300015095;BI-FAST CR TRANSFER DR 008 ASTHA BUMI INDAH
2000066431;BI-FAST CR TRANSFER DR 008 YUMMY FOOD UTAMA
2300015630;BI-FAST CR TRANSFER DR 002 BELINDA G R SALEND
2300015931;BI-FAST CR TRANSFER DR 028 ISYE FITRIYULIASTU
2300017078;BI-FAST CR TRANSFER DR 501 Rafly Rihza Arrohi
2300007137;BI-FAST CR TRANSFER DR 032 PT Kerry Ingredien
DISTRIBUTOR GREENFIELDS;BI-FAST CR TRANSFER DR 022 CLASSIC FINE FOODS
2300010531;BI-FAST CR TRANSFER DR 022 SEPULUH SEPULUH ST
2300014998;BI-FAST CR TRANSFER DR 008 RISA ESA NANDA PUT
2300016664;BI-FAST CR TRANSFER DR 008 BERKAH BOGA MANDIR
2300016664;BI-FAST CR TRANSFER DR 008 BERKAH BOGA MANDIR
2300014697;BI-FAST CR TRANSFER DR 031 PT TRINUSA TRAVELI
2300013646;BI-FAST CR TRANSFER DR 008 LAILUL MUFARIDAH
2300013646;BI-FAST CR TRANSFER DR 008 LAILUL MUFARIDAH
2300010936;BI-FAST CR TRANSFER DR 022 KAKIATNA AGRO INDO
2300010936;BI-FAST CR TRANSFER DR 022 KAKIATNA AGRO INDO
2300010936;BI-FAST CR TRANSFER DR 022 KAKIATNA AGRO INDO
2300000838;BI-FAST CR TRANSFER DR 022 KITCHENETTE LESTAR
2300016033;BI-FAST CR TRANSFER DR 002 SION TRADING LINE
2300015797;BI-FAST CR TRANSFER DR 523 Dari Bloomery Seka
2300016423;BI-FAST CR TRANSFER DR 008 DEA UMYATI
2300016945;BI-FAST CR TRANSFER DR 008 RUMAH KULINER NUSA
2300013152;BI-FAST CR TRANSFER DR 426 GABRIELLA ASTITI H
MODERN TRADE;BI-FAST CR TRANSFER DR 002 JAKARTA SENTRA ARO
2300016623;BI-FAST CR TRANSFER DR 535 RATIH
2300016509;BI-FAST CR TRANSFER DR 009 KHARISMA PERDANA
2300016509;BI-FAST CR TRANSFER DR 009 KHARISMA PERDANA
2300000838;BI-FAST CR TRANSFER DR 022 KITCHENETTE LESTAR
2300000838;BI-FAST CR TRANSFER DR 022 KITCHENETTE LESTAR
2300015723;BI-FAST CR TRANSFER DR 009 SIMSEM PAYROLL BNI
2300015889;BI-FAST CR TRANSFER DR 523 DPOD Endorphins 17
2300013666;BI-FAST CR TRANSFER DR 002 GITA DJOEANG SEJAH
2300015505;BI-FAST CR TRANSFER DR 002 MUHAMMAD YAFIS ADI
2300016215;BI-FAST CR TRANSFER DR 002 ACHMAD JUPRI
2300008929;BI-FAST CR TRANSFER DR 008 YUDHO WANDONO ANGG
2300016665;BI-FAST CR TRANSFER DR 008 OCTAVIANI
2300011548;BI-FAST CR TRANSFER DR 451 BAYUMANDALAPUTRA
2300015092;BI-FAST CR TRANSFER DR 008 RAJASA INTAMA
2300010687;BI-FAST CR TRANSFER DR 002 AGUNG PRASETYO
2300016259;BI-FAST CR TRANSFER DR 008 HANA RIZKA EFRILIA
2300015533;BI-FAST CR TRANSFER DR 008 POLARIS INSTRUMENT
2300010936;BI-FAST CR TRANSFER DR 022 KAKIATNA AGRO INDO
2300010936;BI-FAST CR TRANSFER DR 022 KAKIATNA AGRO INDO
2300015181;BI-FAST CR TRANSFER DR 002 WISMA KANTA UTAMA
2300015938;BI-FAST CR TRANSFER DR 008 MUHAMMAD BACHTIAR
2300015159;BI-FAST CR TRANSFER DR 009 FIRA DWI WAHYUNI
2300007218;BI-FAST CR TRANSFER DR 111 WAHYUNI
2300015484;BI-FAST CR TRANSFER DR 002 BOBBY GUNAWAN
2300007028;BI-FAST CR TRANSFER DR 013 RITA SUKMAWANGI,SE
2300014329;BI-FAST CR TRANSFER DR 153 CV CATUR NIAGA SEN
2300014944;BI-FAST CR TRANSFER DR 153 CV MADI MARI BERJA
2300007488;BI-FAST CR TRANSFER DR 494 Ponco Sunarto
2300007488;BI-FAST CR TRANSFER DR 494 Ponco Sunarto
2300016328;BI-FAST CR TRANSFER DR 501 Valdy Bintang Arka
2300015319;BI-FAST CR TRANSFER DR 523 DPOD Navva Roaster
2300015833;BI-FAST CR TRANSFER DR 009 ANDHIKA NUR PRATAM
2300018588;BI-FAST CR TRANSFER DR 501 Herlina. H.
2300016297;BI-FAST CR TRANSFER DR 008 GUNAWAN
2300017252;BI-FAST CR TRANSFER DR 008 DINASTI BOGA NUSAN
2300015444;BI-FAST CR TRANSFER DR 002 MUADZ HARUN
2300008840;BI-FAST CR TRANSFER DR 002 FLIPTECH LENTERA I
2300011171;BI-FAST CR TRANSFER DR 002 PUNCAK LEMBAH HIJA
2300016483;BI-FAST CR TRANSFER DR 008 INDAH RAHAYU
2300017252;BI-FAST CR TRANSFER DR 008 DINASTI BOGA NUSAN
2300015530;BI-FAST CR TRANSFER DR 009 PISON RESTOKOPI PR
2300015155;BI-FAST CR TRANSFER DR 008 FIRDAUS NIKMATULLA
2300014400;BI-FAST CR TRANSFER DR 002 FILOSOFI KOPI SEJA
2300013780;BI-FAST CR TRANSFER DR 008 JEDO ABADI LESTARI
2300011554;BI-FAST CR TRANSFER DR 009 ADIRAI SUMBER REJE
2300011554;BI-FAST CR TRANSFER DR 009 ADIRAI SUMBER REJE
2300010936;BI-FAST CR TRANSFER DR 022 KAKIATNA AGRO INDO
2300010936;BI-FAST CR TRANSFER DR 022 KAKIATNA AGRO INDO
2300010936;BI-FAST CR TRANSFER DR 022 KAKIATNA AGRO INDO
2300008929;BI-FAST CR TRANSFER DR 008 YUDHO WANDONO ANGG
2300015495;BI-FAST CR TRANSFER DR 008 CERITA RASA KITA
DISTRIBUTOR GREENFIELDS;BI-FAST CR TRANSFER DR 451 PTKELOLAPANGANINDO
2300015168;BI-FAST CR TRANSFER DR 008 RAYYAN IDHO NAHDI
2300014642;BI-FAST CR TRANSFER DR 542 VITA DIAN PUTRI
2300014642;BI-FAST CR TRANSFER DR 542 VITA DIAN PUTRI
2300016623;BI-FAST CR TRANSFER DR 535 RATIH
2300016328;BI-FAST CR TRANSFER DR 501 Valdy Bintang Arka
2300017037;BI-FAST CR TRANSFER DR 451 NURULHUMAIROH
2300016943;BI-FAST CR TRANSFER DR 002 ANDHYKA SAPUTRA
2300016611;BI-FAST CR TRANSFER DR 022 RIA SRI WOELANDARI
2300015203;BI-FAST CR TRANSFER DR 022 GENESIS INDONESIA
2300010687;BI-FAST CR TRANSFER DR 002 AGUNG PRASETYO
2300012886;BI-FAST CR TRANSFER DR 008 JOHANES JETHRO NUG
DISTRIBUTOR GREENFIELDS;BI-FAST CR TRANSFER DR 022 CLASSIC FINE FOODS
2300012427;BI-FAST CR TRANSFER DR 002 FLIPTECH LENTERA I
2300016538;BI-FAST CR TRANSFER DR 002 MUTAALIDA
2300017123;BI-FAST CR TRANSFER DR 008 I GST AYU AGUNG MA
2300016665;BI-FAST CR TRANSFER DR 008 OCTAVIANI
2300016664;BI-FAST CR TRANSFER DR 008 BERKAH BOGA MANDIR
2300016664;BI-FAST CR TRANSFER DR 008 BERKAH BOGA MANDIR
2300010936;BI-FAST CR TRANSFER DR 022 KAKIATNA AGRO INDO
2300010936;BI-FAST CR TRANSFER DR 022 KAKIATNA AGRO INDO
2300010936;BI-FAST CR TRANSFER DR 022 KAKIATNA AGRO INDO
2300017034;BI-FAST CR TRANSFER DR 002 TEZAR MAULANA ZAKY
2300016858;BI-FAST CR TRANSFER DR 008 ELSA VERLY TAMBUNA
DISTRIBUTOR GREENFIELDS;BI-FAST CR TRANSFER DR 451 PTKELOLAPANGANINDO
2300010516;BI-FAST CR TRANSFER DR 022 DCIKA PRIMA MAHKOT
2300016423;BI-FAST CR TRANSFER DR 008 DEA UMYATI
2300016032;BI-FAST CR TRANSFER DR 451 STEVIFEBRIANTO
2300009183;BI-FAST CR TRANSFER DR 501 Diajeng Nurulita N
2300009183;BI-FAST CR TRANSFER DR 501 Diajeng Nurulita N
DISTRIBUTOR GREENFIELDS;BI-FAST CR TRANSFER DR 153 CV BARU TANJAKAN
2300009183;BI-FAST CR TRANSFER DR 501 Diajeng Nurulita N
2300014361;BI-FAST CR TRANSFER DR 022 OMAR AGOES
2300012940;BI-FAST CR TRANSFER DR 008 SELLY STEPANI
2300014642;BI-FAST CR TRANSFER DR 542 VITA DIAN PUTRI
2300015633;BI-FAST CR TRANSFER DR 028 GABRIELLA GUSTIAWA
2300016215;BI-FAST CR TRANSFER DR 002 ACHMAD JUPRI
2300015889;BI-FAST CR TRANSFER DR 523 DPOD Endorphins 17
2300008929;BI-FAST CR TRANSFER DR 008 YUDHO WANDONO ANGG
2300016328;BI-FAST CR TRANSFER DR 501 Valdy Bintang Arka
2300016328;BI-FAST CR TRANSFER DR 501 Valdy Bintang Arka
2300001305;BI-FAST CR TRANSFER DR 008 RAJA RASA ALAMI
2300010687;BI-FAST CR TRANSFER DR 002 AGUNG PRASETYO
2300014642;BI-FAST CR TRANSFER DR 542 VITA DIAN PUTRI
2300012106;BI-FAST CR TRANSFER DR 213 EVIELINA HERMAWATY
2300008929;BI-FAST CR TRANSFER DR 008 YUDHO WANDONO ANGG
2300006204;BI-FAST CR TRANSFER DR 008 SARMAIDA MANURUNG
2300010936;BI-FAST CR TRANSFER DR 022 KAKIATNA AGRO INDO
2300010936;BI-FAST CR TRANSFER DR 022 KAKIATNA AGRO INDO
2300010936;BI-FAST CR TRANSFER DR 022 KAKIATNA AGRO INDO
2300017252;BI-FAST CR TRANSFER DR 008 DINASTI BOGA NUSAN
2300012396;BI-FAST CR TRANSFER DR 523 DPOD Bake Butter 1
2300015181;BI-FAST CR TRANSFER DR 002 WISMA KANTA UTAMA
DISTRIBUTOR GREENFIELDS;BI-FAST CR TRANSFER DR 451 PTKELOLAPANGANINDO
2300017111;BI-FAST CR TRANSFER DR 022 FARIJ BAYU KUSUMA
2300015328;BI-FAST CR TRANSFER DR 548 JOHANNES BENJAMIN
2300016665;BI-FAST CR TRANSFER DR 008 OCTAVIANI
2300012396;BI-FAST CR TRANSFER DR 523 DPOD Bake Butter 1
2300016946;BI-FAST CR TRANSFER DR 008 EKO MULYANA
DISTRIBUTOR GREENFIELDS;BI-FAST CR TRANSFER DR 153 CV BARU TANJAKAN
2300016092;BI-FAST CR TRANSFER DR 002 BULAN BINTOEN MATA
2300016201;BI-FAST CR TRANSFER DR 028 FENNY
2300012427;BI-FAST CR TRANSFER DR 002 FLIPTECH LENTERA I
2300015875;BI-FAST CR TRANSFER DR 022 DES DAN ROTI ARTIS
2300016033;BI-FAST CR TRANSFER DR 002 SION TRADING LINE
2300009307;BI-FAST CR TRANSFER DR 009 SATRIA MAJU BERSAM
2300009307;BI-FAST CR TRANSFER DR 009 SATRIA MAJU BERSAM
2300015533;BI-FAST CR TRANSFER DR 008 POLARIS INSTRUMENT
2300015012;BI-FAST CR TRANSFER DR 009 SUSANTI DEWIJANA
2300012427;BI-FAST CR TRANSFER DR 002 FLIPTECH LENTERA I
2300015495;BI-FAST CR TRANSFER DR 008 CERITA RASA KITA
2300008706;BI-FAST CR TRANSFER DR 008 ESTI NOVIASARI
2300007287;BI-FAST CR TRANSFER DR 523 DPOD Copper Group
2300016422;BI-FAST CR TRANSFER DR 008 MUHAMAD ARIGHI
2300016880;BI-FAST CR TRANSFER DR 008 DITA FEBRIYANI SAF
2300007109;BI-FAST CR TRANSFER DR 028 MAXIM JAYADI ABADI
2300007109;BI-FAST CR TRANSFER DR 028 MAXIM JAYADI ABADI
2300014400;BI-FAST CR TRANSFER DR 002 FILOSOFI KOPI SEJA
2300010936;BI-FAST CR TRANSFER DR 022 KAKIATNA AGRO INDO
2300010936;BI-FAST CR TRANSFER DR 022 KAKIATNA AGRO INDO
2300010936;BI-FAST CR TRANSFER DR 022 KAKIATNA AGRO INDO
2300000838;BI-FAST CR TRANSFER DR 022 KITCHENETTE LESTAR
2300016664;BI-FAST CR TRANSFER DR 008 BERKAH BOGA MANDIR
2300012521;BI-FAST CR TRANSFER DR 008 MUTHOHAROH
2300015833;BI-FAST CR TRANSFER DR 009 ANDHIKA NUR PRATAM
2300015095;BI-FAST CR TRANSFER DR 008 ASTHA BUMI INDAH
2300016423;BI-FAST CR TRANSFER DR 008 DEA UMYATI
2300011768;BI-FAST CR TRANSFER DR 031 PT TRAVELOKA INDON
2300016862;BI-FAST CR TRANSFER DR 501 Wiriya Santoso
2300015766;BI-FAST CR TRANSFER DR 535 GIOVANNO HARTONO
2300012980;BI-FAST CR TRANSFER DR 002 AFRIDA FATHARANI
2300017154;BI-FAST CR TRANSFER DR 501 Hilal Abu Dzar
2300011289;BI-FAST CR TRANSFER DR 008 NOVA ANGGRAINI
2300015723;BI-FAST CR TRANSFER DR 009 SIMSEM PAYROLL BNI
2300016895;BI-FAST CR TRANSFER DR 008 NURUL WINANTI
2300014642;BI-FAST CR TRANSFER DR 542 VITA DIAN PUTRI
2300016215;BI-FAST CR TRANSFER DR 002 ACHMAD JUPRI
2300006571;BI-FAST CR TRANSFER DR 009 PISON ANUGERAH PR
2300017123;BI-FAST CR TRANSFER DR 008 I GST AYU AGUNG MA
2300004686;BI-FAST CR TRANSFER DR 523 DPOD Selera Sukses
2300004686;BI-FAST CR TRANSFER DR 523 DPOD Pt Selera Suk
2300008706;BI-FAST CR TRANSFER DR 008 ANDIKA AJIESASTRA
2300015168;BI-FAST CR TRANSFER DR 008 RAYYAN IDHO NAHDI
2300007488;BI-FAST CR TRANSFER DR 494 Ponco Sunarto
2300007488;BI-FAST CR TRANSFER DR 494 Ponco Sunarto
2300015444;BI-FAST CR TRANSFER DR 002 MUADZ HARUN
2300014548;BI-FAST CR TRANSFER DR 002 ERY WIDYSULISTYO
2300017078;BI-FAST CR TRANSFER DR 501 Rafly Rihza Arrohi
2300015195;BI-FAST CR TRANSFER DR 002 NI KETUT ASTUTY
2300015195;BI-FAST CR TRANSFER DR 002 NI KETUT ASTUTY
2300017037;BI-FAST CR TRANSFER DR 451 NURULHUMAIROH
2300015477;BI-FAST CR TRANSFER DR 008 KUNTHI MULYAWATI
2300014669;BI-FAST CR TRANSFER DR 002 WANTI NUR CAHYANI
2300010687;BI-FAST CR TRANSFER DR 002 AGUNG PRASETYO
2300010936;BI-FAST CR TRANSFER DR 022 KAKIATNA AGRO INDO
2300012886;BI-FAST CR TRANSFER DR 008 JOHANES JETHRO NUG
DISTRIBUTOR GREENFIELDS;BI-FAST CR TRANSFER DR 451 PTKELOLAPANGANINDO
2300017010;BI-FAST CR TRANSFER DR 008 GUMI KARYA NISKALA
2300017010;BI-FAST CR TRANSFER DR 008 GUMI KARYA NISKALA
2300015195;BI-FAST CR TRANSFER DR 022 NI KETUT ASTUTY
2300008929;BI-FAST CR TRANSFER DR 008 YUDHO WANDONO ANGG
2300007488;BI-FAST CR TRANSFER DR 494 Ponco Sunarto
DISTRIBUTOR GREENFIELDS;BI-FAST CR TRANSFER DR 008 MULTI MANDIRI
2300015630;BI-FAST CR TRANSFER DR 002 BELINDA G R SALEND
2300016858;BI-FAST CR TRANSFER DR 008 ELSA VERLY TAMBUNA
2300013646;BI-FAST CR TRANSFER DR 008 LAILUL MUFARIDAH
2300015181;BI-FAST CR TRANSFER DR 002 WISMA KANTA UTAMA
2300016259;BI-FAST CR TRANSFER DR 008 HANA RIZKA EFRILIA
2300011370;BI-FAST CR TRANSFER DR 023 WANATA JAYA CIPTA,
2300016984;BI-FAST CR TRANSFER DR 425 SUMIANI LESTARI
2300016562;BI-FAST CR TRANSFER DR 008 MAKY GROUP INDONES
2300016562;BI-FAST CR TRANSFER DR 008 MAKY GROUP INDONES
2300009183;BI-FAST CR TRANSFER DR 501 Diajeng Nurulita N
2300009183;BI-FAST CR TRANSFER DR 501 Diajeng Nurulita N
2300009183;BI-FAST CR TRANSFER DR 501 Diajeng Nurulita N
2300009183;BI-FAST CR TRANSFER DR 501 Diajeng Nurulita N
2300009183;BI-FAST CR TRANSFER DR 501 Diajeng Nurulita N
2300009183;BI-FAST CR TRANSFER DR 501 Diajeng Nurulita N
2300009183;BI-FAST CR TRANSFER DR 501 Diajeng Nurulita N
2300009183;BI-FAST CR TRANSFER DR 501 Diajeng Nurulita N
2300009183;BI-FAST CR TRANSFER DR 501 Diajeng Nurulita N
2300016167;BI-FAST CR TRANSFER DR 008 HIOE MELANIE PRAST
2300016665;BI-FAST CR TRANSFER DR 008 OCTAVIANI
2300016665;BI-FAST CR TRANSFER DR 008 OCTAVIANI
2300015661;BI-FAST CR TRANSFER DR 002 FAHREZA DUTA PERKA
2300007109;BI-FAST CR TRANSFER DR 028 MAXIM JAYADI ABADI
2300007109;BI-FAST CR TRANSFER DR 028 MAXIM JAYADI ABADI
2300017034;BI-FAST CR TRANSFER DR 002 TEZAR MAULANA ZAKY
2300008840;BI-FAST CR TRANSFER DR 002 FLIPTECH LENTERA I
2300014400;BI-FAST CR TRANSFER DR 002 FILOSOFI KOPI SEJA
2300010936;BI-FAST CR TRANSFER DR 022 KAKIATNA AGRO INDO
2300010936;BI-FAST CR TRANSFER DR 022 KAKIATNA AGRO INDO
2300010936;BI-FAST CR TRANSFER DR 022 KAKIATNA AGRO INDO
2300014856;BI-FAST CR TRANSFER DR 008 MUHAMAD IRFAN M
2300012368;BI-FAST CR TRANSFER DR 523 DPOD Pt Bumi Berka
2300012368;BI-FAST CR TRANSFER DR 523 DPOD Pt Bumi Berka
2300008691;BI-FAST CR TRANSFER DR 022 HERBERT TANUDJAJA
2300008691;BI-FAST CR TRANSFER DR 022 HERBERT TANUDJAJA
DISTRIBUTOR GREENFIELDS;BI-FAST CR TRANSFER DR 451 PTKELOLAPANGANINDO
2300015495;BI-FAST CR TRANSFER DR 008 CERITA RASA KITA
2300011171;BI-FAST CR TRANSFER DR 002 PUNCAK LEMBAH HIJA
2300016623;BI-FAST CR TRANSFER DR 535 RATIH
2300016623;BI-FAST CR TRANSFER DR 535 RATIH
2300015875;BI-FAST CR TRANSFER DR 022 DES DAN ROTI ARTIS
2300012940;BI-FAST CR TRANSFER DR 008 SELLY STEPANI
2300014642;BI-FAST CR TRANSFER DR 542 VITA DIAN PUTRI
2300008929;BI-FAST CR TRANSFER DR 008 YUDHO WANDONO ANGG
2300015203;BI-FAST CR TRANSFER DR 022 GENESIS INDONESIA
2300015203;BI-FAST CR TRANSFER DR 022 GENESIS INDONESIA
2300017030;BI-FAST CR TRANSFER DR 008 ALI HASANUDIN
2300012456;BI-FAST CR TRANSFER DR 002 RINO BAGUS PRASETY
DISTRIBUTOR GREENFIELDS;BI-FAST CR TRANSFER DR 022 CLASSIC FINE FOODS
2300016906;BI-FAST CR TRANSFER DR 008 WAHYU KURNIA
2300006204;BI-FAST CR TRANSFER DR 008 SARMAIDA MANURUNG
2300006204;BI-FAST CR TRANSFER DR 008 SARMAIDA MANURUNG
2300016664;BI-FAST CR TRANSFER DR 008 BERKAH BOGA MANDIR
2300011768;BI-FAST CR TRANSFER DR 031 PT TRAVELOKA INDON
2300010936;BI-FAST CR TRANSFER DR 022 KAKIATNA AGRO INDO
2300010936;BI-FAST CR TRANSFER DR 022 KAKIATNA AGRO INDO
2300010936;BI-FAST CR TRANSFER DR 022 KAKIATNA AGRO INDO
2300009307;BI-FAST CR TRANSFER DR 009 SATRIA MAJU BERSAM
2300016423;BI-FAST CR TRANSFER DR 008 DEA UMYATI
2300016122;BI-FAST CR TRANSFER DR 523 EXPAT Roasters
2300017252;BI-FAST CR TRANSFER DR 008 DINASTI BOGA NUSAN
2300015106;BI-FAST CR TRANSFER DR 002 NOVITASARI
2300018564;BI-FAST CR TRANSFER DR 002 MULTI ALAM NUSANTA
2300013202;BI-FAST CR TRANSFER DR 002 KOPEGBRINS SEJAHTE
2300008929;BI-FAST CR TRANSFER DR 008 YUDHO WANDONO ANGG
2300012952;BI-FAST CR TRANSFER DR 484 FRANCISCA
2300016423;BI-FAST CR TRANSFER DR 008 DEA UMYATI
2300015833;BI-FAST CR TRANSFER DR 009 ANDHIKA NUR PRATAM
2300014642;BI-FAST CR TRANSFER DR 542 VITA DIAN PUTRI
2300012427;BI-FAST CR TRANSFER DR 002 FLIPTECH LENTERA I
2300016611;BI-FAST CR TRANSFER DR 022 RIA SRI WOELANDARI
2300017123;BI-FAST CR TRANSFER DR 008 I GST AYU AGUNG MA
DISTRIBUTOR GREENFIELDS;BI-FAST CR TRANSFER DR 153 CV BARU TANJAKAN
2300016259;BI-FAST CR TRANSFER DR 008 HANA RIZKA EFRILIA
2300010936;BI-FAST CR TRANSFER DR 022 KAKIATNA AGRO INDO
2300015630;BI-FAST CR TRANSFER DR 002 BELINDA G R SALEND
2300012399;BI-FAST CR TRANSFER DR 022 TIGA KAWA MITRA
2300015159;BI-FAST CR TRANSFER DR 009 FIRA DWI WAHYUNI
2300015181;BI-FAST CR TRANSFER DR 002 WISMA KANTA UTAMA
2300016862;BI-FAST CR TRANSFER DR 501 Wiriya Santoso
2300016249;BI-FAST CR TRANSFER DR 008 TAFIA PUTRI S. RAM
2300016249;BI-FAST CR TRANSFER DR 008 TAFIA PUTRI S. RAM
2300009183;BI-FAST CR TRANSFER DR 501 Diajeng Nurulita N
2300009183;BI-FAST CR TRANSFER DR 501 Diajeng Nurulita N
2300009183;BI-FAST CR TRANSFER DR 501 Diajeng Nurulita N
2300016623;BI-FAST CR TRANSFER DR 535 RATIH
2300015755;BI-FAST CR TRANSFER DR 535 AWANGGA
2300016092;BI-FAST CR TRANSFER DR 002 BULAN BINTOEN MATA
2300007488;BI-FAST CR TRANSFER DR 494 Ponco Sunarto
2300007488;BI-FAST CR TRANSFER DR 494 Ponco Sunarto
2300010687;BI-FAST CR TRANSFER DR 002 AGUNG PRASETYO
2300017123;BI-FAST CR TRANSFER DR 008 I GST AYU AGUNG MA
DISTRIBUTOR GREENFIELDS;BI-FAST CR TRANSFER DR 451 PTKELOLAPANGANINDO
2300015797;BI-FAST CR TRANSFER DR 523 Dari Bloomery Seka
2300015533;BI-FAST CR TRANSFER DR 008 POLARIS INSTRUMENT
2300015797;BI-FAST CR TRANSFER DR 523 Dari Bloomery Seka
2300017078;BI-FAST CR TRANSFER DR 501 Rafly Rihza Arrohi
2300008929;BI-FAST CR TRANSFER DR 008 YUDHO WANDONO ANGG
2300016665;BI-FAST CR TRANSFER DR 008 OCTAVIANI
2300017752;BI-FAST CR TRANSFER DR 008 PUTRA JAYUSA
2300007137;BI-FAST CR TRANSFER DR 032 PT Kerry Ingredien
2300012427;BI-FAST CR TRANSFER DR 002 FLIPTECH LENTERA I
2300014669;BI-FAST CR TRANSFER DR 002 WANTI NUR CAHYANI
2300010936;BI-FAST CR TRANSFER DR 022 KAKIATNA AGRO INDO
2300010936;BI-FAST CR TRANSFER DR 022 KAKIATNA AGRO INDO
2300010936;BI-FAST CR TRANSFER DR 022 KAKIATNA AGRO INDO
2300016362;BI-FAST CR TRANSFER DR 008 IMRON WAHYUDI
2300016032;BI-FAST CR TRANSFER DR 451 STEVIFEBRIANTO
2300017037;BI-FAST CR TRANSFER DR 451 NURULHUMAIROH
2300015495;BI-FAST CR TRANSFER DR 008 CERITA RASA KITA
2300017220;BI-FAST CR TRANSFER DR 009 NILA HITA UMIDIAN
2300014361;BI-FAST CR TRANSFER DR 022 OMAR AGOES
2300015092;BI-FAST CR TRANSFER DR 008 RAJASA INTAMA
2300015297;BI-FAST CR TRANSFER DR 008 NYDI CITRA ASARA S
2300017111;BI-FAST CR TRANSFER DR 022 FARIJ BAYU KUSUMA
2300015203;BI-FAST CR TRANSFER DR 022 GENESIS INDONESIA
2300015203;BI-FAST CR TRANSFER DR 022 GENESIS INDONESIA
DISTRIBUTOR GREENFIELDS;BI-FAST CR TRANSFER DR 022 CLASSIC FINE FOODS
2300016562;BI-FAST CR TRANSFER DR 008 MAKY GROUP INDONES
2300015155;BI-FAST CR TRANSFER DR 008 FIRDAUS NIKMATULLA
2300012427;BI-FAST CR TRANSFER DR 002 FLIPTECH LENTERA I
2300014642;BI-FAST CR TRANSFER DR 542 VITA DIAN PUTRI
2300014400;BI-FAST CR TRANSFER DR 002 FILOSOFI KOPI SEJA
2300012427;BI-FAST CR TRANSFER DR 002 FLIPTECH LENTERA I
2300011289;BI-FAST CR TRANSFER DR 008 NOVA ANGGRAINI
2300010821;BI-FAST CR TRANSFER DR 002 M FAUZUL FAHMI UMR
2300011768;BI-FAST CR TRANSFER DR 031 PT TRAVELOKA INDON
2300014697;BI-FAST CR TRANSFER DR 031 PT TRINUSA TRAVELI
2300016664;BI-FAST CR TRANSFER DR 008 BERKAH BOGA MANDIR
2300016883;BI-FAST CR TRANSFER DR 002 PT BUGAR JIWA RAGA
2300000838;BI-FAST CR TRANSFER DR 022 KITCHENETTE LESTAR
2300010936;BI-FAST CR TRANSFER DR 022 KAKIATNA AGRO INDO
2300010936;BI-FAST CR TRANSFER DR 022 KAKIATNA AGRO INDO
2300010936;BI-FAST CR TRANSFER DR 022 KAKIATNA AGRO INDO
2300008691;BI-FAST CR TRANSFER DR 022 HERBERT TANUDJAJA
2300014826;BI-FAST CR TRANSFER DR 022 ARGHA KARYA PRIMA
2300016423;BI-FAST CR TRANSFER DR 008 DEA UMYATI
2300016984;BI-FAST CR TRANSFER DR 425 SUMIANI LESTARI
2300013646;BI-FAST CR TRANSFER DR 008 LAILUL MUFARIDAH
2300017192;BI-FAST CR TRANSFER DR 008 OKA FRANSISKA
DISTRIBUTOR GREENFIELDS;BI-FAST CR TRANSFER DR 153 CV BARU TANJAKAN
2300004686;BI-FAST CR TRANSFER DR 523 DPOD Pt Selera Suk
2300004686;BI-FAST CR TRANSFER DR 523 DPOD Selera Sukses
2300000838;BI-FAST CR TRANSFER DR 022 KITCHENETTE LESTAR
2300018389;BI-FAST CR TRANSFER DR 008 GLOBAL SINERGI INV
2300017034;BI-FAST CR TRANSFER DR 002 TEZAR MAULANA ZAKY
2300015530;BI-FAST CR TRANSFER DR 009 PISON RESTOKOPI PR
2300008929;BI-FAST CR TRANSFER DR 008 YUDHO WANDONO ANGG
2300014786;BI-FAST CR TRANSFER DR 002 HAVA CREATION INTE
2300016092;BI-FAST CR TRANSFER DR 002 BULAN BINTOEN MATA
2300016092;BI-FAST CR TRANSFER DR 002 BULAN BINTOEN MATA
2300010687;BI-FAST CR TRANSFER DR 002 AGUNG PRASETYO
2300016903;BI-FAST CR TRANSFER DR 494 Andi Asnawanti Sos
2300013033;BI-FAST CR TRANSFER DR 008 LIZA ASTRINA DEVI
2300016215;BI-FAST CR TRANSFER DR 002 ACHMAD JUPRI
2300010936;BI-FAST CR TRANSFER DR 022 KAKIATNA AGRO INDO
2300010936;BI-FAST CR TRANSFER DR 022 KAKIATNA AGRO INDO
2300015938;BI-FAST CR TRANSFER DR 008 MUHAMMAD BACHTIAR
2300007028;BI-FAST CR TRANSFER DR 013 RITA SUKMAWANGI,SE
2300016623;BI-FAST CR TRANSFER DR 535 RATIH
2300012507;BI-FAST CR TRANSFER DR 002 DIANA ALI ALJUFRI
DISTRIBUTOR GREENFIELDS;BI-FAST CR TRANSFER DR 008 MULTI MANDIRI
2300016837;BI-FAST CR TRANSFER DR 426 MAWAR SARI MAKMUR
2300015875;BI-FAST CR TRANSFER DR 022 DES DAN ROTI ARTIS
2300015875;BI-FAST CR TRANSFER DR 022 DES DAN ROTI ARTIS
2300015997;BI-FAST CR TRANSFER DR 022 DEANDI PRIMOSAPUTE
2300013202;BI-FAST CR TRANSFER DR 002 KOPEGBRINS SEJAHTE
2300013202;BI-FAST CR TRANSFER DR 002 KOPEGBRINS SEJAHTE
2300008840;BI-FAST CR TRANSFER DR 002 FLIPTECH LENTERA I
2300012886;BI-FAST CR TRANSFER DR 008 JOHANES JETHRO NUG
2300015833;BI-FAST CR TRANSFER DR 009 ANDHIKA NUR PRATAM
2300014856;BI-FAST CR TRANSFER DR 008 MUHAMAD IRFAN M
2300016858;BI-FAST CR TRANSFER DR 008 ELSA VERLY TAMBUNA
2300012940;BI-FAST CR TRANSFER DR 008 SELLY STEPANI
2300007109;BI-FAST CR TRANSFER DR 028 MAXIM JAYADI ABADI
2300007109;BI-FAST CR TRANSFER DR 028 MAXIM JAYADI ABADI
2300015484;BI-FAST CR TRANSFER DR 002 TRIAN ADI PURNAMA
2300015484;BI-FAST CR TRANSFER DR 002 BOBBY GUNAWAN
2300016665;BI-FAST CR TRANSFER DR 008 OCTAVIANI
2300011171;BI-FAST CR TRANSFER DR 002 PUNCAK LEMBAH HIJA
2300011757;BI-FAST CR TRANSFER DR 009 A SITI AISYAH HUSN
2300012427;BI-FAST CR TRANSFER DR 002 FLIPTECH LENTERA I
2300016201;BI-FAST CR TRANSFER DR 028 FENNY
2300008929;BI-FAST CR TRANSFER DR 008 YUDHO WANDONO ANGG
2300014642;BI-FAST CR TRANSFER DR 542 VITA DIAN PUTRI
2300015195;BI-FAST CR TRANSFER DR 002 NI KETUT ASTUTY
2300010936;BI-FAST CR TRANSFER DR 022 KAKIATNA AGRO INDO
2300010936;BI-FAST CR TRANSFER DR 022 KAKIATNA AGRO INDO
2300015168;BI-FAST CR TRANSFER DR 008 RAYYAN IDHO NAHDI
2300015168;BI-FAST CR TRANSFER DR 008 RAYYAN IDHO NAHDI
2300015495;BI-FAST CR TRANSFER DR 008 CERITA RASA KITA
2300007137;BI-FAST CR TRANSFER DR 032 PT Kerry Ingredien
2300015181;BI-FAST CR TRANSFER DR 002 WISMA KANTA UTAMA
2300011370;BI-FAST CR TRANSFER DR 023 WANATA JAYA CIPTA,
2300017123;BI-FAST CR TRANSFER DR 008 I GST AYU AGUNG MA
2300017209;BI-FAST CR TRANSFER DR 013 WIKI ARDIANSYAH
2300010687;BI-FAST CR TRANSFER DR 002 AGUNG PRASETYO
2300015833;BI-FAST CR TRANSFER DR 009 ANDHIKA NUR PRATAM
2300013646;BI-FAST CR TRANSFER DR 008 LAILUL MUFARIDAH
2300010936;BI-FAST CR TRANSFER DR 022 KAKIATNA AGRO INDO
2300010936;BI-FAST CR TRANSFER DR 022 KAKIATNA AGRO INDO
2300007028;BI-FAST CR TRANSFER DR 013 RITA SUKMAWANGI,SE
2300017078;BI-FAST CR TRANSFER DR 501 Rafly Rihza Arrohi
2300017184;BI-FAST CR TRANSFER DR 008 FEDERASI KANAL
2300017184;BI-FAST CR TRANSFER DR 008 FEDERASI KANAL
2300017184;BI-FAST CR TRANSFER DR 008 FEDERASI KANAL
2300017184;BI-FAST CR TRANSFER DR 008 FEDERASI KANAL
2300017184;BI-FAST CR TRANSFER DR 008 FEDERASI KANAL
2300017184;BI-FAST CR TRANSFER DR 008 FEDERASI KANAL
2300017184;BI-FAST CR TRANSFER DR 008 FEDERASI KANAL
2300017262;BI-FAST CR TRANSFER DR 008 KOPERASI KONSUMEN
2300015149;BI-FAST CR TRANSFER DR 008 WANGSA SEQUOIA GRO
2300016751;BI-FAST CR TRANSFER DR 008 YOSKA LESMANA
2300014982;BI-FAST CR TRANSFER DR 046 FLIPTECH LENTERA I
2300015326;BI-FAST CR TRANSFER DR 009 AYU PUTRI PRATAMI
2300014400;BI-FAST CR TRANSFER DR 002 FILOSOFI KOPI SEJA
2300011554;BI-FAST CR TRANSFER DR 009 ADIRAI SUMBER REJE
2300011554;BI-FAST CR TRANSFER DR 009 ADIRAI SUMBER REJE
2300006571;BI-FAST CR TRANSFER DR 009 PISON ANUGERAH PR
2300015203;BI-FAST CR TRANSFER DR 022 GENESIS INDONESIA
2300016439;BI-FAST CR TRANSFER DR 009 NUR PAGI SORE
2300017156;BI-FAST CR TRANSFER DR 028 RIVA LAURITZ
2300009307;BI-FAST CR TRANSFER DR 009 SATRIA MAJU BERSAM
2300013152;BI-FAST CR TRANSFER DR 426 GABRIELLA ASTITI H
2300015633;BI-FAST CR TRANSFER DR 028 GABRIELLA GUSTIAWA
2300015799;BI-FAST CR TRANSFER DR 542 HENNY
2300016945;BI-FAST CR TRANSFER DR 008 RUMAH KULINER NUSA
2300016945;BI-FAST CR TRANSFER DR 008 RUMAH KULINER NUSA
2300015723;BI-FAST CR TRANSFER DR 009 SIMSEM PAYROLL BNI
2300015661;BI-FAST CR TRANSFER DR 002 FAHREZA DUTA PERKA
2300008929;BI-FAST CR TRANSFER DR 008 YUDHO WANDONO ANGG
2300015092;BI-FAST CR TRANSFER DR 008 RAJASA INTAMA
2300016167;BI-FAST CR TRANSFER DR 008 HIOE MELANIE PRAST
2300014982;BI-FAST CR TRANSFER DR 046 FLIPTECH LENTERA I
2300014361;BI-FAST CR TRANSFER DR 022 OMAR AGOES
2300016664;BI-FAST CR TRANSFER DR 008 BERKAH BOGA MANDIR
2300014697;BI-FAST CR TRANSFER DR 031 PT TRINUSA TRAVELI
2300017016;BI-FAST CR TRANSFER DR 535 KRISMA NUANSA WIBI
2300010936;BI-FAST CR TRANSFER DR 022 KAKIATNA AGRO INDO
2300010936;BI-FAST CR TRANSFER DR 022 KAKIATNA AGRO INDO
2300017183;BI-FAST CR TRANSFER DR 008 RANI INDRIANI
2300017034;BI-FAST CR TRANSFER DR 002 TEZAR MAULANA ZAKY
2300017111;BI-FAST CR TRANSFER DR 022 FARIJ BAYU KUSUMA
2300015159;BI-FAST CR TRANSFER DR 009 FIRA DWI WAHYUNI
2300015912;BI-FAST CR TRANSFER DR 008 YUDHI MALIK ALFRID
2300016423;BI-FAST CR TRANSFER DR 008 DEA UMYATI
2300015444;BI-FAST CR TRANSFER DR 002 MUADZ HARUN
2300010516;BI-FAST CR TRANSFER DR 022 DCIKA PRIMA MAHKOT
2300014669;BI-FAST CR TRANSFER DR 002 WANTI NUR CAHYANI
2300015484;BI-FAST CR TRANSFER DR 002 BOBBY GUNAWAN
DISTRIBUTOR GREENFIELDS;BI-FAST CR TRANSFER DR 008 MULTI MANDIRI
2300015977;BI-FAST CR TRANSFER DR 008 BERKAT INTI SELARA
2300008929;BI-FAST CR TRANSFER DR 008 YUDHO WANDONO ANGG
2300012456;BI-FAST CR TRANSFER DR 002 RINO BAGUS PRASETY
2300018641;BI-FAST CR TRANSFER DR 451 PTSURYARITELINDOUT
2300004686;BI-FAST CR TRANSFER DR 523 DPOD Selera Sukses
2300017154;BI-FAST CR TRANSFER DR 501 Hilal Abu Dzar
2300012940;BI-FAST CR TRANSFER DR 008 SELLY STEPANI
2300016122;BI-FAST CR TRANSFER DR 523 EXPAT Roasters
2300015176;BI-FAST CR TRANSFER DR 008 ERWANSYAH DALIMUNT
2300010687;BI-FAST CR TRANSFER DR 002 AGUNG PRASETYO
2300010936;BI-FAST CR TRANSFER DR 022 KAKIATNA AGRO INDO
2300010936;BI-FAST CR TRANSFER DR 022 KAKIATNA AGRO INDO
2300015766;BI-FAST CR TRANSFER DR 535 GIOVANNO HARTONO
2300016737;BI-FAST CR TRANSFER DR 501 Richelle Briana Ha
2300016737;BI-FAST CR TRANSFER DR 501 Richelle Briana Ha
2300015630;BI-FAST CR TRANSFER DR 002 BELINDA G R SALEND
2300017037;BI-FAST CR TRANSFER DR 451 NURULHUMAIROH
2300015297;BI-FAST CR TRANSFER DR 008 NYDI CITRA ASARA S
2300016623;BI-FAST CR TRANSFER DR 535 RATIH
2300012396;BI-FAST CR TRANSFER DR 523 DPOD Bake Butter 1
2300015875;BI-FAST CR TRANSFER DR 022 DES DAN ROTI ARTIS
2300016623;BI-FAST CR TRANSFER DR 535 RATIH
2300016201;BI-FAST CR TRANSFER DR 028 FENNY
2300017143;BI-FAST CR TRANSFER DR 110 ALEXANDER LUKKY
2300008929;BI-FAST CR TRANSFER DR 008 YUDHO WANDONO ANGG
2300016249;BI-FAST CR TRANSFER DR 008 TAFIA PUTRI S. RAM
2300015533;BI-FAST CR TRANSFER DR 008 POLARIS INSTRUMENT
2300015477;BI-FAST CR TRANSFER DR 008 KUNTHI MULYAWATI
2300014642;BI-FAST CR TRANSFER DR 542 VITA DIAN PUTRI
2300014642;BI-FAST CR TRANSFER DR 542 VITA DIAN PUTRI
2300015127;BI-FAST CR TRANSFER DR 008 ANIS YULITA
2300015799;BI-FAST CR TRANSFER DR 542 HENNY
2300015661;BI-FAST CR TRANSFER DR 002 FAHREZA DUTA PERKA
2300007109;BI-FAST CR TRANSFER DR 028 MAXIM JAYADI ABADI
2300007109;BI-FAST CR TRANSFER DR 028 MAXIM JAYADI ABADI
2300015875;BI-FAST CR TRANSFER DR 022 DES DAN ROTI ARTIS
2300017256;BI-FAST CR TRANSFER DR 542 DENIS PRIMA PUTRA
2300016665;BI-FAST CR TRANSFER DR 008 OCTAVIANI
2300001056;BI-FAST CR TRANSFER DR 008 GEETEE ROSEN TANUW
2300016751;BI-FAST CR TRANSFER DR 008 YOSKA LESMANA
2300007137;BI-FAST CR TRANSFER DR 032 PT Kerry Ingredien
2300017279;BI-FAST CR TRANSFER DR 008 RAHMAT GOZALI
2300017168;BI-FAST CR TRANSFER DR 022 KREASI ABADI SELAR
2300017252;BI-FAST CR TRANSFER DR 008 DINASTI BOGA NUSAN
2300012886;BI-FAST CR TRANSFER DR 008 JOHANES JETHRO NUG
2300016538;BI-FAST CR TRANSFER DR 002 MUTAALIDA
2300017044;BI-FAST CR TRANSFER DR 490 ANASTALISIA KUSUMA
2300013646;BI-FAST CR TRANSFER DR 008 LAILUL MUFARIDAH
2300016033;BI-FAST CR TRANSFER DR 002 SION TRADING LINE
2300010936;BI-FAST CR TRANSFER DR 022 KAKIATNA AGRO INDO
2300010936;BI-FAST CR TRANSFER DR 022 KAKIATNA AGRO INDO
2300010936;BI-FAST CR TRANSFER DR 022 KAKIATNA AGRO INDO
2300015495;BI-FAST CR TRANSFER DR 008 CERITA RASA KITA
2300011370;BI-FAST CR TRANSFER DR 023 WANATA JAYA CIPTA,
2300014400;BI-FAST CR TRANSFER DR 002 FILOSOFI KOPI SEJA
2300017078;BI-FAST CR TRANSFER DR 501 Rafly Rihza Arrohi
2300016562;BI-FAST CR TRANSFER DR 008 MAKY GROUP INDONES
2300007137;BI-FAST CR TRANSFER DR 032 PT Kerry Ingredien
2300011171;BI-FAST CR TRANSFER DR 002 PUNCAK LEMBAH HIJA
2300012427;BI-FAST CR TRANSFER DR 002 FLIPTECH LENTERA I
2300007488;BI-FAST CR TRANSFER DR 494 Ponco Sunarto
2300007488;BI-FAST CR TRANSFER DR 494 Ponco Sunarto
2300008706;BI-FAST CR TRANSFER DR 008 ESTI NOVIASARI
2300015203;BI-FAST CR TRANSFER DR 022 GENESIS INDONESIA
2300015203;BI-FAST CR TRANSFER DR 022 GENESIS INDONESIA
2300015400;BI-FAST CR TRANSFER DR 008 DAVY LUTFHAN SATRI
2300015400;BI-FAST CR TRANSFER DR 008 DAVY LUTFHAN SATRI
2300015400;BI-FAST CR TRANSFER DR 008 DAVY LUTFHAN SATRI
2300015400;BI-FAST CR TRANSFER DR 008 DAVY LUTFHAN SATRI
DISTRIBUTOR GREENFIELDS;BI-FAST CR TRANSFER DR 022 CLASSIC FINE FOODS
2300015400;BI-FAST CR TRANSFER DR 008 DAVY LUTFHAN SATRI
2300009307;BI-FAST CR TRANSFER DR 009 SATRIA MAJU BERSAM
2300009307;BI-FAST CR TRANSFER DR 009 SATRIA MAJU BERSAM
2300013016;BI-FAST CR TRANSFER DR 009 WAHYUDI
2300008929;BI-FAST CR TRANSFER DR 008 YUDHO WANDONO ANGG
2300016897;BI-FAST CR TRANSFER DR 008 DEDE KHAERUNISA
2300016880;BI-FAST CR TRANSFER DR 008 DITA FEBRIYANI SAF
2300015977;BI-FAST CR TRANSFER DR 008 BERKAT INTI SELARA
2300010531;BI-FAST CR TRANSFER DR 022 SEPULUH SEPULUH ST
2300012940;BI-FAST CR TRANSFER DR 008 SELLY STEPANI
2300016664;BI-FAST CR TRANSFER DR 008 BERKAH BOGA MANDIR
2300016664;BI-FAST CR TRANSFER DR 008 BERKAH BOGA MANDIR
2300016723;BI-FAST CR TRANSFER DR 009 WIRA KARYAWAN PLTU
2300011768;BI-FAST CR TRANSFER DR 031 PT TRAVELOKA INDON
2300014697;BI-FAST CR TRANSFER DR 031 PT TRINUSA TRAVELI
2300017089;BI-FAST CR TRANSFER DR 002 PT BOGA MANDALA SE
2300010687;BI-FAST CR TRANSFER DR 002 AGUNG PRASETYO
2300016423;BI-FAST CR TRANSFER DR 008 DEA UMYATI
2300000838;BI-FAST CR TRANSFER DR 022 KITCHENETTE LESTAR
2300012368;BI-FAST CR TRANSFER DR 523 DPOD Pt Bumi Berka
2300012368;BI-FAST CR TRANSFER DR 523 DPOD Pt Bumi Berka
2300012368;BI-FAST CR TRANSFER DR 523 DPOD Pt Bumi Berka
2300010936;BI-FAST CR TRANSFER DR 022 KAKIATNA AGRO INDO
2300010936;BI-FAST CR TRANSFER DR 022 KAKIATNA AGRO INDO
2300013595;BI-FAST CR TRANSFER DR 009 SUASANA KREATIF IN
2300001531;BI-FAST CR TRANSFER DR 087 YAYASAN BRITISH SC
2300017006;BI-FAST CR TRANSFER DR 002 UCI SANUSI
2300015833;BI-FAST CR TRANSFER DR 009 ANDHIKA NUR PRATAM
2300018389;BI-FAST CR TRANSFER DR 008 GLOBAL SINERGI INV
2000066431;BI-FAST CR TRANSFER DR 008 YUMMY FOOD UTAMA
2300017252;BI-FAST CR TRANSFER DR 008 DINASTI BOGA NUSAN
2300014706;BI-FAST CR TRANSFER DR 008 REINBARR RATU RADJ
2300016167;BI-FAST CR TRANSFER DR 008 HIOE MELANIE PRAST
2300004686;BI-FAST CR TRANSFER DR 523 DPOD Selera Sukses
2300008691;BI-FAST CR TRANSFER DR 022 HERBERT TANUDJAJA
2300015092;BI-FAST CR TRANSFER DR 008 RAJASA INTAMA
2300007488;BI-FAST CR TRANSFER DR 494 Ponco Sunarto
2300007488;BI-FAST CR TRANSFER DR 494 Ponco Sunarto
2300013202;BI-FAST CR TRANSFER DR 002 KOPEGBRINS SEJAHTE
2300017285;BI-FAST CR TRANSFER DR 111 REMMYSILADO
2300008929;BI-FAST CR TRANSFER DR 008 YUDHO WANDONO ANGG
2300017123;BI-FAST CR TRANSFER DR 008 I GST AYU AGUNG MA
2300015799;BI-FAST CR TRANSFER DR 542 HENNY
2300016943;BI-FAST CR TRANSFER DR 002 ANDHYKA SAPUTRA
2300016483;BI-FAST CR TRANSFER DR 008 INDAH RAHAYU
2300016483;BI-FAST CR TRANSFER DR 008 INDAH RAHAYU
2300014944;BI-FAST CR TRANSFER DR 153 CV MADI MARI BERJA
2300015484;BI-FAST CR TRANSFER DR 002 TRIAN ADI PURNAMA
2300013207;BI-FAST CR TRANSFER DR 002 Q-THA SURYA PRATAM
DISTRIBUTOR GREENFIELDS;BI-FAST CR TRANSFER DR 153 CV BARU TANJAKAN
2300016092;BI-FAST CR TRANSFER DR 002 BULAN BINTOEN MATA
2300016533;BI-FAST CR TRANSFER DR 009 FAISAL HAFIZ MAHAK
2300012952;BI-FAST CR TRANSFER DR 484 FRANCISCA
2300012748;BI-FAST CR TRANSFER DR 009 GRUHAM INDONESIA M
2300015168;BI-FAST CR TRANSFER DR 008 RAYYAN IDHO NAHDI
2300016215;BI-FAST CR TRANSFER DR 002 ACHMAD JUPRI
2300010936;BI-FAST CR TRANSFER DR 022 KAKIATNA AGRO INDO
2300010936;BI-FAST CR TRANSFER DR 022 KAKIATNA AGRO INDO
2300014979;BI-FAST CR TRANSFER DR 008 ATON YULIANTO
2300017034;BI-FAST CR TRANSFER DR 002 TEZAR MAULANA ZAKY
2300016297;BI-FAST CR TRANSFER DR 008 GUNAWAN
2300014642;BI-FAST CR TRANSFER DR 542 VITA DIAN PUTRI
2300015723;BI-FAST CR TRANSFER DR 009 SIMSEM PAYROLL BNI
2300016903;BI-FAST CR TRANSFER DR 494 Andi Asnawanti Sos
2300015708;BI-FAST CR TRANSFER DR 535 MARCELINA DENISE L
2300017302;BI-FAST CR TRANSFER DR 008 BERTHA LIDYANA
2300015297;BI-FAST CR TRANSFER DR 008 NYDI CITRA ASARA S
2300017156;BI-FAST CR TRANSFER DR 028 RIVA LAURITZ
2300017156;BI-FAST CR TRANSFER DR 028 RIVA LAURITZ
2300012940;BI-FAST CR TRANSFER DR 008 SELLY STEPANI
2300017157;BI-FAST CR TRANSFER DR 022 YANG MUDA MAKMUR
2300015195;BI-FAST CR TRANSFER DR 002 NI KETUT ASTUTY
2300008929;BI-FAST CR TRANSFER DR 008 YUDHO WANDONO ANGG
DISTRIBUTOR GREENFIELDS;BI-FAST CR TRANSFER DR 008 MULTI MANDIRI
2300014669;BI-FAST CR TRANSFER DR 002 WANTI NUR CAHYANI
2300014400;BI-FAST CR TRANSFER DR 002 FILOSOFI KOPI SEJA
2300015630;BI-FAST CR TRANSFER DR 002 BELINDA G R SALEND
2300014642;BI-FAST CR TRANSFER DR 542 VITA DIAN PUTRI
2300015155;BI-FAST CR TRANSFER DR 008 FIRDAUS NIKMATULLA
2300015797;BI-FAST CR TRANSFER DR 523 Dari Bloomery Seka
2300015444;BI-FAST CR TRANSFER DR 002 MUADZ HARUN
2300016032;BI-FAST CR TRANSFER DR 451 STEVIFEBRIANTO
2300016946;BI-FAST CR TRANSFER DR 535 EKO MULYANA
2300016665;BI-FAST CR TRANSFER DR 008 OCTAVIANI
2300001531;BI-FAST CR TRANSFER DR 087 YAYASAN BRITISH SC
DISTRIBUTOR GREENFIELDS;BI-FAST CR TRANSFER DR 008 MULTI MANDIRI
2300015875;BI-FAST CR TRANSFER DR 022 DES DAN ROTI ARTIS
2300005221;BI-FAST CR TRANSFER DR 451 ANDIKAAJIESASTRA
2300015237;BI-FAST CR TRANSFER DR 523 DPOD Indola Jaya A
2300017123;BI-FAST CR TRANSFER DR 008 I GST AYU AGUNG MA
2300010936;BI-FAST CR TRANSFER DR 022 KAKIATNA AGRO INDO
2300010936;BI-FAST CR TRANSFER DR 022 KAKIATNA AGRO INDO
2300010936;BI-FAST CR TRANSFER DR 022 KAKIATNA AGRO INDO
2300012368;BI-FAST CR TRANSFER DR 523 DPOD Pt Bumi Berka
2300012368;BI-FAST CR TRANSFER DR 523 DPOD Pt Bumi Berka
2300012368;BI-FAST CR TRANSFER DR 523 DPOD Pt Bumi Berka
2300012368;BI-FAST CR TRANSFER DR 523 DPOD Pt Bumi Berka
2300014854;BI-FAST CR TRANSFER DR 002 ROHMAT TAOPIK
2300015495;BI-FAST CR TRANSFER DR 008 CERITA RASA KITA
2300017059;BI-FAST CR TRANSFER DR 002 STEVEN SAUT MARTUA
2300012456;BI-FAST CR TRANSFER DR 002 RINO BAGUS PRASETY
2300016890;BI-FAST CR TRANSFER DR 002 MOHAMAD FIRMAN SYA
2300007137;BI-FAST CR TRANSFER DR 032 PT Kerry Ingredien
2300011171;BI-FAST CR TRANSFER DR 002 PUNCAK LEMBAH HIJA
2300016422;BI-FAST CR TRANSFER DR 008 MUHAMAD ARIGHI
2300016538;BI-FAST CR TRANSFER DR 002 MUTAALIDA
2300008929;BI-FAST CR TRANSFER DR 008 YUDHO WANDONO ANGG
2300016729;BI-FAST CR TRANSFER DR 002 KAMMI GLOBAL NUSAN
2300015633;BI-FAST CR TRANSFER DR 028 GABRIELLA GUSTIAWA
2300016259;BI-FAST CR TRANSFER DR 008 HANA RIZKA EFRILIA
DISTRIBUTOR GREENFIELDS;BI-FAST CR TRANSFER DR 008 KELOLA PANGAN INDO
2300016858;BI-FAST CR TRANSFER DR 008 ELSA VERLY TAMBUNA
2300015203;BI-FAST CR TRANSFER DR 022 GENESIS INDONESIA
2300015203;BI-FAST CR TRANSFER DR 022 GENESIS INDONESIA
2300012106;BI-FAST CR TRANSFER DR 213 EVIELINA HERMAWATY
2300016883;BI-FAST CR TRANSFER DR 002 PT BUGAR JIWA RAGA
2300015181;BI-FAST CR TRANSFER DR 002 WISMA KANTA UTAMA
2300017289;BI-FAST CR TRANSFER DR 008 MITRA DAGANG MADAN
2300017035;BI-FAST CR TRANSFER DR 008 FADHIL FAKHRUZZAMA
DISTRIBUTOR GREENFIELDS;BI-FAST CR TRANSFER DR 022 CLASSIC FINE FOODS
2300013595;BI-FAST CR TRANSFER DR 009 SUASANA KREATIF IN
2300013595;BI-FAST CR TRANSFER DR 009 SUASANA KREATIF IN
2300009307;BI-FAST CR TRANSFER DR 009 SATRIA MAJU BERSAM
2300015159;BI-FAST CR TRANSFER DR 009 FIRA DWI WAHYUNI
2000066431;BI-FAST CR TRANSFER DR 008 YUMMY FOOD UTAMA
2300017111;BI-FAST CR TRANSFER DR 022 FARIJ BAYU KUSUMA
2300016092;BI-FAST CR TRANSFER DR 002 BULAN BINTOEN MATA
2300016664;BI-FAST CR TRANSFER DR 008 BERKAH BOGA MANDIR
2300016664;BI-FAST CR TRANSFER DR 008 BERKAH BOGA MANDIR
2300011768;BI-FAST CR TRANSFER DR 031 PT TRAVELOKA INDON
2300014697;BI-FAST CR TRANSFER DR 031 PT TRINUSA TRAVELI
2300015833;BI-FAST CR TRANSFER DR 009 ANDHIKA NUR PRATAM
2300010936;BI-FAST CR TRANSFER DR 022 KAKIATNA AGRO INDO
2300010936;BI-FAST CR TRANSFER DR 022 KAKIATNA AGRO INDO
2300010936;BI-FAST CR TRANSFER DR 022 KAKIATNA AGRO INDO
2300017167;BI-FAST CR TRANSFER DR 022 FKS LAND INDONESIA
2300016062;BI-FAST CR TRANSFER DR 008 CAHAYA INDAH ASIA
2300013666;BI-FAST CR TRANSFER DR 002 GITA DJOEANG SEJAH
DISTRIBUTOR GREENFIELDS;BI-FAST CR TRANSFER DR 008 INTAN SUKSES INSPI
2300016056;BI-FAST CR TRANSFER DR 213 AGUR HARJANTO
2300008649;BI-FAST CR TRANSFER DR 022 ALVIN PUTRAWARMAN
2300015797;BI-FAST CR TRANSFER DR 523 Dari Bloomery Seka
2300016423;BI-FAST CR TRANSFER DR 008 DEA UMYATI
2300015095;BI-FAST CR TRANSFER DR 008 ASTHA BUMI INDAH
2300011370;BI-FAST CR TRANSFER DR 023 WANATA JAYA CIPTA,
2300011370;BI-FAST CR TRANSFER DR 023 WANATA JAYA CIPTA,
2300004686;BI-FAST CR TRANSFER DR 523 DPOD Selera Sukses
2300004686;BI-FAST CR TRANSFER DR 523 DPOD Pt Selera Suk
2300008649;BI-FAST CR TRANSFER DR 022 ALVIN PUTRAWARMAN
2300016984;BI-FAST CR TRANSFER DR 425 SUMIANI LESTARI
2300008929;BI-FAST CR TRANSFER DR 008 YUDHO WANDONO ANGG
2300008649;BI-FAST CR TRANSFER DR 523 DPOD Odelice Cafe
2300015326;BI-FAST CR TRANSFER DR 009 AYU PUTRI PRATAMI
2300017279;BI-FAST CR TRANSFER DR 008 RAHMAT GOZALI
2300013207;BI-FAST CR TRANSFER DR 002 Q-THA SURYA PRATAM
2300015799;BI-FAST CR TRANSFER DR 542 HENNY
2300004695;BI-FAST CR TRANSFER DR 523 DPOD Cube Catering
2300015661;BI-FAST CR TRANSFER DR 002 FAHREZA DUTA PERKA
2300007488;BI-FAST CR TRANSFER DR 494 Ponco Sunarto
2300014642;BI-FAST CR TRANSFER DR 542 VITA DIAN PUTRI
2300013207;BI-FAST CR TRANSFER DR 002 Q-THA SURYA PRATAM
2300015092;BI-FAST CR TRANSFER DR 008 RAJASA INTAMA
2300010687;BI-FAST CR TRANSFER DR 002 AGUNG PRASETYO
2300017037;BI-FAST CR TRANSFER DR 451 NURULHUMAIROH
2300010936;BI-FAST CR TRANSFER DR 022 KAKIATNA AGRO INDO
2300010936;BI-FAST CR TRANSFER DR 022 KAKIATNA AGRO INDO
2300010936;BI-FAST CR TRANSFER DR 022 KAKIATNA AGRO INDO
2300012395;BI-FAST CR TRANSFER DR 008 RISMADIANTI PUFFIN
2300016122;BI-FAST CR TRANSFER DR 523 EXPAT Roasters
2300017289;BI-FAST CR TRANSFER DR 008 MITRA DAGANG MADAN
MODERN TRADE;BI-FAST CR TRANSFER DR 002 JAKARTA SENTRA ARO
2300013780;BI-FAST CR TRANSFER DR 008 JEDO ABADI LESTARI
2300016895;BI-FAST CR TRANSFER DR 008 NURUL WINANTI
2300013202;BI-FAST CR TRANSFER DR 002 KOPEGBRINS SEJAHTE
2300015435;BI-FAST CR TRANSFER DR 008 PUTRA JAYUSA
2300014826;BI-FAST CR TRANSFER DR 022 ARGHA KARYA PRIMA
2300015168;BI-FAST CR TRANSFER DR 008 RAYYAN IDHO NAHDI
2300017034;BI-FAST CR TRANSFER DR 002 TEZAR MAULANA ZAKY
2300001305;BI-FAST CR TRANSFER DR 008 RAJA RASA ALAMI
2300008929;BI-FAST CR TRANSFER DR 008 YUDHO WANDONO ANGG
2300014786;BI-FAST CR TRANSFER DR 002 HAVA CREATION INTE
2300014786;BI-FAST CR TRANSFER DR 002 HAVA CREATION INTE
2300017302;BI-FAST CR TRANSFER DR 008 BERTHA LIDYANA
2300017183;BI-FAST CR TRANSFER DR 008 RANI INDRIANI
2300015533;BI-FAST CR TRANSFER DR 008 POLARIS INSTRUMENT
2300016751;BI-FAST CR TRANSFER DR 008 YOSKA LESMANA
2300015938;BI-FAST CR TRANSFER DR 008 MUHAMMAD BACHTIAR
2300007218;BI-FAST CR TRANSFER DR 111 WAHYUNI
2300011171;BI-FAST CR TRANSFER DR 002 PUNCAK LEMBAH HIJA
2300009183;BI-FAST CR TRANSFER DR 501 Diajeng Nurulita N
2300016483;BI-FAST CR TRANSFER DR 008 INDAH RAHAYU
2300016665;BI-FAST CR TRANSFER DR 008 OCTAVIANI
2300012886;BI-FAST CR TRANSFER DR 008 JOHANES JETHRO NUG
2300007137;BI-FAST CR TRANSFER DR 032 PT Kerry Ingredien
2300010936;BI-FAST CR TRANSFER DR 022 KAKIATNA AGRO INDO
2300010936;BI-FAST CR TRANSFER DR 022 KAKIATNA AGRO INDO
2300017123;BI-FAST CR TRANSFER DR 008 I GST AYU AGUNG MA
2300007109;BI-FAST CR TRANSFER DR 028 MAXIM JAYADI ABADI
2300007109;BI-FAST CR TRANSFER DR 028 MAXIM JAYADI ABADI
2300016906;BI-FAST CR TRANSFER DR 008 WAHYU KURNIA
2300016423;BI-FAST CR TRANSFER DR 008 DEA UMYATI
2300015495;BI-FAST CR TRANSFER DR 002 PT CERITA RASA KIT
2300015495;BI-FAST CR TRANSFER DR 002 PT CERITA RASA KIT
2300015495;BI-FAST CR TRANSFER DR 002 PT CERITA RASA KIT
2300016737;BI-FAST CR TRANSFER DR 501 Richelle Briana Ha
2300017351;BI-FAST CR TRANSFER DR 535 VANIA YUSPANDI
2300017168;BI-FAST CR TRANSFER DR 022 KREASI ABADI SELAR
2300007488;BI-FAST CR TRANSFER DR 494 Ponco Sunarto
2300007488;BI-FAST CR TRANSFER DR 494 Ponco Sunarto
2300015755;BI-FAST CR TRANSFER DR 535 AWANGGA
2300018564;BI-FAST CR TRANSFER DR 002 MULTI ALAM NUSANTA
2300016092;BI-FAST CR TRANSFER DR 002 BULAN BINTOEN MATA
2300015106;BI-FAST CR TRANSFER DR 002 NOVITASARI
2300009183;BI-FAST CR TRANSFER DR 501 Diajeng Nurulita N
2300009183;BI-FAST CR TRANSFER DR 501 Diajeng Nurulita N
2300009183;BI-FAST CR TRANSFER DR 501 Diajeng Nurulita N
2300009183;BI-FAST CR TRANSFER DR 501 Diajeng Nurulita N
2300009183;BI-FAST CR TRANSFER DR 501 Diajeng Nurulita N
2300018564;BI-FAST CR TRANSFER DR 002 MULTI ALAM NUSANTA
2300016628;BI-FAST CR TRANSFER DR 002 ANDRI WICAKSONO
2300017361;BI-FAST CR TRANSFER DR 002 MADISON PRIMABOGA
2300008929;BI-FAST CR TRANSFER DR 008 YUDHO WANDONO ANGG
2300015195;BI-FAST CR TRANSFER DR 002 NI KETUT ASTUTY
2300016032;BI-FAST CR TRANSFER DR 451 STEVIFEBRIANTO
2300017086;BI-FAST CR TRANSFER DR 008 AMELIA MUSTIKA ERM
2300012427;BI-FAST CR TRANSFER DR 002 FLIPTECH LENTERA I
2300015203;BI-FAST CR TRANSFER DR 022 GENESIS INDONESIA
2300015203;BI-FAST CR TRANSFER DR 022 GENESIS INDONESIA
2300015203;BI-FAST CR TRANSFER DR 022 GENESIS INDONESIA
2300015203;BI-FAST CR TRANSFER DR 022 GENESIS INDONESIA
DISTRIBUTOR GREENFIELDS;BI-FAST CR TRANSFER DR 022 CLASSIC FINE FOODS
2300017209;BI-FAST CR TRANSFER DR 013 WIKI ARDIANSYAH
2300012940;BI-FAST CR TRANSFER DR 008 SELLY STEPANI
2300015155;BI-FAST CR TRANSFER DR 008 FIRDAUS NIKMATULLA
2300012427;BI-FAST CR TRANSFER DR 002 FLIPTECH LENTERA I
2300012585;BI-FAST CR TRANSFER DR 008 KELVIN GERALD M.BA
2300010531;BI-FAST CR TRANSFER DR 022 SEPULUH SEPULUH ST
2300010687;BI-FAST CR TRANSFER DR 002 AGUNG PRASETYO
2300014856;BI-FAST CR TRANSFER DR 008 MUHAMAD IRFAN M
2300016664;BI-FAST CR TRANSFER DR 008 BERKAH BOGA MANDIR
2300016664;BI-FAST CR TRANSFER DR 008 BERKAH BOGA MANDIR
2300013033;BI-FAST CR TRANSFER DR 008 LIZA ASTRINA DEVI
2300007287;BI-FAST CR TRANSFER DR 523 DPOD Copper Group
2300000838;BI-FAST CR TRANSFER DR 022 KITCHENETTE LESTAR
2300010936;BI-FAST CR TRANSFER DR 022 KAKIATNA AGRO INDO
2300010936;BI-FAST CR TRANSFER DR 022 KAKIATNA AGRO INDO
2300017157;BI-FAST CR TRANSFER DR 022 YANG MUDA MAKMUR
2300014642;BI-FAST CR TRANSFER DR 542 VITA DIAN PUTRI
2300014642;BI-FAST CR TRANSFER DR 542 VITA DIAN PUTRI
2300016039;BI-FAST CR TRANSFER DR 535 LITA FEBRIANTY SUH
2300016039;BI-FAST CR TRANSFER DR 535 LITA FEBRIANTY SUH
2300015833;BI-FAST CR TRANSFER DR 009 ANDHIKA NUR PRATAM
2300016751;BI-FAST CR TRANSFER DR 008 YOSKA LESMANA
2300015797;BI-FAST CR TRANSFER DR 523 Dari Bloomery Seka
2300016623;BI-FAST CR TRANSFER DR 535 RATIH
2300000838;BI-FAST CR TRANSFER DR 022 KITCHENETTE LESTAR
2300017256;BI-FAST CR TRANSFER DR 542 DENIS PRIMA PUTRA
2300012940;BI-FAST CR TRANSFER DR 008 SELLY STEPANI
2300015181;BI-FAST CR TRANSFER DR 002 WISMA KANTA UTAMA
2300017037;BI-FAST CR TRANSFER DR 451 NURULHUMAIROH
2300010936;BI-FAST CR TRANSFER DR 022 KAKIATNA AGRO INDO
2300010936;BI-FAST CR TRANSFER DR 022 KAKIATNA AGRO INDO
2300010936;BI-FAST CR TRANSFER DR 022 KAKIATNA AGRO INDO
2300015610;BI-FAST CR TRANSFER DR 002 PT ANAGATA TEANOLO
2300015931;BI-FAST CR TRANSFER DR 028 ISYE FITRIYULIASTU
2300015799;BI-FAST CR TRANSFER DR 542 HENNY
2300008929;BI-FAST CR TRANSFER DR 008 YUDHO WANDONO ANGG
2300013666;BI-FAST CR TRANSFER DR 002 GITA DJOEANG SEJAH
2300016249;BI-FAST CR TRANSFER DR 008 TAFIA PUTRI S. RAM
2300016568;BI-FAST CR TRANSFER DR 523 DPOD Esteh Indones
2300017252;BI-FAST CR TRANSFER DR 008 DINASTI BOGA NUSAN
2300016533;BI-FAST CR TRANSFER DR 009 FAISAL HAFIZ MAHAK
DISTRIBUTOR GREENFIELDS;BI-FAST CR TRANSFER DR 008 INTAN SUKSES INSPI
2300015630;BI-FAST CR TRANSFER DR 002 DINI INDRIYANI
2300015249;BI-FAST CR TRANSFER DR 008 HAYKAL DZAKRY WIDJ
2000066431;BI-FAST CR TRANSFER DR 008 YUMMY FOOD UTAMA
2300013646;BI-FAST CR TRANSFER DR 008 LAILUL MUFARIDAH
2300017123;BI-FAST CR TRANSFER DR 008 I GST AYU AGUNG MA
2300013646;BI-FAST CR TRANSFER DR 008 LAILUL MUFARIDAH
2300016062;BI-FAST CR TRANSFER DR 008 CAHAYA INDAH ASIA
2300008691;BI-FAST CR TRANSFER DR 022 HERBERT TANUDJAJA
2300016890;BI-FAST CR TRANSFER DR 002 MOHAMAD FIRMAN SYA
2300012886;BI-FAST CR TRANSFER DR 008 JOHANES JETHRO NUG
2300017192;BI-FAST CR TRANSFER DR 008 OKA FRANSISKA
DISTRIBUTOR GREENFIELDS;BI-FAST CR TRANSFER DR 153 CV BARU TANJAKAN
2300015997;BI-FAST CR TRANSFER DR 022 DEANDI PRIMOSAPUTE
2300016201;BI-FAST CR TRANSFER DR 028 FENNY
2300017302;BI-FAST CR TRANSFER DR 008 BERTHA LIDYANA
2300015484;BI-FAST CR TRANSFER DR 002 TRIAN ADI PURNAMA
2300008929;BI-FAST CR TRANSFER DR 008 YUDHO WANDONO ANGG
2300016033;BI-FAST CR TRANSFER DR 002 SION TRADING LINE
2300016591;BI-FAST CR TRANSFER DR 002 PROMART BKN
2300011370;BI-FAST CR TRANSFER DR 023 WANATA JAYA CIPTA,
2300017360;BI-FAST CR TRANSFER DR 008 AMELIA SAVITRI
2300007109;BI-FAST CR TRANSFER DR 028 MAXIM JAYADI ABADI
2300007109;BI-FAST CR TRANSFER DR 028 MAXIM JAYADI ABADI
2300013152;BI-FAST CR TRANSFER DR 426 GABRIELLA ASTITI H
2300015484;BI-FAST CR TRANSFER DR 002 BOBBY GUNAWAN
2300008706;BI-FAST CR TRANSFER DR 008 ESTI NOVIASARI
2300007137;BI-FAST CR TRANSFER DR 032 PT Kerry Ingredien
2300010687;BI-FAST CR TRANSFER DR 002 AGUNG PRASETYO
2300017279;BI-FAST CR TRANSFER DR 008 RAHMAT GOZALI
2300017252;BI-FAST CR TRANSFER DR 008 DINASTI BOGA NUSAN
2300010936;BI-FAST CR TRANSFER DR 022 KAKIATNA AGRO INDO
2300010936;BI-FAST CR TRANSFER DR 022 KAKIATNA AGRO INDO
2300015912;BI-FAST CR TRANSFER DR 008 YUDHI MALIK ALFRID
2300017156;BI-FAST CR TRANSFER DR 028 RIVA LAURITZ
2300014669;BI-FAST CR TRANSFER DR 002 WANTI NUR CAHYANI
2300012427;BI-FAST CR TRANSFER DR 002 FLIPTECH LENTERA I
2300014400;BI-FAST CR TRANSFER DR 002 FILOSOFI KOPI SEJA
2300015495;BI-FAST CR TRANSFER DR 002 PT CERITA RASA KIT
2300015168;BI-FAST CR TRANSFER DR 008 RAYYAN IDHO NAHDI
2300012026;BI-FAST CR TRANSFER DR 002 SRI WAHYUNI
2300012399;BI-FAST CR TRANSFER DR 022 TIGA KAWA MITRA
2300015444;BI-FAST CR TRANSFER DR 002 MUADZ HARUN
2300014642;BI-FAST CR TRANSFER DR 542 VITA DIAN PUTRI
2300015444;BI-FAST CR TRANSFER DR 002 MUADZ HARUN
2300012456;BI-FAST CR TRANSFER DR 002 RINO BAGUS PRASETY
2300015278;BI-FAST CR TRANSFER DR 022 ALAM KAWA MITRA
2300015723;BI-FAST CR TRANSFER DR 009 SIMSEM PAYROLL BNI
2300008929;BI-FAST CR TRANSFER DR 008 YUDHO WANDONO ANGG
2300016215;BI-FAST CR TRANSFER DR 002 ACHMAD JUPRI
2300009726;BI-FAST CR TRANSFER DR 523 DPOD Bloom Ngopi I
2300015203;BI-FAST CR TRANSFER DR 022 GENESIS INDONESIA
2300015203;BI-FAST CR TRANSFER DR 022 GENESIS INDONESIA
2300015203;BI-FAST CR TRANSFER DR 022 GENESIS INDONESIA
2300015203;BI-FAST CR TRANSFER DR 022 GENESIS INDONESIA
2300015203;BI-FAST CR TRANSFER DR 022 GENESIS INDONESIA
2300009307;BI-FAST CR TRANSFER DR 009 SATRIA MAJU BERSAM
2300016259;BI-FAST CR TRANSFER DR 008 HANA RIZKA EFRILIA
DISTRIBUTOR GREENFIELDS;BI-FAST CR TRANSFER DR 451 PTKELOLAPANGANINDO
2300015633;BI-FAST CR TRANSFER DR 028 GABRIELLA GUSTIAWA
2300017034;BI-FAST CR TRANSFER DR 002 TEZAR MAULANA ZAKY
2300015328;BI-FAST CR TRANSFER DR 548 JOHANNES BENJAMIN
2300017078;BI-FAST CR TRANSFER DR 501 Rafly Rihza Arrohi
2300015661;BI-FAST CR TRANSFER DR 002 FAHREZA DUTA PERKA
2300012106;BI-FAST CR TRANSFER DR 213 EVIELINA HERMAWATY
2300015237;BI-FAST CR TRANSFER DR 523 DPOD Indola Jaya A
2300004686;BI-FAST CR TRANSFER DR 523 DPOD Pt Selera Suk
2300013202;BI-FAST CR TRANSFER DR 002 KOPEGBRINS SEJAHTE
2300011171;BI-FAST CR TRANSFER DR 002 PUNCAK LEMBAH HIJA
2300016665;BI-FAST CR TRANSFER DR 008 OCTAVIANI
2300013207;BI-FAST CR TRANSFER DR 002 Q-THA SURYA PRATAM
2300016664;BI-FAST CR TRANSFER DR 008 BERKAH BOGA MANDIR
2300016664;BI-FAST CR TRANSFER DR 008 BERKAH BOGA MANDIR
2300010936;BI-FAST CR TRANSFER DR 022 KAKIATNA AGRO INDO
2300010936;BI-FAST CR TRANSFER DR 022 KAKIATNA AGRO INDO
2300016423;BI-FAST CR TRANSFER DR 008 DEA UMYATI
2300016538;BI-FAST CR TRANSFER DR 002 MUTAALIDA
2300012980;BI-FAST CR TRANSFER DR 002 AFRIDA FATHARANI
2300016751;BI-FAST CR TRANSFER DR 008 YOSKA LESMANA
2300016092;BI-FAST CR TRANSFER DR 002 BULAN BINTOEN MATA
2300009646;BI-FAST CR TRANSFER DR 213 OVI TERAYANA DHARM
2300015977;BI-FAST CR TRANSFER DR 008 BERKAT INTI SELARA
2300015833;BI-FAST CR TRANSFER DR 009 ANDHIKA NUR PRATAM
2300008929;BI-FAST CR TRANSFER DR 008 YUDHO WANDONO ANGG
2300011554;BI-FAST CR TRANSFER DR 009 ADIRAI SUMBER REJE
2300011554;BI-FAST CR TRANSFER DR 009 ADIRAI SUMBER REJE
2300012940;BI-FAST CR TRANSFER DR 008 SELLY STEPANI
2300016297;BI-FAST CR TRANSFER DR 008 GUNAWAN
2300017030;BI-FAST CR TRANSFER DR 008 ALI HASANUDIN
2300012427;BI-FAST CR TRANSFER DR 002 FLIPTECH LENTERA I
2300010687;BI-FAST CR TRANSFER DR 002 AGUNG PRASETYO
2300012521;BI-FAST CR TRANSFER DR 008 MUTHOHAROH
2300015797;BI-FAST CR TRANSFER DR 523 Dari Bloomery Seka
2300010936;BI-FAST CR TRANSFER DR 022 KAKIATNA AGRO INDO
2300010936;BI-FAST CR TRANSFER DR 022 KAKIATNA AGRO INDO
2300010936;BI-FAST CR TRANSFER DR 022 KAKIATNA AGRO INDO
2300015533;BI-FAST CR TRANSFER DR 008 POLARIS INSTRUMENT
2300015181;BI-FAST CR TRANSFER DR 002 WISMA KANTA UTAMA
2300008840;BI-FAST CR TRANSFER DR 002 FLIPTECH LENTERA I
2300017221;BI-FAST CR TRANSFER DR 022 RATNA EKOWATI
2300016742;BI-FAST CR TRANSFER DR 008 DENI ARAHMAN
2300014642;BI-FAST CR TRANSFER DR 542 VITA DIAN PUTRI
2300014642;BI-FAST CR TRANSFER DR 542 VITA DIAN PUTRI
2300018389;BI-FAST CR TRANSFER DR 008 GLOBAL SINERGI INV
2300017157;BI-FAST CR TRANSFER DR 022 YANG MUDA MAKMUR
2300017156;BI-FAST CR TRANSFER DR 028 RIVA LAURITZ
2300006571;BI-FAST CR TRANSFER DR 009 PISON ANUGERAH PR
2300015530;BI-FAST CR TRANSFER DR 009 PISON RESTOKOPI PR
2300011370;BI-FAST CR TRANSFER DR 023 WANATA JAYA CIPTA,
2300013650;BI-FAST CR TRANSFER DR 009 SIMSEM PAYROLL BNI
2300017037;BI-FAST CR TRANSFER DR 451 NURULHUMAIROH
2300012427;BI-FAST CR TRANSFER DR 002 FLIPTECH LENTERA I
2300008929;BI-FAST CR TRANSFER DR 008 YUDHO WANDONO ANGG
2300015095;BI-FAST CR TRANSFER DR 008 ASTHA BUMI INDAH
2300012396;BI-FAST CR TRANSFER DR 523 DPOD Bake Butter 1
2300016890;BI-FAST CR TRANSFER DR 002 MOHAMAD FIRMAN SYA
2300017279;BI-FAST CR TRANSFER DR 008 RAHMAT GOZALI
2300015250;BI-FAST CR TRANSFER DR 008 AKMAL RIFQY FIRDAU
2300016665;BI-FAST CR TRANSFER DR 008 OCTAVIANI
2300015755;BI-FAST CR TRANSFER DR 535 AWANGGA
2300006204;BI-FAST CR TRANSFER DR 535 SARMAIDA MANURUNG
2300012396;BI-FAST CR TRANSFER DR 523 DPOD Bake Butter 1
2300007137;BI-FAST CR TRANSFER DR 032 PT Kerry Ingredien
2300017389;BI-FAST CR TRANSFER DR 008 ANANDA EKA WIJAYA
2300017389;BI-FAST CR TRANSFER DR 008 ANANDA EKA WIJAYA
2300014400;BI-FAST CR TRANSFER DR 002 FILOSOFI KOPI SEJA
2300016903;BI-FAST CR TRANSFER DR 494 Andi Asnawanti Sos
2300012368;BI-FAST CR TRANSFER DR 523 DPOD Pt Bumi Berka
2300012368;BI-FAST CR TRANSFER DR 523 DPOD Pt Bumi Berka
2300017418;BI-FAST CR TRANSFER DR 028 INDONESIA MANAJEME
2300015155;BI-FAST CR TRANSFER DR 008 FIRDAUS NIKMATULLA
2300010936;BI-FAST CR TRANSFER DR 022 KAKIATNA AGRO INDO
2300010936;BI-FAST CR TRANSFER DR 022 KAKIATNA AGRO INDO
2300010936;BI-FAST CR TRANSFER DR 022 KAKIATNA AGRO INDO
2300015938;BI-FAST CR TRANSFER DR 008 MUHAMMAD BACHTIAR
2300011548;BI-FAST CR TRANSFER DR 009 BAYU MANDALA PUTRA
2300012399;BI-FAST CR TRANSFER DR 022 TIGA KAWA MITRA
2300012427;BI-FAST CR TRANSFER DR 002 FLIPTECH LENTERA I
2300008691;BI-FAST CR TRANSFER DR 022 HERBERT TANUDJAJA
2300016092;BI-FAST CR TRANSFER DR 002 BULAN BINTOEN MATA
2300017297;BI-FAST CR TRANSFER DR 022 TAPIN COAL TERMINA
2300017123;BI-FAST CR TRANSFER DR 008 I GST AYU AGUNG MA
2300009307;BI-FAST CR TRANSFER DR 009 SATRIA MAJU BERSAM
2300008929;BI-FAST CR TRANSFER DR 008 YUDHO WANDONO ANGG
2300015203;BI-FAST CR TRANSFER DR 022 GENESIS INDONESIA
2300015203;BI-FAST CR TRANSFER DR 022 GENESIS INDONESIA
2300016883;BI-FAST CR TRANSFER DR 002 PT BUGAR JIWA RAGA
2300017006;BI-FAST CR TRANSFER DR 002 UCI SANUSI
DISTRIBUTOR GREENFIELDS;BI-FAST CR TRANSFER DR 022 CLASSIC FINE FOODS
2300016362;BI-FAST CR TRANSFER DR 008 IMRON WAHYUDI
2300016362;BI-FAST CR TRANSFER DR 008 IMRON WAHYUDI
2300009634;BI-FAST CR TRANSFER DR 008 BERNARDO HALIM
2300014669;BI-FAST CR TRANSFER DR 002 WANTI NUR CAHYANI
2300015297;BI-FAST CR TRANSFER DR 008 NYDI CITRA ASARA S
2300012456;BI-FAST CR TRANSFER DR 002 RINO BAGUS PRASETY
2300013780;BI-FAST CR TRANSFER DR 008 JEDO ABADI LESTARI
2300016483;BI-FAST CR TRANSFER DR 008 INDAH RAHAYU
2300016538;BI-FAST CR TRANSFER DR 002 MUTAALIDA
2300010687;BI-FAST CR TRANSFER DR 002 AGUNG PRASETYO
2300016664;BI-FAST CR TRANSFER DR 008 BERKAH BOGA MANDIR
2300016664;BI-FAST CR TRANSFER DR 008 BERKAH BOGA MANDIR
2300011768;BI-FAST CR TRANSFER DR 031 PT TRAVELOKA INDON
2300014697;BI-FAST CR TRANSFER DR 031 PT TRINUSA TRAVELI
2300008929;BI-FAST CR TRANSFER DR 008 YUDHO WANDONO ANGG
2300010936;BI-FAST CR TRANSFER DR 022 KAKIATNA AGRO INDO
2300010936;BI-FAST CR TRANSFER DR 022 KAKIATNA AGRO INDO
2300017010;BI-FAST CR TRANSFER DR 008 GUMI KARYA NISKALA
2300017010;BI-FAST CR TRANSFER DR 008 GUMI KARYA NISKALA
2300017168;BI-FAST CR TRANSFER DR 022 KREASI ABADI SELAR
2300012886;BI-FAST CR TRANSFER DR 008 JOHANES JETHRO NUG
2300017252;BI-FAST CR TRANSFER DR 008 DINASTI BOGA NUSAN
2300016423;BI-FAST CR TRANSFER DR 002 DEA UMYATI
2300016562;BI-FAST CR TRANSFER DR 008 MAKY GROUP INDONES
2300016562;BI-FAST CR TRANSFER DR 008 MAKY GROUP INDONES
2300015977;BI-FAST CR TRANSFER DR 008 BERKAT INTI SELARA
2300016483;BI-FAST CR TRANSFER DR 008 INDAH RAHAYU
2300012801;BI-FAST CR TRANSFER DR 008 UMIATY HASANAH
2300016623;BI-FAST CR TRANSFER DR 535 RATIH
2300011171;BI-FAST CR TRANSFER DR 002 PUNCAK LEMBAH HIJA
2300016623;BI-FAST CR TRANSFER DR 535 RATIH
2300015435;BI-FAST CR TRANSFER DR 008 PUTRA JAYUSA
2300015195;BI-FAST CR TRANSFER DR 002 NI KETUT ASTUTY
DISTRIBUTOR GREENFIELDS;BI-FAST CR TRANSFER DR 451 PTKELOLAPANGANINDO
DISTRIBUTOR GREENFIELDS;BI-FAST CR TRANSFER DR 008 KELOLA PANGAN INDO
2300016249;BI-FAST CR TRANSFER DR 008 TAFIA PUTRI S. RAM
2300016533;BI-FAST CR TRANSFER DR 009 FAISAL HAFIZ MAHAK
2300017302;BI-FAST CR TRANSFER DR 008 BERTHA LIDYANA
2300012106;BI-FAST CR TRANSFER DR 213 EVIELINA HERMAWATY
2300012521;BI-FAST CR TRANSFER DR 008 MUTHOHAROH
2300008929;BI-FAST CR TRANSFER DR 008 YUDHO WANDONO ANGG
2300010936;BI-FAST CR TRANSFER DR 022 KAKIATNA AGRO INDO
2300010936;BI-FAST CR TRANSFER DR 022 KAKIATNA AGRO INDO
2300010936;BI-FAST CR TRANSFER DR 022 KAKIATNA AGRO INDO
2300015799;BI-FAST CR TRANSFER DR 542 HENNY
2300017183;BI-FAST CR TRANSFER DR 008 RANI INDRIANI
2300018022;BI-FAST CR TRANSFER DR 009 AGUS ARIYANTI
2300014669;BI-FAST CR TRANSFER DR 002 WANTI NUR CAHYANI
2300016751;BI-FAST CR TRANSFER DR 008 YOSKA LESMANA
2300016837;BI-FAST CR TRANSFER DR 426 MAWAR SARI MAKMUR
2300015237;BI-FAST CR TRANSFER DR 523 DPOD Indola Jaya A
2300017409;BI-FAST CR TRANSFER DR 008 SARAH AFIFAH AZ ZA
2300014642;BI-FAST CR TRANSFER DR 542 VITA DIAN PUTRI
2300014642;BI-FAST CR TRANSFER DR 542 VITA DIAN PUTRI
2300017209;BI-FAST CR TRANSFER DR 013 WIKI ARDIANSYAH
2300015249;BI-FAST CR TRANSFER DR 008 HAYKAL DZAKRY WIDJ
2300007109;BI-FAST CR TRANSFER DR 028 MAXIM JAYADI ABADI
2300007109;BI-FAST CR TRANSFER DR 028 MAXIM JAYADI ABADI
2300017034;BI-FAST CR TRANSFER DR 002 TEZAR MAULANA ZAKY
2300012026;BI-FAST CR TRANSFER DR 002 SRI WAHYUNI
2300015444;BI-FAST CR TRANSFER DR 002 MUADZ HARUN
2300007488;BI-FAST CR TRANSFER DR 494 Ponco Sunarto
2300007488;BI-FAST CR TRANSFER DR 494 Ponco Sunarto
2300007488;BI-FAST CR TRANSFER DR 494 Ponco Sunarto
2300016665;BI-FAST CR TRANSFER DR 008 OCTAVIANI
2300001056;BI-FAST CR TRANSFER DR 008 GEETEE ROSEN TANUW
2300011171;BI-FAST CR TRANSFER DR 002 PUNCAK LEMBAH HIJA
DISTRIBUTOR GREENFIELDS;BI-FAST CR TRANSFER DR 153 CV BARU TANJAKAN
2300007137;BI-FAST CR TRANSFER DR 032 PT Kerry Ingredien
2300017351;BI-FAST CR TRANSFER DR 535 VANIA YUSPANDI
2300015777;BI-FAST CR TRANSFER DR 008 ROSSI SOFIA HARDIN
2300012368;BI-FAST CR TRANSFER DR 523 DPOD Pt Bumi Berka
2300015833;BI-FAST CR TRANSFER DR 009 ANDHIKA NUR PRATAM
2300017156;BI-FAST CR TRANSFER DR 028 RIVA LAURITZ
2300017439;BI-FAST CR TRANSFER DR 009 HARITZYA AZKA ZHAV
2300017530;BI-FAST CR TRANSFER DR 002 DAPUR BOGA LESTARI
2300012952;BI-FAST CR TRANSFER DR 484 FRANCISCA
2300016935;BI-FAST CR TRANSFER DR 009 TOBA BINTANG JAYA
2300010936;BI-FAST CR TRANSFER DR 022 KAKIATNA AGRO INDO
2300010936;BI-FAST CR TRANSFER DR 022 KAKIATNA AGRO INDO
2300010936;BI-FAST CR TRANSFER DR 022 KAKIATNA AGRO INDO
2300012368;BI-FAST CR TRANSFER DR 523 DPOD Pt Bumi Berka
2300015533;BI-FAST CR TRANSFER DR 008 POLARIS INSTRUMENT
2300011370;BI-FAST CR TRANSFER DR 023 WANATA JAYA CIPTA,
2300015630;BI-FAST CR TRANSFER DR 002 DINI INDRIYANI
2300015661;BI-FAST CR TRANSFER DR 002 FAHREZA DUTA PERKA
2300014400;BI-FAST CR TRANSFER DR 002 FILOSOFI KOPI SEJA
2300017289;BI-FAST CR TRANSFER DR 002 MITRA DAGANG MADAN
2300015495;BI-FAST CR TRANSFER DR 008 CERITA RASA KITA
2300017078;BI-FAST CR TRANSFER DR 501 Rafly Rihza Arrohi
2300008691;BI-FAST CR TRANSFER DR 022 HERBERT TANUDJAJA
2300007137;BI-FAST CR TRANSFER DR 032 PT Kerry Ingredien
2300016422;BI-FAST CR TRANSFER DR 008 MUHAMAD ARIGHI
2300016623;BI-FAST CR TRANSFER DR 535 RATIH
2300013202;BI-FAST CR TRANSFER DR 002 KOPEGBRINS SEJAHTE
2300008691;BI-FAST CR TRANSFER DR 022 HERBERT TANUDJAJA
2300015484;BI-FAST CR TRANSFER DR 002 TRIAN ADI PURNAMA
2300017265;BI-FAST CR TRANSFER DR 022 VISI OTO LANGGENG
2300017279;BI-FAST CR TRANSFER DR 008 RAHMAT GOZALI
2300009307;BI-FAST CR TRANSFER DR 009 SATRIA MAJU BERSAM
2300017037;BI-FAST CR TRANSFER DR 451 NURULHUMAIROH
2300015203;BI-FAST CR TRANSFER DR 022 GENESIS INDONESIA
2300015203;BI-FAST CR TRANSFER DR 022 GENESIS INDONESIA
DISTRIBUTOR GREENFIELDS;BI-FAST CR TRANSFER DR 022 CLASSIC FINE FOODS
2300005478;BI-FAST CR TRANSFER DR 022 FILOSOFI ADIDAYA I
2300005478;BI-FAST CR TRANSFER DR 022 FILOSOFI ADIDAYA I
2300005478;BI-FAST CR TRANSFER DR 022 FILOSOFI ADIDAYA I
2300016215;BI-FAST CR TRANSFER DR 002 ACHMAD JUPRI
2300017093;BI-FAST CR TRANSFER DR 008 DEWA KOPI INDONESI
2300010687;BI-FAST CR TRANSFER DR 002 AGUNG PRASETYO
2300015797;BI-FAST CR TRANSFER DR 523 Dari Bloomery Seka
2300012521;BI-FAST CR TRANSFER DR 008 MUTHOHAROH
2300015095;BI-FAST CR TRANSFER DR 008 ASTHA BUMI INDAH
2300013780;BI-FAST CR TRANSFER DR 008 JEDO ABADI LESTARI
2300008929;BI-FAST CR TRANSFER DR 008 YUDHO WANDONO ANGG
2300017408;BI-FAST CR TRANSFER DR 002 PT SELARAS RASA IN
2300016092;BI-FAST CR TRANSFER DR 002 BULAN BINTOEN MATA
2300010953;BI-FAST CR TRANSFER DR 008 ARIFIN
2300016664;BI-FAST CR TRANSFER DR 008 BERKAH BOGA MANDIR
2300016259;BI-FAST CR TRANSFER DR 008 HANA RIZKA EFRILIA
2300000838;BI-FAST CR TRANSFER DR 022 KITCHENETTE LESTAR
2300015181;BI-FAST CR TRANSFER DR 002 WISMA KANTA UTAMA
2300017944;BI-FAST CR TRANSFER DR 535 SILVIA
2300001531;BI-FAST CR TRANSFER DR 087 YAYASAN BRITISH SC
2300011768;BI-FAST CR TRANSFER DR 031 PT TRAVELOKA INDON
2300014697;BI-FAST CR TRANSFER DR 031 PT TRINUSA TRAVELI
2300017334;BI-FAST CR TRANSFER DR 008 NAUFAL RAMADHAN
2300015889;BI-FAST CR TRANSFER DR 523 DPOD Endorphins 17
2300013646;BI-FAST CR TRANSFER DR 008 LAILUL MUFARIDAH
2300010936;BI-FAST CR TRANSFER DR 022 KAKIATNA AGRO INDO
2300010936;BI-FAST CR TRANSFER DR 022 KAKIATNA AGRO INDO
2300012171;BI-FAST CR TRANSFER DR 028 SUDO BREW NARATAMA
2300015155;BI-FAST CR TRANSFER DR 008 FIRDAUS NIKMATULLA
2300016423;BI-FAST CR TRANSFER DR 008 DEA UMYATI
2300017157;BI-FAST CR TRANSFER DR 022 YANG MUDA MAKMUR
DISTRIBUTOR GREENFIELDS;BI-FAST CR TRANSFER DR 008 INTAN SUKSES INSPI
2300015168;BI-FAST CR TRANSFER DR 008 RAYYAN IDHO NAHDI
2300013152;BI-FAST CR TRANSFER DR 426 GABRIELLA ASTITI H
2000064465;BI-FAST CR TRANSFER DR 002 INTI PRIMA RASA
2300009752;BI-FAST CR TRANSFER DR 028 ADICIPTA BOGA INTI
2300009752;BI-FAST CR TRANSFER DR 028 ADICIPTA BOGA INTI
2300009752;BI-FAST CR TRANSFER DR 028 ADICIPTA BOGA INTI
2300009752;BI-FAST CR TRANSFER DR 028 ADICIPTA BOGA INTI
2300009752;BI-FAST CR TRANSFER DR 028 ADICIPTA BOGA INTI
2300009752;BI-FAST CR TRANSFER DR 028 ADICIPTA BOGA INTI
2300009752;BI-FAST CR TRANSFER DR 028 ADICIPTA BOGA INTI
2300017252;BI-FAST CR TRANSFER DR 008 DINASTI BOGA NUSAN
2300016033;BI-FAST CR TRANSFER DR 002 SION TRADING LINE
2300013805;BI-FAST CR TRANSFER DR 008 KOENFAYADI
2300013207;BI-FAST CR TRANSFER DR 002 Q-THA SURYA PRATAM
2300004686;BI-FAST CR TRANSFER DR 523 DPOD Selera Sukses
2300011757;BI-FAST CR TRANSFER DR 009 A SITI AISYAH HUSN
2300017409;BI-FAST CR TRANSFER DR 008 SARAH AFIFAH AZ ZA
2300008929;BI-FAST CR TRANSFER DR 008 YUDHO WANDONO ANGG
2300015938;BI-FAST CR TRANSFER DR 008 MUHAMMAD BACHTIAR
2300016945;BI-FAST CR TRANSFER DR 008 RUMAH KULINER NUSA
2300015149;BI-FAST CR TRANSFER DR 008 WANGSA SEQUOIA GRO
2300016483;BI-FAST CR TRANSFER DR 008 INDAH RAHAYU
2300004695;BI-FAST CR TRANSFER DR 523 DPOD Cube Catering
2300015633;BI-FAST CR TRANSFER DR 028 GABRIELLA GUSTIAWA
2300014944;BI-FAST CR TRANSFER DR 153 CV MADI MARI BERJA
2300014854;BI-FAST CR TRANSFER DR 002 ROHMAT TAOPIK
2300009634;BI-FAST CR TRANSFER DR 008 BERNARDO HALIM
2300016032;BI-FAST CR TRANSFER DR 451 STEVIFEBRIANTO
2300012940;BI-FAST CR TRANSFER DR 008 SELLY STEPANI
2300015799;BI-FAST CR TRANSFER DR 542 HENNY
2300017089;BI-FAST CR TRANSFER DR 002 PT BOGA MANDALA SE
2300008929;BI-FAST CR TRANSFER DR 008 YUDHO WANDONO ANGG
2300010936;BI-FAST CR TRANSFER DR 022 KAKIATNA AGRO INDO
2300010936;BI-FAST CR TRANSFER DR 022 KAKIATNA AGRO INDO
2300010936;BI-FAST CR TRANSFER DR 022 KAKIATNA AGRO INDO
2300010936;BI-FAST CR TRANSFER DR 022 KAKIATNA AGRO INDO
2300016737;BI-FAST CR TRANSFER DR 501 Richelle Briana Ha
2300016737;BI-FAST CR TRANSFER DR 501 Richelle Briana Ha
2300013207;BI-FAST CR TRANSFER DR 002 Q-THA SURYA PRATAM
DISTRIBUTOR GREENFIELDS;BI-FAST CR TRANSFER DR 009 BERKAT LARIS GEMIL
2300015250;BI-FAST CR TRANSFER DR 008 AKMAL RIFQY FIRDAU
2300012940;BI-FAST CR TRANSFER DR 008 SELLY STEPANI
2300016603;BI-FAST CR TRANSFER DR 008 DWI PUSPITA ANGGRA
2300015997;BI-FAST CR TRANSFER DR 022 DEANDI PRIMOSAPUTE
2300014642;BI-FAST CR TRANSFER DR 542 VITA DIAN PUTRI
2300014642;BI-FAST CR TRANSFER DR 542 VITA DIAN PUTRI
2300015195;BI-FAST CR TRANSFER DR 002 NI KETUT ASTUTY
2300017389;BI-FAST CR TRANSFER DR 008 ANANDA EKA WIJAYA
2300017389;BI-FAST CR TRANSFER DR 008 ANANDA EKA WIJAYA
2300017034;BI-FAST CR TRANSFER DR 002 TEZAR MAULANA ZAKY
2300014548;BI-FAST CR TRANSFER DR 002 ERY WIDYSULISTYO
2300017530;BI-FAST CR TRANSFER DR 002 DAPUR BOGA LESTARI
2300014400;BI-FAST CR TRANSFER DR 002 FILOSOFI KOPI SEJA
2300015797;BI-FAST CR TRANSFER DR 523 Dari Bloomery Seka
2300012456;BI-FAST CR TRANSFER DR 002 RINO BAGUS PRASETY
2300008706;BI-FAST CR TRANSFER DR 008 ESTI NOVIASARI
2300016665;BI-FAST CR TRANSFER DR 008 OCTAVIANI
2300011171;BI-FAST CR TRANSFER DR 002 PUNCAK LEMBAH HIJA
2300007109;BI-FAST CR TRANSFER DR 028 MAXIM JAYADI ABADI
2300007109;BI-FAST CR TRANSFER DR 028 MAXIM JAYADI ABADI
2300007137;BI-FAST CR TRANSFER DR 032 PT Kerry Ingredien
2300014826;BI-FAST CR TRANSFER DR 022 ARGHA KARYA PRIMA
2300018389;BI-FAST CR TRANSFER DR 008 GLOBAL SINERGI INV
2300017344;BI-FAST CR TRANSFER DR 008 RAHMITA
2300016591;BI-FAST CR TRANSFER DR 002 PROMART BKN
2300017123;BI-FAST CR TRANSFER DR 008 I GST AYU AGUNG MA
2300008649;BI-FAST CR TRANSFER DR 523 DPOD Odelice Cafe
2300017400;BI-FAST CR TRANSFER DR 002 VIVI ANGELINA
2300012171;BI-FAST CR TRANSFER DR 009 ARFIN FERIANTO
2000066431;BI-FAST CR TRANSFER DR 008 YUMMY FOOD UTAMA
2300010936;BI-FAST CR TRANSFER DR 022 KAKIATNA AGRO INDO
2300010936;BI-FAST CR TRANSFER DR 022 KAKIATNA AGRO INDO
2300010936;BI-FAST CR TRANSFER DR 022 KAKIATNA AGRO INDO
2300017156;BI-FAST CR TRANSFER DR 028 RIVA LAURITZ
2300016122;BI-FAST CR TRANSFER DR 523 EXPAT Roasters
2300012368;BI-FAST CR TRANSFER DR 523 DPOD Pt Bumi Berka
2300012368;BI-FAST CR TRANSFER DR 523 DPOD Pt Bumi Berka
2300008929;BI-FAST CR TRANSFER DR 008 YUDHO WANDONO ANGG
2300015661;BI-FAST CR TRANSFER DR 002 FAHREZA DUTA PERKA
2300016935;BI-FAST CR TRANSFER DR 009 TOBA BINTANG JAYA
2300014933;BI-FAST CR TRANSFER DR 451 KOPKARSYAHBSIQQKRW
2300011768;BI-FAST CR TRANSFER DR 031 PT TRAVELOKA INDON
2300014697;BI-FAST CR TRANSFER DR 031 PT TRINUSA TRAVELI
2300011289;BI-FAST CR TRANSFER DR 008 NOVA ANGGRAINI
2300017400;BI-FAST CR TRANSFER DR 002 VIVI ANGELINA
2300016603;BI-FAST CR TRANSFER DR 008 DWI PUSPITA ANGGRA
2300010687;BI-FAST CR TRANSFER DR 002 AGUNG PRASETYO
2300015495;BI-FAST CR TRANSFER DR 008 CERITA RASA KITA
2300015203;BI-FAST CR TRANSFER DR 022 GENESIS INDONESIA
2300012886;BI-FAST CR TRANSFER DR 008 JOHANES JETHRO NUG
2300012886;BI-FAST CR TRANSFER DR 008 JOHANES JETHRO NUG
DISTRIBUTOR GREENFIELDS;BI-FAST CR TRANSFER DR 022 CLASSIC FINE FOODS
2300015533;BI-FAST CR TRANSFER DR 008 POLARIS INSTRUMENT
DISTRIBUTOR GREENFIELDS;BI-FAST CR TRANSFER DR 008 KELOLA PANGAN INDO
2300013016;BI-FAST CR TRANSFER DR 009 WAHYUDI
2300017409;BI-FAST CR TRANSFER DR 008 SARAH AFIFAH AZ ZA
2300004686;BI-FAST CR TRANSFER DR 523 DPOD Pt Selera Suk
2300016632;BI-FAST CR TRANSFER DR 008 OKTAVIANTI PUSPITA
2300015723;BI-FAST CR TRANSFER DR 009 SIMSEM PAYROLL BNI
2300009183;BI-FAST CR TRANSFER DR 501 Diajeng Nurulita N
2300009183;BI-FAST CR TRANSFER DR 501 Diajeng Nurulita N
2300007488;BI-FAST CR TRANSFER DR 494 Ponco Sunarto
2300014979;BI-FAST CR TRANSFER DR 008 ATON YULIANTO
2300015938;BI-FAST CR TRANSFER DR 008 MUHAMMAD BACHTIAR
2300016664;BI-FAST CR TRANSFER DR 008 BERKAH BOGA MANDIR
2300016664;BI-FAST CR TRANSFER DR 008 BERKAH BOGA MANDIR
2300016611;BI-FAST CR TRANSFER DR 022 RIA SRI WOELANDARI
2300016611;BI-FAST CR TRANSFER DR 022 RIA SRI WOELANDARI
2300016611;BI-FAST CR TRANSFER DR 022 RIA SRI WOELANDARI
2300015181;BI-FAST CR TRANSFER DR 008 WISMA KANTA UTAMA
2300008929;BI-FAST CR TRANSFER DR 008 YUDHO WANDONO ANGG
2300010936;BI-FAST CR TRANSFER DR 022 KAKIATNA AGRO INDO
2300010936;BI-FAST CR TRANSFER DR 022 KAKIATNA AGRO INDO
2300001305;BI-FAST CR TRANSFER DR 008 RAJA RASA ALAMI
2300017093;BI-FAST CR TRANSFER DR 008 DEWA KOPI INDONESI
2300010687;BI-FAST CR TRANSFER DR 002 AGUNG PRASETYO
DISTRIBUTOR GREENFIELDS;BI-FAST CR TRANSFER DR 008 INTAN SUKSES INSPI
2300015630;BI-FAST CR TRANSFER DR 002 DINI INDRIYANI
2300013646;BI-FAST CR TRANSFER DR 008 LAILUL MUFARIDAH
2300015833;BI-FAST CR TRANSFER DR 009 ANDHIKA NUR PRATAM
2300016623;BI-FAST CR TRANSFER DR 535 RATIH
2300015106;BI-FAST CR TRANSFER DR 002 NOVITASARI
2300015435;BI-FAST CR TRANSFER DR 008 PUTRA JAYUSA
2300009183;BI-FAST CR TRANSFER DR 501 Diajeng Nurulita N
2300009183;BI-FAST CR TRANSFER DR 501 Diajeng Nurulita N
2300009183;BI-FAST CR TRANSFER DR 501 Diajeng Nurulita N
2300009183;BI-FAST CR TRANSFER DR 501 Diajeng Nurulita N
2300009183;BI-FAST CR TRANSFER DR 501 Diajeng Nurulita N
DISTRIBUTOR GREENFIELDS;BI-FAST CR TRANSFER DR 153 CV BARU TANJAKAN
2300016538;BI-FAST CR TRANSFER DR 002 MUTAALIDA
2300008691;BI-FAST CR TRANSFER DR 022 HERBERT TANUDJAJA
2300017252;BI-FAST CR TRANSFER DR 008 DINASTI BOGA NUSAN
2300014642;BI-FAST CR TRANSFER DR 542 VITA DIAN PUTRI
2300014786;BI-FAST CR TRANSFER DR 002 HAVA CREATION INTE
2300018564;BI-FAST CR TRANSFER DR 002 MULTI ALAM NUSANTA
2300008691;BI-FAST CR TRANSFER DR 022 HERBERT TANUDJAJA
2300014083;BI-FAST CR TRANSFER DR 523 DPOD Topcare Carwa
2300016249;BI-FAST CR TRANSFER DR 008 TAFIA PUTRI S. RAM
2300016249;BI-FAST CR TRANSFER DR 008 TAFIA PUTRI S. RAM
2300015444;BI-FAST CR TRANSFER DR 002 MUADZ HARUN
2300017425;BI-FAST CR TRANSFER DR 008 AKHMAD RIZKY WICAK
2300008929;BI-FAST CR TRANSFER DR 008 YUDHO WANDONO ANGG
2300017437;BI-FAST CR TRANSFER DR 013 HELMI ZULFIKAR ALI
2300017262;BI-FAST CR TRANSFER DR 008 KOPERASI KONSUMEN
2300016215;BI-FAST CR TRANSFER DR 002 ACHMAD JUPRI
2000066431;BI-FAST CR TRANSFER DR 008 YUMMY FOOD UTAMA
2300015149;BI-FAST CR TRANSFER DR 008 WANGSA SEQUOIA GRO
2300013876;BI-FAST CR TRANSFER DR 002 COTTA TERRA PRIMA
2300016248;BI-FAST CR TRANSFER DR 008 DJUWITA FANYWATI S
2300016092;BI-FAST CR TRANSFER DR 002 BULAN BINTOEN MATA
2300015931;BI-FAST CR TRANSFER DR 028 ISYE FITRIYULIASTU
2300015127;BI-FAST CR TRANSFER DR 008 ANIS YULITA
2300010936;BI-FAST CR TRANSFER DR 022 KAKIATNA AGRO INDO
2300010936;BI-FAST CR TRANSFER DR 022 KAKIATNA AGRO INDO
2300017435;BI-FAST CR TRANSFER DR 002 NUNUNG SOBIATY
2300017530;BI-FAST CR TRANSFER DR 002 DAPUR BOGA LESTARI
2300016883;BI-FAST CR TRANSFER DR 002 PT BUGAR JIWA RAGA
2300016591;BI-FAST CR TRANSFER DR 002 PROMART BKN
2300012528;BI-FAST CR TRANSFER DR 008 PUSAKA SUTAN MUDO
2300012521;BI-FAST CR TRANSFER DR 008 MUTHOHAROH
2300006408;BI-FAST CR TRANSFER DR 535 SITI RAHMAWATI
2300016167;BI-FAST CR TRANSFER DR 008 HIOE MELANIE PRAST
2300017408;BI-FAST CR TRANSFER DR 002 PT SELARAS RASA IN
2300016665;BI-FAST CR TRANSFER DR 008 OCTAVIANI
2300015195;BI-FAST CR TRANSFER DR 002 NI KETUT ASTUTY
2300017302;BI-FAST CR TRANSFER DR 008 BERTHA LIDYANA
2300017262;BI-FAST CR TRANSFER DR 008 KOPERASI KONSUMEN
2300017262;BI-FAST CR TRANSFER DR 008 KOPERASI KONSUMEN
2300014669;BI-FAST CR TRANSFER DR 002 WANTI NUR CAHYANI
2300008929;BI-FAST CR TRANSFER DR 008 YUDHO WANDONO ANGG
2300014642;BI-FAST CR TRANSFER DR 542 VITA DIAN PUTRI
2300017389;BI-FAST CR TRANSFER DR 008 ANANDA EKA WIJAYA
2300017156;BI-FAST CR TRANSFER DR 028 RIVA LAURITZ
2300017156;BI-FAST CR TRANSFER DR 028 RIVA LAURITZ
2300015484;BI-FAST CR TRANSFER DR 002 TRIAN ADI PURNAMA
2300016533;BI-FAST CR TRANSFER DR 009 FAISAL HAFIZ MAHAK
2300007137;BI-FAST CR TRANSFER DR 032 PT Kerry Ingredien
2300017123;BI-FAST CR TRANSFER DR 008 I GST AYU AGUNG MA
2300016809;BI-FAST CR TRANSFER DR 008 SEGAR TIRTA UTAMA
2300015181;BI-FAST CR TRANSFER DR 008 WISMA KANTA UTAMA
2300007028;BI-FAST CR TRANSFER DR 013 RITA SUKMAWANGI,SE
2300016611;BI-FAST CR TRANSFER DR 022 RIA SRI WOELANDARI
2300016611;BI-FAST CR TRANSFER DR 022 RIA SRI WOELANDARI
2300016611;BI-FAST CR TRANSFER DR 022 RIA SRI WOELANDARI
2300016611;BI-FAST CR TRANSFER DR 022 RIA SRI WOELANDARI
2300016611;BI-FAST CR TRANSFER DR 022 RIA SRI WOELANDARI
2300016611;BI-FAST CR TRANSFER DR 022 RIA SRI WOELANDARI
2300010105;BI-FAST CR TRANSFER DR 008 KOPKAR MADANI ASTR
2300015495;BI-FAST CR TRANSFER DR 008 CERITA RASA KITA
2300015799;BI-FAST CR TRANSFER DR 542 HENNY
2300015799;BI-FAST CR TRANSFER DR 542 HENNY
2300011171;BI-FAST CR TRANSFER DR 002 PUNCAK LEMBAH HIJA
DISTRIBUTOR GREENFIELDS;BI-FAST CR TRANSFER DR 009 BERKAT LARIS GEMIL
2300013202;BI-FAST CR TRANSFER DR 002 KOPEGBRINS SEJAHTE
2300016092;BI-FAST CR TRANSFER DR 002 BULAN BINTOEN MATA
2300015250;BI-FAST CR TRANSFER DR 008 AKMAL RIFQY FIRDAU
2300017279;BI-FAST CR TRANSFER DR 008 RAHMAT GOZALI
2300009307;BI-FAST CR TRANSFER DR 009 SATRIA MAJU BERSAM
2300015155;BI-FAST CR TRANSFER DR 008 FIRDAUS NIKMATULLA
2300015203;BI-FAST CR TRANSFER DR 022 GENESIS INDONESIA
2300015203;BI-FAST CR TRANSFER DR 022 GENESIS INDONESIA
2300015203;BI-FAST CR TRANSFER DR 022 GENESIS INDONESIA
2300010936;BI-FAST CR TRANSFER DR 022 KAKIATNA AGRO INDO
2300010936;BI-FAST CR TRANSFER DR 022 KAKIATNA AGRO INDO
2300010936;BI-FAST CR TRANSFER DR 022 KAKIATNA AGRO INDO
2300011936;BI-FAST CR TRANSFER DR 008 RADITIO GHIFIARDI
2300012399;BI-FAST CR TRANSFER DR 022 TIGA KAWA MITRA
2300009752;BI-FAST CR TRANSFER DR 028 ADICIPTA BOGA INTI
2300009752;BI-FAST CR TRANSFER DR 028 ADICIPTA BOGA INTI
2300009752;BI-FAST CR TRANSFER DR 028 ADICIPTA BOGA INTI
2300016538;BI-FAST CR TRANSFER DR 002 MUTAALIDA
2300014400;BI-FAST CR TRANSFER DR 002 FILOSOFI KOPI SEJA
2300016664;BI-FAST CR TRANSFER DR 008 BERKAH BOGA MANDIR
2300014933;BI-FAST CR TRANSFER DR 451 KOPKARSYAHBSIQQKRW
2300000838;BI-FAST CR TRANSFER DR 022 KITCHENETTE LESTAR
2300014697;BI-FAST CR TRANSFER DR 031 PT TRINUSA TRAVELI
2300010687;BI-FAST CR TRANSFER DR 002 AGUNG PRASETYO
2300008691;BI-FAST CR TRANSFER DR 022 HERBERT TANUDJAJA
2300010936;BI-FAST CR TRANSFER DR 022 KAKIATNA AGRO INDO
2300016423;BI-FAST CR TRANSFER DR 008 DEA UMYATI
2300017168;BI-FAST CR TRANSFER DR 022 KREASI ABADI SELAR
2300010516;BI-FAST CR TRANSFER DR 022 DCIKA PRIMA MAHKOT
2300017221;BI-FAST CR TRANSFER DR 022 RATNA EKOWATI
2300018588;BI-FAST CR TRANSFER DR 501 Herlina. H.
2300017550;BI-FAST CR TRANSFER DR 008 SERLY DWIJAYANTI
2300015444;BI-FAST CR TRANSFER DR 002 MUADZ HARUN
2300013077;BI-FAST CR TRANSFER DR 009 SHINTA LYDIA SANUS
2300016997;BI-FAST CR TRANSFER DR 542 FEBRIAN LITHA AYU
2300008691;BI-FAST CR TRANSFER DR 022 HERBERT TANUDJAJA
2300011768;BI-FAST CR TRANSFER DR 031 PT TRAVELOKA INDON
2300006204;BI-FAST CR TRANSFER DR 008 SARMAIDA MANURUNG
2300010953;BI-FAST CR TRANSFER DR 008 ARIFIN
2300017034;BI-FAST CR TRANSFER DR 002 TEZAR MAULANA ZAKY
2300008929;BI-FAST CR TRANSFER DR 008 YUDHO WANDONO ANGG
2300012940;BI-FAST CR TRANSFER DR 008 SELLY STEPANI
2300015833;BI-FAST CR TRANSFER DR 009 ANDHIKA NUR PRATAM
2300016259;BI-FAST CR TRANSFER DR 008 HANA RIZKA EFRILIA
2300017192;BI-FAST CR TRANSFER DR 008 OKA FRANSISKA
2300011554;BI-FAST CR TRANSFER DR 009 ADIRAI SUMBER REJE
2300011554;BI-FAST CR TRANSFER DR 009 ADIRAI SUMBER REJE
2300013207;BI-FAST CR TRANSFER DR 002 Q-THA SURYA PRATAM
2300017409;BI-FAST CR TRANSFER DR 008 SARAH AFIFAH AZ ZA
2300016483;BI-FAST CR TRANSFER DR 008 INDAH RAHAYU
2300011757;BI-FAST CR TRANSFER DR 009 A SITI AISYAH HUSN
2300017078;BI-FAST CR TRANSFER DR 501 Rafly Rihza Arrohi
2300012106;BI-FAST CR TRANSFER DR 213 EVIELINA HERMAWATY
2300016751;BI-FAST CR TRANSFER DR 008 YOSKA LESMANA
2300012952;BI-FAST CR TRANSFER DR 484 FRANCISCA
2300016895;BI-FAST CR TRANSFER DR 008 NURUL WINANTI
2300016167;BI-FAST CR TRANSFER DR 008 HIOE MELANIE PRAST
2300007488;BI-FAST CR TRANSFER DR 494 Ponco Sunarto
2300007488;BI-FAST CR TRANSFER DR 494 Ponco Sunarto
2300007488;BI-FAST CR TRANSFER DR 494 Ponco Sunarto
2300017496;BI-FAST CR TRANSFER DR 008 IDE SEDAP INDONESI
2300006571;BI-FAST CR TRANSFER DR 009 PISON ANUGERAH PR
2300010936;BI-FAST CR TRANSFER DR 022 KAKIATNA AGRO INDO
2300010936;BI-FAST CR TRANSFER DR 022 KAKIATNA AGRO INDO
2300001305;BI-FAST CR TRANSFER DR 008 RAJA RASA ALAMI
2300017262;BI-FAST CR TRANSFER DR 008 KOPERASI KONSUMEN
2300016032;BI-FAST CR TRANSFER DR 451 STEVIFEBRIANTO
2300016737;BI-FAST CR TRANSFER DR 501 Richelle Briana Ha
2300016737;BI-FAST CR TRANSFER DR 501 Richelle Briana Ha
2300016890;BI-FAST CR TRANSFER DR 002 MOHAMAD FIRMAN SYA
2300013780;BI-FAST CR TRANSFER DR 008 JEDO ABADI LESTARI
2300015661;BI-FAST CR TRANSFER DR 002 FAHREZA DUTA PERKA
2300009752;BI-FAST CR TRANSFER DR 028 ADICIPTA BOGA INTI
2300009752;BI-FAST CR TRANSFER DR 028 ADICIPTA BOGA INTI
2300009752;BI-FAST CR TRANSFER DR 028 ADICIPTA BOGA INTI
2300015092;BI-FAST CR TRANSFER DR 008 RAJASA INTAMA
2300017297;BI-FAST CR TRANSFER DR 022 TAPIN COAL TERMINA
2300016906;BI-FAST CR TRANSFER DR 008 WAHYU KURNIA
2300017334;BI-FAST CR TRANSFER DR 008 NAUFAL RAMADHAN
2300016562;BI-FAST CR TRANSFER DR 008 MAKY GROUP INDONES
2300015159;BI-FAST CR TRANSFER DR 009 FIRA DWI WAHYUNI
2300015533;BI-FAST CR TRANSFER DR 008 POLARIS INSTRUMENT
2300012456;BI-FAST CR TRANSFER DR 002 RINO BAGUS PRASETY
2300008929;BI-FAST CR TRANSFER DR 008 YUDHO WANDONO ANGG
2300017496;BI-FAST CR TRANSFER DR 008 IDE SEDAP INDONESI
2300017530;BI-FAST CR TRANSFER DR 002 DAPUR BOGA LESTARI
2300016665;BI-FAST CR TRANSFER DR 008 OCTAVIANI
2300015723;BI-FAST CR TRANSFER DR 009 SIMSEM PAYROLL BNI
2300015149;BI-FAST CR TRANSFER DR 008 WANGSA SEQUOIA GRO
2300016167;BI-FAST CR TRANSFER DR 008 HIOE MELANIE PRAST
2300007137;BI-FAST CR TRANSFER DR 032 PT Kerry Ingredien
2300010687;BI-FAST CR TRANSFER DR 002 AGUNG PRASETYO
2300017434;BI-FAST CR TRANSFER DR 023 AERLEN
2300017156;BI-FAST CR TRANSFER DR 028 RIVA LAURITZ
2300015195;BI-FAST CR TRANSFER DR 002 NI KETUT ASTUTY
2300010936;BI-FAST CR TRANSFER DR 022 KAKIATNA AGRO INDO
2300010936;BI-FAST CR TRANSFER DR 022 KAKIATNA AGRO INDO
2300010936;BI-FAST CR TRANSFER DR 022 KAKIATNA AGRO INDO
2300016990;BI-FAST CR TRANSFER DR 501 Fathurriziq Maulan
2300012940;BI-FAST CR TRANSFER DR 008 SELLY STEPANI
2300015495;BI-FAST CR TRANSFER DR 008 CERITA RASA KITA
2300014642;BI-FAST CR TRANSFER DR 542 VITA DIAN PUTRI
2300013666;BI-FAST CR TRANSFER DR 002 GITA DJOEANG SEJAH
2300013152;BI-FAST CR TRANSFER DR 426 GABRIELLA ASTITI H
2300012399;BI-FAST CR TRANSFER DR 022 TIGA KAWA MITRA
2300013207;BI-FAST CR TRANSFER DR 002 Q-THA SURYA PRATAM
2300015755;BI-FAST CR TRANSFER DR 535 AWANGGA
2300011171;BI-FAST CR TRANSFER DR 002 PUNCAK LEMBAH HIJA
2300015095;BI-FAST CR TRANSFER DR 008 ASTHA BUMI INDAH
2300014543;BI-FAST CR TRANSFER DR 008 AMANAH KARTINI PUT
2300009307;BI-FAST CR TRANSFER DR 009 SATRIA MAJU BERSAM
2300008506;BI-FAST CR TRANSFER DR 002 TOSERBA GADING SER
2300014400;BI-FAST CR TRANSFER DR 002 FILOSOFI KOPI SEJA
2300008929;BI-FAST CR TRANSFER DR 008 YUDHO WANDONO ANGG
2300015203;BI-FAST CR TRANSFER DR 022 GENESIS INDONESIA
2300015203;BI-FAST CR TRANSFER DR 022 GENESIS INDONESIA
2300001056;BI-FAST CR TRANSFER DR 008 GEETEE ROSEN TANUW
2300010687;BI-FAST CR TRANSFER DR 002 AGUNG PRASETYO
2300017409;BI-FAST CR TRANSFER DR 008 SARAH AFIFAH AZ ZA
2300014669;BI-FAST CR TRANSFER DR 002 WANTI NUR CAHYANI
2300016628;BI-FAST CR TRANSFER DR 002 ANDRI WICAKSONO
DISTRIBUTOR GREENFIELDS;BI-FAST CR TRANSFER DR 022 CLASSIC FINE FOODS
2300014933;BI-FAST CR TRANSFER DR 451 KOPKARSYAHBSIQQKRW
2300009752;BI-FAST CR TRANSFER DR 028 ADICIPTA BOGA INTI
2300017553;BI-FAST CR TRANSFER DR 002 ANDIKA DWI SAPUTRA
2300016723;BI-FAST CR TRANSFER DR 009 WIRA KARYAWAN PLTU
2300013780;BI-FAST CR TRANSFER DR 008 JEDO ABADI LESTARI
2300017154;BI-FAST CR TRANSFER DR 501 Hilal Abu Dzar
2300017409;BI-FAST CR TRANSFER DR 008 SARAH AFIFAH AZ ZA
2300011289;BI-FAST CR TRANSFER DR 008 NOVA ANGGRAINI
2300017351;BI-FAST CR TRANSFER DR 535 VANIA YUSPANDI
2300009419;BI-FAST CR TRANSFER DR 008 SRI HARTATI
2300016664;BI-FAST CR TRANSFER DR 008 BERKAH BOGA MANDIR
2300016664;BI-FAST CR TRANSFER DR 008 BERKAH BOGA MANDIR
2300017262;BI-FAST CR TRANSFER DR 008 KOPERASI KONSUMEN
2300012171;BI-FAST CR TRANSFER DR 028 SUDO BREW NARATAMA
2300010936;BI-FAST CR TRANSFER DR 022 KAKIATNA AGRO INDO
2300010936;BI-FAST CR TRANSFER DR 022 KAKIATNA AGRO INDO
2300017435;BI-FAST CR TRANSFER DR 002 NUNUNG SOBIATY
2300015799;BI-FAST CR TRANSFER DR 542 HENNY
2300016903;BI-FAST CR TRANSFER DR 494 Andi Asnawanti Sos
2300016423;BI-FAST CR TRANSFER DR 008 DEA UMYATI
2300017262;BI-FAST CR TRANSFER DR 008 KOPERASI KONSUMEN
2300017262;BI-FAST CR TRANSFER DR 008 KOPERASI KONSUMEN
2300012886;BI-FAST CR TRANSFER DR 008 JOHANES JETHRO NUG
2300017252;BI-FAST CR TRANSFER DR 008 DINASTI BOGA NUSAN
2300013646;BI-FAST CR TRANSFER DR 008 LAILUL MUFARIDAH
2300011768;BI-FAST CR TRANSFER DR 031 PT TRAVELOKA INDON
2300017123;BI-FAST CR TRANSFER DR 008 I GST AYU AGUNG MA
2300009419;BI-FAST CR TRANSFER DR 008 SRI HARTATI
2300010531;BI-FAST CR TRANSFER DR 022 SEPULUH SEPULUH ST
2300016253;BI-FAST CR TRANSFER DR 008 MITRA LOKACIPTA SE
2300016623;BI-FAST CR TRANSFER DR 535 RATIH
2300008929;BI-FAST CR TRANSFER DR 008 YUDHO WANDONO ANGG
2300013016;BI-FAST CR TRANSFER DR 009 WAHYUDI
2300016895;BI-FAST CR TRANSFER DR 008 NURUL WINANTI
2300014361;BI-FAST CR TRANSFER DR 022 OMAR AGOES
2300014786;BI-FAST CR TRANSFER DR 002 HAVA CREATION INTE
2300008691;BI-FAST CR TRANSFER DR 022 HERBERT TANUDJAJA
2300008691;BI-FAST CR TRANSFER DR 022 HERBERT TANUDJAJA
2300017183;BI-FAST CR TRANSFER DR 008 RANI INDRIANI
2300017409;BI-FAST CR TRANSFER DR 008 SARAH AFIFAH AZ ZA
2300016092;BI-FAST CR TRANSFER DR 002 BULAN BINTOEN MATA
2300018389;BI-FAST CR TRANSFER DR 008 GLOBAL SINERGI INV
2300015484;BI-FAST CR TRANSFER DR 002 TRIAN ADI PURNAMA
2300012940;BI-FAST CR TRANSFER DR 008 SELLY STEPANI
2300015833;BI-FAST CR TRANSFER DR 009 ANDHIKA NUR PRATAM
2300008929;BI-FAST CR TRANSFER DR 008 YUDHO WANDONO ANGG
2300015630;BI-FAST CR TRANSFER DR 002 DINI INDRIYANI
2300015630;BI-FAST CR TRANSFER DR 002 DINI INDRIYANI
2300016883;BI-FAST CR TRANSFER DR 002 PT BUGAR JIWA RAGA
2300010936;BI-FAST CR TRANSFER DR 022 KAKIATNA AGRO INDO
2300010936;BI-FAST CR TRANSFER DR 022 KAKIATNA AGRO INDO
2300010936;BI-FAST CR TRANSFER DR 022 KAKIATNA AGRO INDO
2300016297;BI-FAST CR TRANSFER DR 008 GUNAWAN
2300015181;BI-FAST CR TRANSFER DR 008 WISMA KANTA UTAMA
2300015181;BI-FAST CR TRANSFER DR 008 WISMA KANTA UTAMA
2300017006;BI-FAST CR TRANSFER DR 002 UCI SANUSI
2300017252;BI-FAST CR TRANSFER DR 008 DINASTI BOGA NUSAN
2300016215;BI-FAST CR TRANSFER DR 002 ACHMAD JUPRI
2300010516;BI-FAST CR TRANSFER DR 022 DCIKA PRIMA MAHKOT
2300015155;BI-FAST CR TRANSFER DR 008 FIRDAUS NIKMATULLA
2300017530;BI-FAST CR TRANSFER DR 002 DAPUR BOGA LESTARI
2300012940;BI-FAST CR TRANSFER DR 008 SELLY STEPANI
2300014361;BI-FAST CR TRANSFER DR 022 OMAR AGOES
2300016665;BI-FAST CR TRANSFER DR 008 OCTAVIANI
2300009752;BI-FAST CR TRANSFER DR 028 ADICIPTA BOGA INTI
2300007109;BI-FAST CR TRANSFER DR 028 MAXIM JAYADI ABADI
2300007109;BI-FAST CR TRANSFER DR 028 MAXIM JAYADI ABADI
2300017279;BI-FAST CR TRANSFER DR 008 RAHMAT GOZALI
2300010687;BI-FAST CR TRANSFER DR 002 AGUNG PRASETYO
2300017583;BI-FAST CR TRANSFER DR 013 TIARANI INDRAPUTRI
2300012026;BI-FAST CR TRANSFER DR 002 SRI WAHYUNI
2300015149;BI-FAST CR TRANSFER DR 008 ARYA PRAMANA SALIM
2300015095;BI-FAST CR TRANSFER DR 008 ASTHA BUMI INDAH
2300012399;BI-FAST CR TRANSFER DR 022 TIGA KAWA MITRA
2300012952;BI-FAST CR TRANSFER DR 484 FRANCISCA
2300015484;BI-FAST CR TRANSFER DR 002 BOBBY GUNAWAN
2300013202;BI-FAST CR TRANSFER DR 002 KOPEGBRINS SEJAHTE
2300017192;BI-FAST CR TRANSFER DR 008 OKA FRANSISKA
2300011171;BI-FAST CR TRANSFER DR 002 PUNCAK LEMBAH HIJA
2300015977;BI-FAST CR TRANSFER DR 008 BERKAT INTI SELARA
2300017408;BI-FAST CR TRANSFER DR 002 PT SELARAS RASA IN
2300016422;BI-FAST CR TRANSFER DR 008 MUHAMAD ARIGHI
2300016623;BI-FAST CR TRANSFER DR 535 RATIH
2300011757;BI-FAST CR TRANSFER DR 009 A SITI AISYAH HUSN
2300016092;BI-FAST CR TRANSFER DR 002 BULAN BINTOEN MATA
2300001305;BI-FAST CR TRANSFER DR 008 RAJA RASA ALAMI
2300009634;BI-FAST CR TRANSFER DR 008 BERNARDO HALIM
2300017344;BI-FAST CR TRANSFER DR 008 RAHMITA
2300008929;BI-FAST CR TRANSFER DR 008 YUDHO WANDONO ANGG
2300015203;BI-FAST CR TRANSFER DR 022 GENESIS INDONESIA
2300015203;BI-FAST CR TRANSFER DR 022 GENESIS INDONESIA
2300016248;BI-FAST CR TRANSFER DR 008 DJUWITA FANYWATI S
DISTRIBUTOR GREENFIELDS;BI-FAST CR TRANSFER DR 022 CLASSIC FINE FOODS
2300009307;BI-FAST CR TRANSFER DR 009 SATRIA MAJU BERSAM
2300012521;BI-FAST CR TRANSFER DR 008 MUTHOHAROH
2300015533;BI-FAST CR TRANSFER DR 008 POLARIS INSTRUMENT
2300017478;BI-FAST CR TRANSFER DR 022 BUNGA CARLIANA
2300015495;BI-FAST CR TRANSFER DR 008 CERITA RASA KITA
2300015495;BI-FAST CR TRANSFER DR 008 CERITA RASA KITA
2300013207;BI-FAST CR TRANSFER DR 002 Q-THA SURYA PRATAM
2300017435;BI-FAST CR TRANSFER DR 002 NUNUNG SOBIATY
2300017428;BI-FAST CR TRANSFER DR 008 GUSVIARY REFQI PRA
2300015092;BI-FAST CR TRANSFER DR 008 RAJASA INTAMA
2300010531;BI-FAST CR TRANSFER DR 022 SEPULUH SEPULUH ST
2300012106;BI-FAST CR TRANSFER DR 213 EVIELINA HERMAWATY
2300016591;BI-FAST CR TRANSFER DR 002 PROMART BKN
2300017302;BI-FAST CR TRANSFER DR 008 BERTHA LIDYANA
2300016664;BI-FAST CR TRANSFER DR 008 BERKAH BOGA MANDIR
2300016664;BI-FAST CR TRANSFER DR 008 BERKAH BOGA MANDIR
2300014400;BI-FAST CR TRANSFER DR 002 FILOSOFI KOPI SEJA
2300018588;BI-FAST CR TRANSFER DR 501 Herlina. H.
2300000838;BI-FAST CR TRANSFER DR 022 KITCHENETTE LESTAR
2300010936;BI-FAST CR TRANSFER DR 022 KAKIATNA AGRO INDO
2300010936;BI-FAST CR TRANSFER DR 022 KAKIATNA AGRO INDO
2300017389;BI-FAST CR TRANSFER DR 008 ANANDA EKA WIJAYA
2300016423;BI-FAST CR TRANSFER DR 008 DEA UMYATI
2300017168;BI-FAST CR TRANSFER DR 022 KREASI ABADI SELAR
2300011370;BI-FAST CR TRANSFER DR 023 WANATA JAYA CIPTA,
2300012801;BI-FAST CR TRANSFER DR 008 UMIATY HASANAH
2300011768;BI-FAST CR TRANSFER DR 031 PT TRAVELOKA INDON
2300016538;BI-FAST CR TRANSFER DR 002 MUTAALIDA
2300010105;BI-FAST CR TRANSFER DR 008 KOPKAR MADANI ASTR
2300016062;BI-FAST CR TRANSFER DR 008 CAHAYA INDAH ASIA
DISTRIBUTOR GREENFIELDS;BI-FAST CR TRANSFER DR 008 INTAN SUKSES INSPI
DISTRIBUTOR GREENFIELDS;BI-FAST CR TRANSFER DR 153 CV BARU TANJAKAN
2300015195;BI-FAST CR TRANSFER DR 002 NI KETUT ASTUTY
2300015633;BI-FAST CR TRANSFER DR 028 GABRIELLA GUSTIAWA
2300014642;BI-FAST CR TRANSFER DR 542 VITA DIAN PUTRI
2300008929;BI-FAST CR TRANSFER DR 008 YUDHO WANDONO ANGG
2300015799;BI-FAST CR TRANSFER DR 542 HENNY
2300017409;BI-FAST CR TRANSFER DR 008 SARAH AFIFAH AZ ZA
2300014642;BI-FAST CR TRANSFER DR 542 VITA DIAN PUTRI
2300016167;BI-FAST CR TRANSFER DR 008 HIOE MELANIE PRAST
2300016533;BI-FAST CR TRANSFER DR 009 FAISAL HAFIZ MAHAK
2300010936;BI-FAST CR TRANSFER DR 022 KAKIATNA AGRO INDO
2300010936;BI-FAST CR TRANSFER DR 022 KAKIATNA AGRO INDO
2300010936;BI-FAST CR TRANSFER DR 022 KAKIATNA AGRO INDO
2300016751;BI-FAST CR TRANSFER DR 008 YOSKA LESMANA
2300016751;BI-FAST CR TRANSFER DR 008 YOSKA LESMANA
2300016439;BI-FAST CR TRANSFER DR 009 PERMATA PELANGI IN
2300017156;BI-FAST CR TRANSFER DR 028 RIVA LAURITZ
2300017156;BI-FAST CR TRANSFER DR 028 RIVA LAURITZ
2300014933;BI-FAST CR TRANSFER DR 451 KOPKARSYAHBSIQQKRW
2300017570;BI-FAST CR TRANSFER DR 008 AGREYA BERKAH INDO
2300008691;BI-FAST CR TRANSFER DR 022 HERBERT TANUDJAJA
2300008691;BI-FAST CR TRANSFER DR 022 HERBERT TANUDJAJA
2300017752;BI-FAST CR TRANSFER DR 008 PUTRA JAYUSA
2300008691;BI-FAST CR TRANSFER DR 022 HERBERT TANUDJAJA
2300017034;BI-FAST CR TRANSFER DR 002 TEZAR MAULANA ZAKY
2300017448;BI-FAST CR TRANSFER DR 002 KEENAN ARDYANTO
2000066431;BI-FAST CR TRANSFER DR 008 YUMMY FOOD UTAMA
2300015195;BI-FAST CR TRANSFER DR 002 NI KETUT ASTUTY
2300015992;BI-FAST CR TRANSFER DR 002 DWI URIP SUGIYANTO
DISTRIBUTOR GREENFIELDS;BI-FAST CR TRANSFER DR 451 PTKELOLAPANGANINDO
2300008929;BI-FAST CR TRANSFER DR 008 YUDHO WANDONO ANGG
2300001531;BI-FAST CR TRANSFER DR 087 YAYASAN BRITISH SC
2300015661;BI-FAST CR TRANSFER DR 002 FAHREZA DUTA PERKA
2300014933;BI-FAST CR TRANSFER DR 451 KOPKARSYAHBSIQQKRW
2300015833;BI-FAST CR TRANSFER DR 009 ANDHIKA NUR PRATAM
2300011370;BI-FAST CR TRANSFER DR 023 WANATA JAYA CIPTA,
2300017530;BI-FAST CR TRANSFER DR 002 DAPUR BOGA LESTARI
2300016976;BI-FAST CR TRANSFER DR 451 MUHAMMADIQBALKAMAL
2300016665;BI-FAST CR TRANSFER DR 008 OCTAVIANI
2300016253;BI-FAST CR TRANSFER DR 008 MITRA LOKACIPTA SE
2300007109;BI-FAST CR TRANSFER DR 028 MAXIM JAYADI ABADI
2300007109;BI-FAST CR TRANSFER DR 028 MAXIM JAYADI ABADI
2300007109;BI-FAST CR TRANSFER DR 028 MAXIM JAYADI ABADI
2300014400;BI-FAST CR TRANSFER DR 002 FILOSOFI KOPI SEJA
2300010936;BI-FAST CR TRANSFER DR 022 KAKIATNA AGRO INDO
2300010936;BI-FAST CR TRANSFER DR 022 KAKIATNA AGRO INDO
2300013116;BI-FAST CR TRANSFER DR 484 MUHAMMAD FARHAN AS
2300014669;BI-FAST CR TRANSFER DR 002 WANTI NUR CAHYANI
2300016259;BI-FAST CR TRANSFER DR 008 HANA RIZKA EFRILIA
2300017514;BI-FAST CR TRANSFER DR 008 SAOLA-HABITAT UNTU
2300016033;BI-FAST CR TRANSFER DR 002 SION TRADING LINE
2300017069;BI-FAST CR TRANSFER DR 535 GENTA RAMA SUFIS
2300016890;BI-FAST CR TRANSFER DR 002 MOHAMAD FIRMAN SYA
2300015495;BI-FAST CR TRANSFER DR 008 CERITA RASA KITA
2300015149;BI-FAST CR TRANSFER DR 008 WANGSA SEQUOIA GRO
2300015503;BI-FAST CR TRANSFER DR 501 Rachma Dwi Nur Ins
2300013016;BI-FAST CR TRANSFER DR 009 WAHYUDI
2000066431;BI-FAST CR TRANSFER DR 008 YUMMY FOOD UTAMA
2300018588;BI-FAST CR TRANSFER DR 501 Herlina. H.
2300016895;BI-FAST CR TRANSFER DR 008 NURUL WINANTI
2300011171;BI-FAST CR TRANSFER DR 002 PUNCAK LEMBAH HIJA
2300016092;BI-FAST CR TRANSFER DR 002 BULAN BINTOEN MATA
2300017496;BI-FAST CR TRANSFER DR 008 IDE SEDAP INDONESI
2300017123;BI-FAST CR TRANSFER DR 008 I GST AYU AGUNG MA
2300015203;BI-FAST CR TRANSFER DR 022 GENESIS INDONESIA
2300013646;BI-FAST CR TRANSFER DR 008 LAILUL MUFARIDAH
2300016723;BI-FAST CR TRANSFER DR 009 WIRA KARYAWAN PLTU
2300008929;BI-FAST CR TRANSFER DR 008 YUDHO WANDONO ANGG
2300009307;BI-FAST CR TRANSFER DR 009 SATRIA MAJU BERSAM
2300016067;BI-FAST CR TRANSFER DR 008 MOHAMMAD IQBAL
DISTRIBUTOR GREENFIELDS;BI-FAST CR TRANSFER DR 022 CLASSIC FINE FOODS
2300017334;BI-FAST CR TRANSFER DR 008 NAUFAL RAMADHAN
2300016837;BI-FAST CR TRANSFER DR 426 MAWAR SARI MAKMUR
2300017562;BI-FAST CR TRANSFER DR 036 EASTERN EXPANDING
2300008706;BI-FAST CR TRANSFER DR 008 ESTI NOVIASARI
2300011289;BI-FAST CR TRANSFER DR 008 NOVA ANGGRAINI
2300016538;BI-FAST CR TRANSFER DR 002 MUTAALIDA
2300018389;BI-FAST CR TRANSFER DR 008 GLOBAL SINERGI INV
2300017279;BI-FAST CR TRANSFER DR 008 RAHMAT GOZALI
2300016664;BI-FAST CR TRANSFER DR 008 BERKAH BOGA MANDIR
2300016664;BI-FAST CR TRANSFER DR 008 BERKAH BOGA MANDIR
2300016984;BI-FAST CR TRANSFER DR 425 SUMIANI LESTARI
2300010936;BI-FAST CR TRANSFER DR 022 KAKIATNA AGRO INDO
2300010936;BI-FAST CR TRANSFER DR 022 KAKIATNA AGRO INDO
2300012886;BI-FAST CR TRANSFER DR 008 JOHANES JETHRO NUG
2300012886;BI-FAST CR TRANSFER DR 008 JOHANES JETHRO NUG
2300017069;BI-FAST CR TRANSFER DR 535 GENTA RAMA SUFIS
2300015484;BI-FAST CR TRANSFER DR 002 TRIAN ADI PURNAMA
2300017435;BI-FAST CR TRANSFER DR 002 NUNUNG SOBIATY
2300017435;BI-FAST CR TRANSFER DR 002 NUNUNG SOBIATY
2300012456;BI-FAST CR TRANSFER DR 002 RINO BAGUS PRASETY
2300011370;BI-FAST CR TRANSFER DR 023 WANATA JAYA CIPTA,
2300015931;BI-FAST CR TRANSFER DR 028 ISYE FITRIYULIASTU
2300013207;BI-FAST CR TRANSFER DR 002 Q-THA SURYA PRATAM
2300016895;BI-FAST CR TRANSFER DR 008 NURUL WINANTI
2300015997;BI-FAST CR TRANSFER DR 022 DEANDI PRIMOSAPUTE
2300015092;BI-FAST CR TRANSFER DR 008 RAJASA INTAMA
2300008929;BI-FAST CR TRANSFER DR 008 YUDHO WANDONO ANGG
2300015106;BI-FAST CR TRANSFER DR 002 NOVITASARI
2300017509;BI-FAST CR TRANSFER DR 008 FIRMAN ARVINDRA S
2300014329;BI-FAST CR TRANSFER DR 153 CV CATUR NIAGA SEN
2300017409;BI-FAST CR TRANSFER DR 008 SARAH AFIFAH AZ ZA
2300014944;BI-FAST CR TRANSFER DR 153 CV MADI MARI BERJA
2300009183;BI-FAST CR TRANSFER DR 501 Diajeng Nurulita N
2300009183;BI-FAST CR TRANSFER DR 501 Diajeng Nurulita N
2300009183;BI-FAST CR TRANSFER DR 501 Diajeng Nurulita N
2300009183;BI-FAST CR TRANSFER DR 501 Diajeng Nurulita N
2300009183;BI-FAST CR TRANSFER DR 501 Diajeng Nurulita N
2300009183;BI-FAST CR TRANSFER DR 501 Diajeng Nurulita N
2300009183;BI-FAST CR TRANSFER DR 501 Diajeng Nurulita N
2300016167;BI-FAST CR TRANSFER DR 008 HIOE MELANIE PRAST
2300017351;BI-FAST CR TRANSFER DR 535 VANIA YUSPANDI
2300012106;BI-FAST CR TRANSFER DR 213 EVIELINA HERMAWATY
2300016092;BI-FAST CR TRANSFER DR 002 BULAN BINTOEN MATA
2300012980;BI-FAST CR TRANSFER DR 002 AFRIDA FATHARANI
2300010687;BI-FAST CR TRANSFER DR 002 AGUNG PRASETYO
2300016562;BI-FAST CR TRANSFER DR 008 MAKY GROUP INDONES
2300017030;BI-FAST CR TRANSFER DR 008 ALI HASANUDIN
2300010936;BI-FAST CR TRANSFER DR 022 KAKIATNA AGRO INDO
2300010936;BI-FAST CR TRANSFER DR 022 KAKIATNA AGRO INDO
2300010936;BI-FAST CR TRANSFER DR 022 KAKIATNA AGRO INDO
2300015155;BI-FAST CR TRANSFER DR 008 FIRDAUS NIKMATULLA
2300017640;BI-FAST CR TRANSFER DR 008 MUHAMAD ADAM RIZKI
2300017342;BI-FAST CR TRANSFER DR 002 ANDREW HALIM
2300018564;BI-FAST CR TRANSFER DR 002 MULTI ALAM NUSANTA
2300012798;BI-FAST CR TRANSFER DR 451 KOPIKOPIANDBEVERAG
2300017640;BI-FAST CR TRANSFER DR 008 MUHAMAD ADAM RIZKI
2300014642;BI-FAST CR TRANSFER DR 542 VITA DIAN PUTRI
2300014642;BI-FAST CR TRANSFER DR 542 VITA DIAN PUTRI
2300016032;BI-FAST CR TRANSFER DR 451 STEVIFEBRIANTO
2300016611;BI-FAST CR TRANSFER DR 022 RIA SRI WOELANDARI
2300016611;BI-FAST CR TRANSFER DR 022 RIA SRI WOELANDARI
2300016611;BI-FAST CR TRANSFER DR 022 RIA SRI WOELANDARI
2300012026;BI-FAST CR TRANSFER DR 002 SRI WAHYUNI
2300017156;BI-FAST CR TRANSFER DR 028 RIVA LAURITZ
2300017156;BI-FAST CR TRANSFER DR 028 RIVA LAURITZ
2300015533;BI-FAST CR TRANSFER DR 008 POLARIS INSTRUMENT
2300012940;BI-FAST CR TRANSFER DR 008 SELLY STEPANI
2300017252;BI-FAST CR TRANSFER DR 008 DINASTI BOGA NUSAN
2300017425;BI-FAST CR TRANSFER DR 008 AKHMAD RIZKY WICAK
2300007109;BI-FAST CR TRANSFER DR 028 MAXIM JAYADI ABADI
2300007109;BI-FAST CR TRANSFER DR 028 MAXIM JAYADI ABADI
2300016155;BI-FAST CR TRANSFER DR 013 RAFAE LAYETH SUUD
2300016155;BI-FAST CR TRANSFER DR 013 RAFAE LAYETH SUUD
2300006408;BI-FAST CR TRANSFER DR 535 SITI RAHMAWATI
2300006408;BI-FAST CR TRANSFER DR 535 SITI RAHMAWATI
2300016155;BI-FAST CR TRANSFER DR 013 RAFAE LAYETH SUUD
2300016155;BI-FAST CR TRANSFER DR 013 RAFAE LAYETH SUUD
2300016155;BI-FAST CR TRANSFER DR 013 RAFAE LAYETH SUUD
2300016155;BI-FAST CR TRANSFER DR 013 RAFAE LAYETH SUUD
2300016665;BI-FAST CR TRANSFER DR 008 OCTAVIANI
2300012940;BI-FAST CR TRANSFER DR 008 SELLY STEPANI
2300007137;BI-FAST CR TRANSFER DR 032 PT Kerry Ingredien
2300017530;BI-FAST CR TRANSFER DR 002 DAPUR BOGA LESTARI
2300017279;BI-FAST CR TRANSFER DR 008 RAHMAT GOZALI
2300016611;BI-FAST CR TRANSFER DR 022 RIA SRI WOELANDARI
2300016611;BI-FAST CR TRANSFER DR 022 RIA SRI WOELANDARI
2300016611;BI-FAST CR TRANSFER DR 022 RIA SRI WOELANDARI
2300010936;BI-FAST CR TRANSFER DR 022 KAKIATNA AGRO INDO
2300010936;BI-FAST CR TRANSFER DR 022 KAKIATNA AGRO INDO
DISTRIBUTOR GREENFIELDS;BI-FAST CR TRANSFER DR 451 PTKELOLAPANGANINDO
2300008929;BI-FAST CR TRANSFER DR 008 YUDHO WANDONO ANGG
2300012382;BI-FAST CR TRANSFER DR 008 DALFIAN ALNASVI
2300015181;BI-FAST CR TRANSFER DR 008 WISMA KANTA UTAMA
2300009752;BI-FAST CR TRANSFER DR 028 ADICIPTA BOGA INTI
2300009752;BI-FAST CR TRANSFER DR 028 ADICIPTA BOGA INTI
2300009752;BI-FAST CR TRANSFER DR 028 ADICIPTA BOGA INTI
2300009752;BI-FAST CR TRANSFER DR 028 ADICIPTA BOGA INTI
2300009752;BI-FAST CR TRANSFER DR 028 ADICIPTA BOGA INTI
2300009752;BI-FAST CR TRANSFER DR 028 ADICIPTA BOGA INTI
2300009752;BI-FAST CR TRANSFER DR 028 ADICIPTA BOGA INTI
2300009752;BI-FAST CR TRANSFER DR 028 ADICIPTA BOGA INTI
2300009752;BI-FAST CR TRANSFER DR 028 ADICIPTA BOGA INTI
2300017944;BI-FAST CR TRANSFER DR 535 SILVIA
2300015912;BI-FAST CR TRANSFER DR 008 YUDHI MALIK ALFRID
2300007137;BI-FAST CR TRANSFER DR 032 PT Kerry Ingredien
2300016167;BI-FAST CR TRANSFER DR 008 HIOE MELANIE PRAST
2300017408;BI-FAST CR TRANSFER DR 002 PT SELARAS RASA IN
2300012382;BI-FAST CR TRANSFER DR 008 DALFIAN ALNASVI
2300015195;BI-FAST CR TRANSFER DR 002 NI KETUT ASTUTY
2300009307;BI-FAST CR TRANSFER DR 009 SATRIA MAJU BERSAM
2300015203;BI-FAST CR TRANSFER DR 022 GENESIS INDONESIA
2300015203;BI-FAST CR TRANSFER DR 022 GENESIS INDONESIA
2300015203;BI-FAST CR TRANSFER DR 022 GENESIS INDONESIA
2300015203;BI-FAST CR TRANSFER DR 022 GENESIS INDONESIA
2300017389;BI-FAST CR TRANSFER DR 008 ANANDA EKA WIJAYA
2300016591;BI-FAST CR TRANSFER DR 002 PROMART BKN
2300018648;BI-FAST CR TRANSFER DR 008 PUTRI KANIA
2300016133;BI-FAST CR TRANSFER DR 008 SUSI SULASTRI
2300014400;BI-FAST CR TRANSFER DR 002 FILOSOFI KOPI SEJA
2300017262;BI-FAST CR TRANSFER DR 008 KOPERASI KONSUMEN
2300015799;BI-FAST CR TRANSFER DR 542 HENNY
2300014933;BI-FAST CR TRANSFER DR 451 KOPKARSYAHBSIQQKRH
2300012521;BI-FAST CR TRANSFER DR 008 MUTHOHAROH
DISTRIBUTOR GREENFIELDS;BI-FAST CR TRANSFER DR 022 CLASSIC FINE FOODS
2300017069;BI-FAST CR TRANSFER DR 535 GENTA RAMA SUFIS
2300017252;BI-FAST CR TRANSFER DR 008 DINASTI BOGA NUSAN
2300015723;BI-FAST CR TRANSFER DR 009 SIMSEM PAYROLL BNI
2300011171;BI-FAST CR TRANSFER DR 002 PUNCAK LEMBAH HIJA
2300011768;BI-FAST CR TRANSFER DR 031 PT TRAVELOKA INDON
2300014697;BI-FAST CR TRANSFER DR 031 PT TRINUSA TRAVELI
2300013666;BI-FAST CR TRANSFER DR 002 GITA DJOEANG SEJAH
2300013666;BI-FAST CR TRANSFER DR 002 GITA DJOEANG SEJAH
2300015777;BI-FAST CR TRANSFER DR 008 ROSSI SOFIA HARDIN
2300015095;BI-FAST CR TRANSFER DR 008 ASTHA BUMI INDAH
2300016664;BI-FAST CR TRANSFER DR 008 BERKAH BOGA MANDIR
2300016538;BI-FAST CR TRANSFER DR 002 MUTAALIDA
2300016664;BI-FAST CR TRANSFER DR 008 BERKAH BOGA MANDIR
2300016384;BI-FAST CR TRANSFER DR 213 REGIA SETIA GRANDI
2300000838;BI-FAST CR TRANSFER DR 022 KITCHENETTE LESTAR
2300014669;BI-FAST CR TRANSFER DR 002 WANTI NUR CAHYANI
2300010936;BI-FAST CR TRANSFER DR 022 KAKIATNA AGRO INDO
2300010936;BI-FAST CR TRANSFER DR 022 KAKIATNA AGRO INDO
2300017647;BI-FAST CR TRANSFER DR 535 HELENA XAVIERA PAR
2300016259;BI-FAST CR TRANSFER DR 008 HANA RIZKA EFRILIA
2300008929;BI-FAST CR TRANSFER DR 008 YUDHO WANDONO ANGG
2300015575;BI-FAST CR TRANSFER DR 451 NURHAYATI
2300017168;BI-FAST CR TRANSFER DR 022 KREASI ABADI SELAR
2300016423;BI-FAST CR TRANSFER DR 008 DEA UMYATI
2300017034;BI-FAST CR TRANSFER DR 002 TEZAR MAULANA ZAKY
2300015852;BI-FAST CR TRANSFER DR 501 Maria Magdalena Pe
2300008706;BI-FAST CR TRANSFER DR 008 ANDIKA AJIESASTRA
2300015755;BI-FAST CR TRANSFER DR 535 AWANGGA
2300015484;BI-FAST CR TRANSFER DR 002 BOBBY GUNAWAN
2300016623;BI-FAST CR TRANSFER DR 535 RATIH
2300017409;BI-FAST CR TRANSFER DR 008 SARAH AFIFAH AZ ZA
2300012940;BI-FAST CR TRANSFER DR 008 SELLY STEPANI
2300008929;BI-FAST CR TRANSFER DR 008 YUDHO WANDONO ANGG
2300013876;BI-FAST CR TRANSFER DR 002 COTTA TERRA PRIMA
2300016895;BI-FAST CR TRANSFER DR 008 NURUL WINANTI
2300016895;BI-FAST CR TRANSFER DR 008 NURUL WINANTI
2300016092;BI-FAST CR TRANSFER DR 002 BULAN BINTOEN MATA
2300010687;BI-FAST CR TRANSFER DR 002 AGUNG PRASETYO
2300015833;BI-FAST CR TRANSFER DR 009 ANDHIKA NUR PRATAM
2300013646;BI-FAST CR TRANSFER DR 008 LAILUL MUFARIDAH
2300010936;BI-FAST CR TRANSFER DR 022 KAKIATNA AGRO INDO
2300010936;BI-FAST CR TRANSFER DR 022 KAKIATNA AGRO INDO
2300007028;BI-FAST CR TRANSFER DR 013 RITA SUKMAWANGI,SE
2300017078;BI-FAST CR TRANSFER DR 501 Rafly Rihza Arrohi
2300017184;BI-FAST CR TRANSFER DR 008 FEDERASI KANAL
2300017184;BI-FAST CR TRANSFER DR 008 FEDERASI KANAL
2300017184;BI-FAST CR TRANSFER DR 008 FEDERASI KANAL
2300017184;BI-FAST CR TRANSFER DR 008 FEDERASI KANAL
2300017184;BI-FAST CR TRANSFER DR 008 FEDERASI KANAL
2300017184;BI-FAST CR TRANSFER DR 008 FEDERASI KANAL
2300017184;BI-FAST CR TRANSFER DR 008 FEDERASI KANAL
2300017262;BI-FAST CR TRANSFER DR 008 KOPERASI KONSUMEN
2300015149;BI-FAST CR TRANSFER DR 008 WANGSA SEQUOIA GRO
2300016751;BI-FAST CR TRANSFER DR 008 YOSKA LESMANA
2300008706;BI-FAST CR TRANSFER DR 008 ESTI NOVIASARI
2300016603;BI-FAST CR TRANSFER DR 008 DWI PUSPITA ANGGRA
2300015444;BI-FAST CR TRANSFER DR 002 MUADZ HARUN
2300017700;BI-FAST CR TRANSFER DR 008 LIDYA DIANA TIFFAN
2300014642;BI-FAST CR TRANSFER DR 542 VITA DIAN PUTRI
2300014979;BI-FAST CR TRANSFER DR 008 ATON YULIANTO
2300011370;BI-FAST CR TRANSFER DR 023 WANATA JAYA CIPTA,
2300015484;BI-FAST CR TRANSFER DR 002 TRIAN ADI PURNAMA
2300011554;BI-FAST CR TRANSFER DR 009 ADIRAI SUMBER REJE
2300015533;BI-FAST CR TRANSFER DR 008 POLARIS INSTRUMENT
2300008929;BI-FAST CR TRANSFER DR 008 YUDHO WANDONO ANGG
2300017037;BI-FAST CR TRANSFER DR 451 NURULHUMAIROH
2300016737;BI-FAST CR TRANSFER DR 501 Richelle Briana Ha
2300017123;BI-FAST CR TRANSFER DR 008 I GST AYU AGUNG MA
2300016737;BI-FAST CR TRANSFER DR 501 Richelle Briana Ha
2300017478;BI-FAST CR TRANSFER DR 022 BUNGA CARLIANA
2300016379;BI-FAST CR TRANSFER DR 804 PRAMUDYA BUDI PANG
2300016809;BI-FAST CR TRANSFER DR 008 SEGAR TIRTA UTAMA
2300015630;BI-FAST CR TRANSFER DR 002 DINI INDRIYANI
2300017530;BI-FAST CR TRANSFER DR 002 DAPUR BOGA LESTARI
2300015181;BI-FAST CR TRANSFER DR 008 WISMA KANTA UTAMA
2300017437;BI-FAST CR TRANSFER DR 013 HELMI ZULFIKAR ALI
2300017435;BI-FAST CR TRANSFER DR 002 NUNUNG SOBIATY
2300017069;BI-FAST CR TRANSFER DR 535 GENTA RAMA SUFIS
2300014933;BI-FAST CR TRANSFER DR 451 KOPKARSYAHBSIQQKRW
2300013609;BI-FAST CR TRANSFER DR 008 JAYA BOGA LESTARI
2300013780;BI-FAST CR TRANSFER DR 008 JEDO ABADI LESTARI
2300016665;BI-FAST CR TRANSFER DR 008 OCTAVIANI
2300015435;BI-FAST CR TRANSFER DR 008 PUTRA JAYUSA
2300016253;BI-FAST CR TRANSFER DR 008 MITRA LOKACIPTA SE
2300007109;BI-FAST CR TRANSFER DR 028 MAXIM JAYADI ABADI
2300007109;BI-FAST CR TRANSFER DR 028 MAXIM JAYADI ABADI
2300007137;BI-FAST CR TRANSFER DR 032 PT Kerry Ingredien
2300017425;BI-FAST CR TRANSFER DR 008 AKHMAD RIZKY WICAK
MODERN TRADE;BI-FAST CR TRANSFER DR 002 JAKARTA SENTRA ARO
2300010936;BI-FAST CR TRANSFER DR 022 KAKIATNA AGRO INDO
2300010936;BI-FAST CR TRANSFER DR 022 KAKIATNA AGRO INDO
2300010936;BI-FAST CR TRANSFER DR 022 KAKIATNA AGRO INDO
2300005478;BI-FAST CR TRANSFER DR 022 FILOSOFI ADIDAYA I
2300005478;BI-FAST CR TRANSFER DR 022 FILOSOFI ADIDAYA I
2300005478;BI-FAST CR TRANSFER DR 022 FILOSOFI ADIDAYA I
2300015661;BI-FAST CR TRANSFER DR 002 FAHREZA DUTA PERKA
2300005920;BI-FAST CR TRANSFER DR 451 VERNANDAPUSPANINGG
2300012399;BI-FAST CR TRANSFER DR 022 TIGA KAWA MITRA
2300016248;BI-FAST CR TRANSFER DR 008 DJUWITA FANYWATI S
2300017591;BI-FAST CR TRANSFER DR 008 NIKEN WULAN AKYUEZ
2300015092;BI-FAST CR TRANSFER DR 008 RAJASA INTAMA
2300016623;BI-FAST CR TRANSFER DR 535 RATIH
2300011171;BI-FAST CR TRANSFER DR 002 PUNCAK LEMBAH HIJA
2300017409;BI-FAST CR TRANSFER DR 008 SARAH AFIFAH AZ ZA
2300011554;BI-FAST CR TRANSFER DR 009 ADIRAI SUMBER REJE
2300012106;BI-FAST CR TRANSFER DR 213 EVIELINA HERMAWATY
2300017044;BI-FAST CR TRANSFER DR 490 ANASTALISIA KUSUMA
2300015495;BI-FAST CR TRANSFER DR 008 CERITA RASA KITA
2300014400;BI-FAST CR TRANSFER DR 002 FILOSOFI KOPI SEJA
2300009307;BI-FAST CR TRANSFER DR 009 SATRIA MAJU BERSAM
2300017279;BI-FAST CR TRANSFER DR 008 RAHMAT GOZALI
DISTRIBUTOR GREENFIELDS;BI-FAST CR TRANSFER DR 022 CLASSIC FINE FOODS
2300008929;BI-FAST CR TRANSFER DR 008 YUDHO WANDONO ANGG
2300010473;BI-FAST CR TRANSFER DR 009 DRAGO SEPIESKY MAT
2300017252;BI-FAST CR TRANSFER DR 008 DINASTI BOGA NUSAN
2300015992;BI-FAST CR TRANSFER DR 002 DWI URIP SUGIYANTO
2300012883;BI-FAST CR TRANSFER DR 008 DAVINA MP KETAREN
2300017044;BI-FAST CR TRANSFER DR 490 ANASTALISIA KUSUMA
2300014959;BI-FAST CR TRANSFER DR 002 LUMBUNG PANGAN REJ
2300006204;BI-FAST CR TRANSFER DR 008 SARMAIDA MANURUNG
2300016062;BI-FAST CR TRANSFER DR 008 CAHAYA INDAH ASIA
2300015195;BI-FAST CR TRANSFER DR 002 NI KETUT ASTUTY
2300016664;BI-FAST CR TRANSFER DR 008 BERKAH BOGA MANDIR
2300016664;BI-FAST CR TRANSFER DR 008 BERKAH BOGA MANDIR
2300010687;BI-FAST CR TRANSFER DR 002 AGUNG PRASETYO
2300013595;BI-FAST CR TRANSFER DR 009 SUASANA KREATIF IN
2300013595;BI-FAST CR TRANSFER DR 009 SUASANA KREATIF IN
2300010936;BI-FAST CR TRANSFER DR 022 KAKIATNA AGRO INDO
2300010936;BI-FAST CR TRANSFER DR 022 KAKIATNA AGRO INDO
2300016423;BI-FAST CR TRANSFER DR 008 DEA UMYATI
2300015799;BI-FAST CR TRANSFER DR 542 HENNY
2300016883;BI-FAST CR TRANSFER DR 002 PT BUGAR JIWA RAGA
2300015919;BI-FAST CR TRANSFER DR 002 GEDUNG PINANG SELA
2300011370;BI-FAST CR TRANSFER DR 023 WANATA JAYA CIPTA,
2300016538;BI-FAST CR TRANSFER DR 002 MUTAALIDA
2300016133;BI-FAST CR TRANSFER DR 008 SUSI SULASTRI
DISTRIBUTOR GREENFIELDS;BI-FAST CR TRANSFER DR 009 BERKAT LARIS GEMIL
2300014642;BI-FAST CR TRANSFER DR 542 VITA DIAN PUTRI
2300008929;BI-FAST CR TRANSFER DR 008 YUDHO WANDONO ANGG
DISTRIBUTOR GREENFIELDS;BI-FAST CR TRANSFER DR 009 BERKAT LARIS GEMIL
2300017409;BI-FAST CR TRANSFER DR 008 SARAH AFIFAH AZ ZA
2300012798;BI-FAST CR TRANSFER DR 451 KOPIKOPIANDBEVERAG
2300015833;BI-FAST CR TRANSFER DR 009 ANDHIKA NUR PRATAM
2300015833;BI-FAST CR TRANSFER DR 009 ANDHIKA NUR PRATAM
2300017389;BI-FAST CR TRANSFER DR 008 ANANDA EKA WIJAYA
2300015155;BI-FAST CR TRANSFER DR 008 FIRDAUS NIKMATULLA
2300010936;BI-FAST CR TRANSFER DR 022 KAKIATNA AGRO INDO
2300010936;BI-FAST CR TRANSFER DR 022 KAKIATNA AGRO INDO
2300010936;BI-FAST CR TRANSFER DR 022 KAKIATNA AGRO INDO
2300008929;BI-FAST CR TRANSFER DR 008 YUDHO WANDONO ANGG
2300010687;BI-FAST CR TRANSFER DR 002 AGUNG PRASETYO
2300017653;BI-FAST CR TRANSFER DR 008 AGUS CHANDRA WAHYU
2300014826;BI-FAST CR TRANSFER DR 022 ARGHA KARYA PRIMA
2300012748;BI-FAST CR TRANSFER DR 009 GRUHAM INDONESIA M
2300016611;BI-FAST CR TRANSFER DR 022 RIA SRI WOELANDARI
2300016611;BI-FAST CR TRANSFER DR 022 RIA SRI WOELANDARI
2300016611;BI-FAST CR TRANSFER DR 022 RIA SRI WOELANDARI
2300012886;BI-FAST CR TRANSFER DR 008 JOHANES JETHRO NUG
2300016906;BI-FAST CR TRANSFER DR 008 WAHYU KURNIA
2300008706;BI-FAST CR TRANSFER DR 008 ESTI NOVIASARI
2300017069;BI-FAST CR TRANSFER DR 535 GENTA RAMA SUFIS
2300013609;BI-FAST CR TRANSFER DR 008 JAYA BOGA LESTARI
2300016890;BI-FAST CR TRANSFER DR 002 MOHAMAD FIRMAN SYA
2300014933;BI-FAST CR TRANSFER DR 451 KOPKARSYAHBSIQQKRW
2300016297;BI-FAST CR TRANSFER DR 008 GUNAWAN
2300016215;BI-FAST CR TRANSFER DR 002 ACHMAD JUPRI
2300016384;BI-FAST CR TRANSFER DR 011 SAFIRA SILVYLIA RA
2300010936;BI-FAST CR TRANSFER DR 022 KAKIATNA AGRO INDO
2300016737;BI-FAST CR TRANSFER DR 501 Richelle Briana Ha
2300001056;BI-FAST CR TRANSFER DR 008 GEETEE ROSEN TANUW
2300016591;BI-FAST CR TRANSFER DR 002 PROMART BKN
DISTRIBUTOR GREENFIELDS;BI-FAST CR TRANSFER DR 451 PTKELOLAPANGANINDO
2300017676;BI-FAST CR TRANSFER DR 013 KIMBERLEY ADONIA G
2300015444;BI-FAST CR TRANSFER DR 002 MUADZ HARUN
2300013207;BI-FAST CR TRANSFER DR 002 Q-THA SURYA PRATAM
2300014982;BI-FAST CR TRANSFER DR 046 FLIPTECH LENTERA I
2300016665;BI-FAST CR TRANSFER DR 008 OCTAVIANI
2300016253;BI-FAST CR TRANSFER DR 008 MITRA LOKACIPTA SE
2300017151;BI-FAST CR TRANSFER DR 009 CAI SEJAHTERA INDO
2300016603;BI-FAST CR TRANSFER DR 008 DWI PUSPITA ANGGRA
2300007137;BI-FAST CR TRANSFER DR 032 PT Kerry Ingredien
2300017400;BI-FAST CR TRANSFER DR 002 VIVI ANGELINA
2300012026;BI-FAST CR TRANSFER DR 002 SRI WAHYUNI
2300017344;BI-FAST CR TRANSFER DR 008 RAHMITA
2300017334;BI-FAST CR TRANSFER DR 008 NAUFAL RAMADHAN
2300010936;BI-FAST CR TRANSFER DR 022 KAKIATNA AGRO INDO
2300010936;BI-FAST CR TRANSFER DR 022 KAKIATNA AGRO INDO
2300015297;BI-FAST CR TRANSFER DR 008 NYDI CITRA ASARA S
2300015633;BI-FAST CR TRANSFER DR 028 GABRIELLA GUSTIAWA
2300017435;BI-FAST CR TRANSFER DR 002 NUNUNG SOBIATY
2300014642;BI-FAST CR TRANSFER DR 542 VITA DIAN PUTRI
2300015495;BI-FAST CR TRANSFER DR 008 CERITA RASA KITA
2300015919;BI-FAST CR TRANSFER DR 002 GEDUNG PINANG SELA
2300013207;BI-FAST CR TRANSFER DR 002 Q-THA SURYA PRATAM
2300017400;BI-FAST CR TRANSFER DR 002 VIVI ANGELINA
2300015297;BI-FAST CR TRANSFER DR 008 NYDI CITRA ASARA S
2300016623;BI-FAST CR TRANSFER DR 535 RATIH
2300012798;BI-FAST CR TRANSFER DR 451 KOPIKOPIANDBEVERAG
2300014400;BI-FAST CR TRANSFER DR 002 FILOSOFI KOPI SEJA
2300013152;BI-FAST CR TRANSFER DR 426 GABRIELLA ASTITI H
2300009307;BI-FAST CR TRANSFER DR 009 SATRIA MAJU BERSAM
2300015203;BI-FAST CR TRANSFER DR 022 GENESIS INDONESIA
2300015203;BI-FAST CR TRANSFER DR 022 GENESIS INDONESIA
2300008929;BI-FAST CR TRANSFER DR 008 YUDHO WANDONO ANGG
2300017428;BI-FAST CR TRANSFER DR 009 TIGO TUNGKU SAHATI
2300017428;BI-FAST CR TRANSFER DR 009 TIGO TUNGKU SAHATI
2300017428;BI-FAST CR TRANSFER DR 009 TIGO TUNGKU SAHATI
2300017252;BI-FAST CR TRANSFER DR 008 DINASTI BOGA NUSAN
2300016422;BI-FAST CR TRANSFER DR 008 MUHAMAD ARIGHI
2300011171;BI-FAST CR TRANSFER DR 002 PUNCAK LEMBAH HIJA
2300018389;BI-FAST CR TRANSFER DR 008 GLOBAL SINERGI INV
2300016533;BI-FAST CR TRANSFER DR 009 FAISAL HAFIZ MAHAK
2300016664;BI-FAST CR TRANSFER DR 008 BERKAH BOGA MANDIR
2300016903;BI-FAST CR TRANSFER DR 494 Andi Asnawanti Sos
2300015799;BI-FAST CR TRANSFER DR 542 HENNY
2300014697;BI-FAST CR TRANSFER DR 031 PT TRINUSA TRAVELI
2300016751;BI-FAST CR TRANSFER DR 008 YOSKA LESMANA
2300010936;BI-FAST CR TRANSFER DR 022 KAKIATNA AGRO INDO
2300010936;BI-FAST CR TRANSFER DR 022 KAKIATNA AGRO INDO
2300015992;BI-FAST CR TRANSFER DR 002 DWI URIP SUGIYANTO
2300015912;BI-FAST CR TRANSFER DR 008 YUDHI MALIK ALFRID
2300017475;BI-FAST CR TRANSFER DR 028 PEDAGANG UNGGUL IN
2300016423;BI-FAST CR TRANSFER DR 008 DEA UMYATI
2300014826;BI-FAST CR TRANSFER DR 022 ARGHA KARYA PRIMA
2300010516;BI-FAST CR TRANSFER DR 022 DCIKA PRIMA MAHKOT
2300017435;BI-FAST CR TRANSFER DR 002 NUNUNG SOBIATY
2300015919;BI-FAST CR TRANSFER DR 002 GEDUNG PINANG SELA
2300005091;BI-FAST CR TRANSFER DR 451 HERLYNKASMIR
2300016167;BI-FAST CR TRANSFER DR 008 HIOE MELANIE PRAST
2300015977;BI-FAST CR TRANSFER DR 008 BERKAT INTI SELARA
2300015149;BI-FAST CR TRANSFER DR 008 WANGSA SEQUOIA GRO
2300017279;BI-FAST CR TRANSFER DR 008 RAHMAT GOZALI
2300017676;BI-FAST CR TRANSFER DR 501 Kimberley Adonia G
2300017509;BI-FAST CR TRANSFER DR 008 FIRMAN ARVINDRA S
2300016895;BI-FAST CR TRANSFER DR 008 NURUL WINANTI
2300012940;BI-FAST CR TRANSFER DR 008 SELLY STEPANI
2300017409;BI-FAST CR TRANSFER DR 008 SARAH AFIFAH AZ ZA
DISTRIBUTOR GREENFIELDS;BI-FAST CR TRANSFER DR 153 CV BARU TANJAKAN
2300009183;BI-FAST CR TRANSFER DR 501 Diajeng Nurulita N
2300009183;BI-FAST CR TRANSFER DR 501 Diajeng Nurulita N
2300009183;BI-FAST CR TRANSFER DR 501 Diajeng Nurulita N
2300009183;BI-FAST CR TRANSFER DR 501 Diajeng Nurulita N
2300017351;BI-FAST CR TRANSFER DR 535 VANIA YUSPANDI
2300010687;BI-FAST CR TRANSFER DR 002 AGUNG PRASETYO
2300016384;BI-FAST CR TRANSFER DR 011 SAFIRA SILVYLIA RA
2300010936;BI-FAST CR TRANSFER DR 022 KAKIATNA AGRO INDO
2300010936;BI-FAST CR TRANSFER DR 022 KAKIATNA AGRO INDO
2300010936;BI-FAST CR TRANSFER DR 022 KAKIATNA AGRO INDO
2300008929;BI-FAST CR TRANSFER DR 008 YUDHO WANDONO ANGG
2300015630;BI-FAST CR TRANSFER DR 002 DINI INDRIYANI
2300017491;BI-FAST CR TRANSFER DR 002 JEFREE
2300014642;BI-FAST CR TRANSFER DR 542 VITA DIAN PUTRI
2300016032;BI-FAST CR TRANSFER DR 451 STEVIFEBRIANTO
2300015852;BI-FAST CR TRANSFER DR 501 Maria Magdalena Pe
2300012456;BI-FAST CR TRANSFER DR 002 RINO BAGUS PRASETY
2300006925;BI-FAST CR TRANSFER DR 009 VIDYANTI
2300015484;BI-FAST CR TRANSFER DR 002 BOBBY GUNAWAN
2300016259;BI-FAST CR TRANSFER DR 008 HANA RIZKA EFRILIA
2300015095;BI-FAST CR TRANSFER DR 008 ASTHA BUMI INDAH
2300013646;BI-FAST CR TRANSFER DR 008 LAILUL MUFARIDAH
2300014548;BI-FAST CR TRANSFER DR 009 ERY WIDYSULISTYO
2300017530;BI-FAST CR TRANSFER DR 002 DAPUR BOGA LESTARI
2300017583;BI-FAST CR TRANSFER DR 013 TIARANI INDRAPUTRI
2000066431;BI-FAST CR TRANSFER DR 008 YUMMY FOOD UTAMA
2300012106;BI-FAST CR TRANSFER DR 213 EVIELINA HERMAWATY
2300001531;BI-FAST CR TRANSFER DR 087 YAYASAN BRITISH SC
2300007109;BI-FAST CR TRANSFER DR 028 MAXIM JAYADI ABADI
2300007109;BI-FAST CR TRANSFER DR 028 MAXIM JAYADI ABADI
2300015992;BI-FAST CR TRANSFER DR 002 DWI URIP SUGIYANTO
2300017752;BI-FAST CR TRANSFER DR 008 PUTRA JAYUSA
2300017562;BI-FAST CR TRANSFER DR 036 EASTERN EXPANDING
2300016665;BI-FAST CR TRANSFER DR 008 OCTAVIANI
2300001531;BI-FAST CR TRANSFER DR 087 YAYASAN BRITISH SC
2300016092;BI-FAST CR TRANSFER DR 002 BULAN BINTOEN MATA
2300007137;BI-FAST CR TRANSFER DR 032 PT Kerry Ingredien
2300017078;BI-FAST CR TRANSFER DR 501 Rafly Rihza Arrohi
2300017382;BI-FAST CR TRANSFER DR 542 FARIS BUDIMAN ANNA
2300008929;BI-FAST CR TRANSFER DR 008 YUDHO WANDONO ANGG
2300010936;BI-FAST CR TRANSFER DR 022 KAKIATNA AGRO INDO
2300010936;BI-FAST CR TRANSFER DR 022 KAKIATNA AGRO INDO
2300010687;BI-FAST CR TRANSFER DR 002 AGUNG PRASETYO
2300015833;BI-FAST CR TRANSFER DR 009 ANDHIKA NUR PRATAM
2300012886;BI-FAST CR TRANSFER DR 008 JOHANES JETHRO NUG
2300017302;BI-FAST CR TRANSFER DR 008 BERTHA LIDYANA
2300015495;BI-FAST CR TRANSFER DR 008 CERITA RASA KITA
2300015495;BI-FAST CR TRANSFER DR 008 CERITA RASA KITA
2300017034;BI-FAST CR TRANSFER DR 002 TEZAR MAULANA ZAKY
2300015799;BI-FAST CR TRANSFER DR 542 HENNY
2300016623;BI-FAST CR TRANSFER DR 535 RATIH
2300016518;BI-FAST CR TRANSFER DR 002 ANGELIN OCTAVIANA
2300005025;BI-FAST CR TRANSFER DR 501 Eric
2300014400;BI-FAST CR TRANSFER DR 002 FILOSOFI KOPI SEJA
2300017676;BI-FAST CR TRANSFER DR 501 Kimberley Adonia G
2000066431;BI-FAST CR TRANSFER DR 008 YUMMY FOOD UTAMA
2300013609;BI-FAST CR TRANSFER DR 008 JAYA BOGA LESTARI
2300015203;BI-FAST CR TRANSFER DR 022 GENESIS INDONESIA
2300017475;BI-FAST CR TRANSFER DR 028 PEDAGANG UNGGUL IN
DISTRIBUTOR GREENFIELDS;BI-FAST CR TRANSFER DR 022 CLASSIC FINE FOODS
2300017428;BI-FAST CR TRANSFER DR 009 TIGO TUNGKU SAHATI
2300009307;BI-FAST CR TRANSFER DR 009 SATRIA MAJU BERSAM
2300015575;BI-FAST CR TRANSFER DR 451 NURHAYATI
2300011171;BI-FAST CR TRANSFER DR 002 PUNCAK LEMBAH HIJA
2300010531;BI-FAST CR TRANSFER DR 022 SEPULUH SEPULUH ST
2300015195;BI-FAST CR TRANSFER DR 002 NI KETUT ASTUTY
2300016664;BI-FAST CR TRANSFER DR 008 BERKAH BOGA MANDIR
2300016259;BI-FAST CR TRANSFER DR 008 HANA RIZKA EFRILIA
2300015919;BI-FAST CR TRANSFER DR 002 GEDUNG PINANG SELA
2300011768;BI-FAST CR TRANSFER DR 031 PT TRAVELOKA INDON
2300014697;BI-FAST CR TRANSFER DR 031 PT TRINUSA TRAVELI
2300008929;BI-FAST CR TRANSFER DR 008 YUDHO WANDONO ANGG
2300000838;BI-FAST CR TRANSFER DR 022 KITCHENETTE LESTAR
2300010936;BI-FAST CR TRANSFER DR 022 KAKIATNA AGRO INDO
2300010936;BI-FAST CR TRANSFER DR 022 KAKIATNA AGRO INDO
2300015149;BI-FAST CR TRANSFER DR 008 WANGSA SEQUOIA GRO
2300013116;BI-FAST CR TRANSFER DR 002 MUHAMMAD FARHAN AS
2300017435;BI-FAST CR TRANSFER DR 002 NUNUNG SOBIATY
2300016062;BI-FAST CR TRANSFER DR 008 CAHAYA INDAH ASIA
2300017262;BI-FAST CR TRANSFER DR 008 KOPERASI KONSUMEN
2300017262;BI-FAST CR TRANSFER DR 008 KOPERASI KONSUMEN
2300017089;BI-FAST CR TRANSFER DR 002 PT BOGA MANDALA SE
2300007218;BI-FAST CR TRANSFER DR 490 INSAN WAHYUNI
2300006408;BI-FAST CR TRANSFER DR 535 SITI RAHMAWATI
2300006408;BI-FAST CR TRANSFER DR 535 SITI RAHMAWATI
2300006408;BI-FAST CR TRANSFER DR 535 SITI RAHMAWATI
2300013202;BI-FAST CR TRANSFER DR 002 KOPEGBRINS SEJAHTE
2300016368;BI-FAST CR TRANSFER DR 019 SUMBER BARU DAMA
2300016062;BI-FAST CR TRANSFER DR 008 CAHAYA INDAH ASIA
2300016092;BI-FAST CR TRANSFER DR 002 BULAN BINTOEN MATA
2300017279;BI-FAST CR TRANSFER DR 008 RAHMAT GOZALI
2300013666;BI-FAST CR TRANSFER DR 002 GITA DJOEANG SEJAH
2300014642;BI-FAST CR TRANSFER DR 542 VITA DIAN PUTRI
2300014642;BI-FAST CR TRANSFER DR 542 VITA DIAN PUTRI
2300010687;BI-FAST CR TRANSFER DR 002 AGUNG PRASETYO
2300014362;BI-FAST CR TRANSFER DR 008 SANTI KATARINA SIP
2300017044;BI-FAST CR TRANSFER DR 490 ANASTALISIA KUSUMA
2300013207;BI-FAST CR TRANSFER DR 002 Q-THA SURYA PRATAM
2300015092;BI-FAST CR TRANSFER DR 008 RAJASA INTAMA
2300015626;BI-FAST CR TRANSFER DR 451 RIKYPUTRAPRATAMA
2300016895;BI-FAST CR TRANSFER DR 008 NURUL WINANTI
2300015931;BI-FAST CR TRANSFER DR 028 ISYE FITRIYULIASTU
2300010936;BI-FAST CR TRANSFER DR 022 KAKIATNA AGRO INDO
2300010936;BI-FAST CR TRANSFER DR 022 KAKIATNA AGRO INDO
2300010936;BI-FAST CR TRANSFER DR 022 KAKIATNA AGRO INDO
2300015181;BI-FAST CR TRANSFER DR 008 WISMA KANTA UTAMA
2300017157;BI-FAST CR TRANSFER DR 022 YANG MUDA MAKMUR
2300011370;BI-FAST CR TRANSFER DR 023 WANATA JAYA CIPTA,
2300016133;BI-FAST CR TRANSFER DR 008 SUSI SULASTRI
2300015155;BI-FAST CR TRANSFER DR 008 FIRDAUS NIKMATULLA
2300013033;BI-FAST CR TRANSFER DR 008 LIZA ASTRINA DEVI
2300015484;BI-FAST CR TRANSFER DR 002 TRIAN ADI PURNAMA
2300014982;BI-FAST CR TRANSFER DR 046 FLIPTECH LENTERA I
2300016603;BI-FAST CR TRANSFER DR 008 DWI PUSPITA ANGGRA
2300015484;BI-FAST CR TRANSFER DR 002 BOBBY GUNAWAN
DISTRIBUTOR GREENFIELDS;BI-FAST CR TRANSFER DR 153 CV BARU TANJAKAN
DISTRIBUTOR GREENFIELDS;BI-FAST CR TRANSFER DR 153 CV BARU TANJAKAN
2300015530;BI-FAST CR TRANSFER DR 009 PISON RESTOKOPI PR
2300017302;BI-FAST CR TRANSFER DR 008 BERTHA LIDYANA
2300017252;BI-FAST CR TRANSFER DR 008 DINASTI BOGA NUSAN
2300014933;BI-FAST CR TRANSFER DR 451 KOPKARSYAHBSIQQKRW
2300017262;BI-FAST CR TRANSFER DR 008 KOPERASI KONSUMEN
2300017653;BI-FAST CR TRANSFER DR 008 AGUS CHANDRA WAHYU
2300015533;BI-FAST CR TRANSFER DR 008 POLARIS INSTRUMENT
2300015661;BI-FAST CR TRANSFER DR 002 FAHREZA DUTA PERKA
2300008929;BI-FAST CR TRANSFER DR 008 YUDHO WANDONO ANGG
2300017262;BI-FAST CR TRANSFER DR 008 KOPERASI KONSUMEN
2300013016;BI-FAST CR TRANSFER DR 009 WAHYUDI
2300017514;BI-FAST CR TRANSFER DR 008 KORI-HABITAT UNTUK
2300013207;BI-FAST CR TRANSFER DR 002 Q-THA SURYA PRATAM
2300016133;BI-FAST CR TRANSFER DR 008 SUSI SULASTRI
2300013780;BI-FAST CR TRANSFER DR 008 JEDO ABADI LESTARI
2300009183;BI-FAST CR TRANSFER DR 501 Diajeng Nurulita N
2300009183;BI-FAST CR TRANSFER DR 501 Diajeng Nurulita N
2300015723;BI-FAST CR TRANSFER DR 009 SIMSEM PAYROLL BNI
2300017044;BI-FAST CR TRANSFER DR 490 ANASTALISIA KUSUMA
2300017514;BI-FAST CR TRANSFER DR 008 SAOLA-HABITAT UNTU
2300016665;BI-FAST CR TRANSFER DR 008 OCTAVIANI
2300007137;BI-FAST CR TRANSFER DR 032 PT Kerry Ingredien
2300008691;BI-FAST CR TRANSFER DR 022 HERBERT TANUDJAJA
2300008691;BI-FAST CR TRANSFER DR 022 HERBERT TANUDJAJA
DISTRIBUTOR GREENFIELDS;BI-FAST CR TRANSFER DR 009 BERKAT LARIS GEMIL
2300016032;BI-FAST CR TRANSFER DR 451 STEVIFEBRIANTO
2300010936;BI-FAST CR TRANSFER DR 022 KAKIATNA AGRO INDO
2300010936;BI-FAST CR TRANSFER DR 022 KAKIATNA AGRO INDO
2300012940;BI-FAST CR TRANSFER DR 008 SELLY STEPANI
2300017168;BI-FAST CR TRANSFER DR 022 KREASI ABADI SELAR
2300015919;BI-FAST CR TRANSFER DR 002 GEDUNG PINANG SELA
2300011370;BI-FAST CR TRANSFER DR 023 WANATA JAYA CIPTA,
2300015495;BI-FAST CR TRANSFER DR 008 CERITA RASA KITA
2300007215;BI-FAST CR TRANSFER DR 087 HADIPUTRANTO HADIN
2300015852;BI-FAST CR TRANSFER DR 501 Maria Magdalena Pe
2300007215;BI-FAST CR TRANSFER DR 087 HADIPUTRANTO HADIN
2300016562;BI-FAST CR TRANSFER DR 008 MAKY GROUP INDONES
2300008691;BI-FAST CR TRANSFER DR 022 HERBERT TANUDJAJA
DISTRIBUTOR GREENFIELDS;BI-FAST CR TRANSFER DR 009 BERKAT LARIS GEMIL
2300017409;BI-FAST CR TRANSFER DR 008 SARAH AFIFAH AZ ZA
2300006204;BI-FAST CR TRANSFER DR 008 SARMAIDA MANURUNG
2300018564;BI-FAST CR TRANSFER DR 002 MULTI ALAM NUSANTA
2300017279;BI-FAST CR TRANSFER DR 008 RAHMAT GOZALI
2300011668;BI-FAST CR TRANSFER DR 200 KOPERASI PEGAWAI B
2300015833;BI-FAST CR TRANSFER DR 009 ANDHIKA NUR PRATAM
2300009307;BI-FAST CR TRANSFER DR 009 SATRIA MAJU BERSAM
2300008929;BI-FAST CR TRANSFER DR 008 YUDHO WANDONO ANGG
2300006571;BI-FAST CR TRANSFER DR 009 PISON ANUGERAH PR
2300005478;BI-FAST CR TRANSFER DR 022 FILOSOFI ADIDAYA I
2300005478;BI-FAST CR TRANSFER DR 022 FILOSOFI ADIDAYA I
2300005478;BI-FAST CR TRANSFER DR 022 FILOSOFI ADIDAYA I
2300015149;BI-FAST CR TRANSFER DR 008 WANGSA SEQUOIA GRO
2300015106;BI-FAST CR TRANSFER DR 002 NOVITASARI
2300018389;BI-FAST CR TRANSFER DR 008 GLOBAL SINERGI INV
2300015203;BI-FAST CR TRANSFER DR 022 GENESIS INDONESIA
2300017156;BI-FAST CR TRANSFER DR 028 RIVA LAURITZ
2300017156;BI-FAST CR TRANSFER DR 028 RIVA LAURITZ
2300017156;BI-FAST CR TRANSFER DR 028 RIVA LAURITZ
2300017156;BI-FAST CR TRANSFER DR 028 RIVA LAURITZ
2300016423;BI-FAST CR TRANSFER DR 008 DEA UMYATI
2300017034;BI-FAST CR TRANSFER DR 002 TEZAR MAULANA ZAKY
2300007488;BI-FAST CR TRANSFER DR 494 Ponco Sunarto
2300012456;BI-FAST CR TRANSFER DR 002 RINO BAGUS PRASETY
2000066431;BI-FAST CR TRANSFER DR 008 YUMMY FOOD UTAMA
2300016611;BI-FAST CR TRANSFER DR 022 RIA SRI WOELANDARI
2300016611;BI-FAST CR TRANSFER DR 022 RIA SRI WOELANDARI
2300016611;BI-FAST CR TRANSFER DR 022 RIA SRI WOELANDARI
2300016890;BI-FAST CR TRANSFER DR 002 MOHAMAD FIRMAN SYA
2300016910;BI-FAST CR TRANSFER DR 009 ARSA AMERTA NUGRAH
2300015799;BI-FAST CR TRANSFER DR 542 HENNY
2300017435;BI-FAST CR TRANSFER DR 002 NUNUNG SOBIATY
2300017252;BI-FAST CR TRANSFER DR 008 DINASTI BOGA NUSAN
2300014982;BI-FAST CR TRANSFER DR 046 FLIPTECH LENTERA I
2300016611;BI-FAST CR TRANSFER DR 022 RIA SRI WOELANDARI
2300016611;BI-FAST CR TRANSFER DR 022 RIA SRI WOELANDARI
2300016611;BI-FAST CR TRANSFER DR 022 RIA SRI WOELANDARI
2300012521;BI-FAST CR TRANSFER DR 008 MUTHOHAROH
2300018564;BI-FAST CR TRANSFER DR 002 MULTI ALAM NUSANTA
2300015203;BI-FAST CR TRANSFER DR 022 GENESIS INDONESIA
2300016062;BI-FAST CR TRANSFER DR 008 CAHAYA INDAH ASIA
2300011554;BI-FAST CR TRANSFER DR 009 ADIRAI SUMBER REJE
2300016538;BI-FAST CR TRANSFER DR 002 MUTAALIDA
2300011768;BI-FAST CR TRANSFER DR 031 PT TRAVELOKA INDON
2300014697;BI-FAST CR TRANSFER DR 031 PT TRINUSA TRAVELI
2300016664;BI-FAST CR TRANSFER DR 008 BERKAH BOGA MANDIR
2300016664;BI-FAST CR TRANSFER DR 008 BERKAH BOGA MANDIR
2300017615;BI-FAST CR TRANSFER DR 022 PRIMA FENOMENA JAY
2300010936;BI-FAST CR TRANSFER DR 022 KAKIATNA AGRO INDO
2300010936;BI-FAST CR TRANSFER DR 022 KAKIATNA AGRO INDO
2300017849;BI-FAST CR TRANSFER DR 501 Aditya Pratama Sir
2300017425;BI-FAST CR TRANSFER DR 008 AKHMAD RIZKY WICAK
2300016342;BI-FAST CR TRANSFER DR 008 TONY DARMAWI
2300015992;BI-FAST CR TRANSFER DR 002 DWI URIP SUGIYANTO
2300009183;BI-FAST CR TRANSFER DR 501 Diajeng Nurulita N
2300010687;BI-FAST CR TRANSFER DR 002 AGUNG PRASETYO
2300008929;BI-FAST CR TRANSFER DR 009 ADITYA NALAWANGSA
2300017570;BI-FAST CR TRANSFER DR 008 AGREYA BERKAH INDO
DISTRIBUTOR GREENFIELDS;BI-FAST CR TRANSFER DR 008 KELOLA PANGAN INDO
2300015633;BI-FAST CR TRANSFER DR 028 GABRIELLA GUSTIAWA
2300013876;BI-FAST CR TRANSFER DR 002 COTTA TERRA PRIMA
2300008706;BI-FAST CR TRANSFER DR 008 ANDIKA AJIESASTRA
DISTRIBUTOR GREENFIELDS;BI-FAST CR TRANSFER DR 153 CV BARU TANJAKAN
2300014329;BI-FAST CR TRANSFER DR 153 CV CATUR NIAGA SEN
2300016895;BI-FAST CR TRANSFER DR 008 NURUL WINANTI
2300016092;BI-FAST CR TRANSFER DR 002 BULAN BINTOEN MATA
2300017435;BI-FAST CR TRANSFER DR 002 NUNUNG SOBIATY
2300008929;BI-FAST CR TRANSFER DR 009 ADITYA NALAWANGSA
2300010936;BI-FAST CR TRANSFER DR 022 KAKIATNA AGRO INDO
2300010936;BI-FAST CR TRANSFER DR 022 KAKIATNA AGRO INDO
2300010936;BI-FAST CR TRANSFER DR 022 KAKIATNA AGRO INDO
2300011370;BI-FAST CR TRANSFER DR 023 WANATA JAYA CIPTA,
2300016167;BI-FAST CR TRANSFER DR 008 HIOE MELANIE PRAST
2300015755;BI-FAST CR TRANSFER DR 535 AWANGGA
2300016837;BI-FAST CR TRANSFER DR 426 MAWAR SARI MAKMUR
2300016693;BI-FAST CR TRANSFER DR 028 ASTA BUMI CIPTA
2300016253;BI-FAST CR TRANSFER DR 008 MITRA LOKACIPTA SE
2300014642;BI-FAST CR TRANSFER DR 542 VITA DIAN PUTRI
2300014642;BI-FAST CR TRANSFER DR 542 VITA DIAN PUTRI
2300017279;BI-FAST CR TRANSFER DR 008 RAHMAT GOZALI
2300012026;BI-FAST CR TRANSFER DR 002 SRI WAHYUNI
2300016883;BI-FAST CR TRANSFER DR 002 PT BUGAR JIWA RAGA
2300012952;BI-FAST CR TRANSFER DR 484 FRANCISCA
2300016578;BI-FAST CR TRANSFER DR 008 MAHER SYALAL HASY
2300013650;BI-FAST CR TRANSFER DR 009 SIMSEM PAYROLL BNI
2300010516;BI-FAST CR TRANSFER DR 022 DCIKA PRIMA MAHKOT
2300007109;BI-FAST CR TRANSFER DR 028 MAXIM JAYADI ABADI
2300007109;BI-FAST CR TRANSFER DR 028 MAXIM JAYADI ABADI
2300007109;BI-FAST CR TRANSFER DR 028 MAXIM JAYADI ABADI
MODERN TRADE;BI-FAST CR TRANSFER DR 002 JAKARTA SENTRA ARO
2300015997;BI-FAST CR TRANSFER DR 022 DEANDI PRIMOSAPUTE
2300016665;BI-FAST CR TRANSFER DR 008 OCTAVIANI
2300017408;BI-FAST CR TRANSFER DR 002 PT SELARAS RASA IN
2300007137;BI-FAST CR TRANSFER DR 032 PT Kerry Ingredien
2300012106;BI-FAST CR TRANSFER DR 213 EVIELINA HERMAWATY
2300017794;BI-FAST CR TRANSFER DR 008 IRMA ENGGELINE TAK
2300015127;BI-FAST CR TRANSFER DR 008 ANIS YULITA
2300015127;BI-FAST CR TRANSFER DR 008 ANIS YULITA
2300016611;BI-FAST CR TRANSFER DR 022 RIA SRI WOELANDARI
2300013646;BI-FAST CR TRANSFER DR 008 LAILUL MUFARIDAH
2300010936;BI-FAST CR TRANSFER DR 022 KAKIATNA AGRO INDO
2300010936;BI-FAST CR TRANSFER DR 022 KAKIATNA AGRO INDO
2300015533;BI-FAST CR TRANSFER DR 008 POLARIS INSTRUMENT
2300015919;BI-FAST CR TRANSFER DR 002 GEDUNG PINANG SELA
2300015495;BI-FAST CR TRANSFER DR 008 CERITA RASA KITA
2300017795;BI-FAST CR TRANSFER DR 009 SENTRA GASTRONOMI
2300017795;BI-FAST CR TRANSFER DR 009 SENTRA GASTRONOMI
2300014400;BI-FAST CR TRANSFER DR 002 FILOSOFI KOPI SEJA
2300015092;BI-FAST CR TRANSFER DR 008 RAJASA INTAMA
2300017796;BI-FAST CR TRANSFER DR 002 DEDE MIZWAR ANAZ
2300016603;BI-FAST CR TRANSFER DR 008 DWI PUSPITA ANGGRA
2300012798;BI-FAST CR TRANSFER DR 451 KOPIKOPIANDBEVERAG
2300010687;BI-FAST CR TRANSFER DR 002 AGUNG PRASETYO
2300016538;BI-FAST CR TRANSFER DR 002 MUTAALIDA
2300015203;BI-FAST CR TRANSFER DR 022 GENESIS INDONESIA
2300015203;BI-FAST CR TRANSFER DR 022 GENESIS INDONESIA
2300012940;BI-FAST CR TRANSFER DR 008 SELLY STEPANI
2300008691;BI-FAST CR TRANSFER DR 022 HERBERT TANUDJAJA
2300008691;BI-FAST CR TRANSFER DR 022 HERBERT TANUDJAJA
2300008929;BI-FAST CR TRANSFER DR 009 ADITYA NALAWANGSA
DISTRIBUTOR GREENFIELDS;BI-FAST CR TRANSFER DR 022 CLASSIC FINE FOODS
2300017037;BI-FAST CR TRANSFER DR 451 NURULHUMAIROH
2300016248;BI-FAST CR TRANSFER DR 008 DJUWITA FANYWATI S
2300015149;BI-FAST CR TRANSFER DR 008 WANGSA SEQUOIA GRO
2300015155;BI-FAST CR TRANSFER DR 008 FIRDAUS NIKMATULLA
2300014982;BI-FAST CR TRANSFER DR 046 FLIPTECH LENTERA I
2300015127;BI-FAST CR TRANSFER DR 008 ANIS YULITA
2300013202;BI-FAST CR TRANSFER DR 002 KOPEGBRINS SEJAHTE
2300010531;BI-FAST CR TRANSFER DR 022 SEPULUH SEPULUH ST
2300016628;BI-FAST CR TRANSFER DR 008 ANDRI WICAKSONO
2300016664;BI-FAST CR TRANSFER DR 008 BERKAH BOGA MANDIR
2300015630;BI-FAST CR TRANSFER DR 002 DINI INDRIYANI
2300017156;BI-FAST CR TRANSFER DR 028 RIVA LAURITZ
2300014933;BI-FAST CR TRANSFER DR 451 KOPKARSYAHBSIQQKRW
2300014933;BI-FAST CR TRANSFER DR 451 KOPKARSYAHBSIQQKRH
2300015852;BI-FAST CR TRANSFER DR 501 Maria Magdalena Pe
2300010936;BI-FAST CR TRANSFER DR 022 KAKIATNA AGRO INDO
2300010936;BI-FAST CR TRANSFER DR 022 KAKIATNA AGRO INDO
2300012456;BI-FAST CR TRANSFER DR 002 RINO BAGUS PRASETY
2300016423;BI-FAST CR TRANSFER DR 008 DEA UMYATI
2300016056;BI-FAST CR TRANSFER DR 213 AGUR HARJANTO
2300017435;BI-FAST CR TRANSFER DR 002 NUNUNG SOBIATY
2300017252;BI-FAST CR TRANSFER DR 008 DINASTI BOGA NUSAN
2300017653;BI-FAST CR TRANSFER DR 008 AGUS CHANDRA WAHYU
2300016533;BI-FAST CR TRANSFER DR 009 FAISAL HAFIZ MAHAK
2300013207;BI-FAST CR TRANSFER DR 002 Q-THA SURYA PRATAM
2300011171;BI-FAST CR TRANSFER DR 002 PUNCAK LEMBAH HIJA
2300017409;BI-FAST CR TRANSFER DR 008 SARAH AFIFAH AZ ZA
2300016092;BI-FAST CR TRANSFER DR 002 BULAN BINTOEN MATA
2300016903;BI-FAST CR TRANSFER DR 494 Andi Asnawanti Sos
2300008929;BI-FAST CR TRANSFER DR 009 ADITYA NALAWANGSA
2300016342;BI-FAST CR TRANSFER DR 008 TONY DARMAWI
2300015633;BI-FAST CR TRANSFER DR 028 GABRIELLA GUSTIAWA
2300014642;BI-FAST CR TRANSFER DR 542 VITA DIAN PUTRI
2300015095;BI-FAST CR TRANSFER DR 008 ASTHA BUMI INDAH
2300015799;BI-FAST CR TRANSFER DR 542 HENNY
2300015484;BI-FAST CR TRANSFER DR 002 TRIAN ADI PURNAMA
2300017030;BI-FAST CR TRANSFER DR 008 ALI HASANUDIN
2300017351;BI-FAST CR TRANSFER DR 535 VANIA YUSPANDI
2300017262;BI-FAST CR TRANSFER DR 008 KOPERASI KONSUMEN
2300016297;BI-FAST CR TRANSFER DR 008 GUNAWAN
2300010936;BI-FAST CR TRANSFER DR 022 KAKIATNA AGRO INDO
2300010936;BI-FAST CR TRANSFER DR 022 KAKIATNA AGRO INDO
2300010936;BI-FAST CR TRANSFER DR 022 KAKIATNA AGRO INDO
2300001056;BI-FAST CR TRANSFER DR 008 GEETEE ROSEN TANUW
2300015833;BI-FAST CR TRANSFER DR 009 ANDHIKA NUR PRATAM
2300007215;BI-FAST CR TRANSFER DR 087 HADIPUTRANTO HADIN
2300015992;BI-FAST CR TRANSFER DR 002 DWI URIP SUGIYANTO
2300017157;BI-FAST CR TRANSFER DR 022 YANG MUDA MAKMUR
2300017157;BI-FAST CR TRANSFER DR 022 YANG MUDA MAKMUR
2300016133;BI-FAST CR TRANSFER DR 008 SUSI SULASTRI
2300013780;BI-FAST CR TRANSFER DR 008 JEDO ABADI LESTARI
2300017317;BI-FAST CR TRANSFER DR 535 DONOVAN ALFA MBOE
2300015127;BI-FAST CR TRANSFER DR 008 ANIS YULITA
2300017262;BI-FAST CR TRANSFER DR 008 KOPERASI KONSUMEN
2300010687;BI-FAST CR TRANSFER DR 002 AGUNG PRASETYO
2300011370;BI-FAST CR TRANSFER DR 023 WANATA JAYA CIPTA,
2300017864;BI-FAST CR TRANSFER DR 008 DEDI KURNIAWAN SAP
2300015661;BI-FAST CR TRANSFER DR 002 FAHREZA DUTA PERKA
2300016737;BI-FAST CR TRANSFER DR 501 Richelle Briana Ha
2300016737;BI-FAST CR TRANSFER DR 501 Richelle Briana Ha
2300016737;BI-FAST CR TRANSFER DR 501 Richelle Briana Ha
2300008929;BI-FAST CR TRANSFER DR 009 ADITYA NALAWANGSA
DISTRIBUTOR GREENFIELDS;BI-FAST CR TRANSFER DR 451 PTKELOLAPANGANINDO
2300017389;BI-FAST CR TRANSFER DR 008 ANANDA EKA WIJAYA
2300017494;BI-FAST CR TRANSFER DR 008 MUSBAWATI KUMBU
2300013152;BI-FAST CR TRANSFER DR 426 GABRIELLA ASTITI H
2300016603;BI-FAST CR TRANSFER DR 008 DWI PUSPITA ANGGRA
2300017317;BI-FAST CR TRANSFER DR 535 DONOVAN ALFA MBOE
DISTRIBUTOR GREENFIELDS;BI-FAST CR TRANSFER DR 009 BERKAT LARIS GEMIL
2300016665;BI-FAST CR TRANSFER DR 008 OCTAVIANI
2300017509;BI-FAST CR TRANSFER DR 008 FIRMAN ARVINDRA S
2300007137;BI-FAST CR TRANSFER DR 032 PT Kerry Ingredien
2300010936;BI-FAST CR TRANSFER DR 022 KAKIATNA AGRO INDO
2300010936;BI-FAST CR TRANSFER DR 022 KAKIATNA AGRO INDO
2300017334;BI-FAST CR TRANSFER DR 008 NAUFAL RAMADHAN
2300017452;BI-FAST CR TRANSFER DR 501 Dian Kartika Nugro
2300008691;BI-FAST CR TRANSFER DR 022 HERBERT TANUDJAJA
2300016562;BI-FAST CR TRANSFER DR 008 MAKY GROUP INDONES
2300016562;BI-FAST CR TRANSFER DR 008 MAKY GROUP INDONES
2300015495;BI-FAST CR TRANSFER DR 008 CERITA RASA KITA
2300010105;BI-FAST CR TRANSFER DR 008 KOPKAR MADANI ASTR
2300017795;BI-FAST CR TRANSFER DR 009 SENTRA GASTRONOMI
2300014400;BI-FAST CR TRANSFER DR 002 FILOSOFI KOPI SEJA
2300017344;BI-FAST CR TRANSFER DR 008 RAHMITA
2300013116;BI-FAST CR TRANSFER DR 535 MUHAMMAD FARHAN AS
2300017514;BI-FAST CR TRANSFER DR 008 KORI-HABITAT UNTUK
2300017400;BI-FAST CR TRANSFER DR 002 VIVI ANGELINA
2300017151;BI-FAST CR TRANSFER DR 009 CAI SEJAHTERA INDO
2300011171;BI-FAST CR TRANSFER DR 002 PUNCAK LEMBAH HIJA
2300017400;BI-FAST CR TRANSFER DR 002 VIVI ANGELINA
2300014528;BI-FAST CR TRANSFER DR 022 SELERA MUDA BERKRE
2300017452;BI-FAST CR TRANSFER DR 501 Dian Kartika Nugro
2300016591;BI-FAST CR TRANSFER DR 002 PROMART BKN
2300011768;BI-FAST CR TRANSFER DR 031 PT TRAVELOKA INDON
2300010687;BI-FAST CR TRANSFER DR 002 AGUNG PRASETYO
2300012521;BI-FAST CR TRANSFER DR 008 MUTHOHAROH
2300015203;BI-FAST CR TRANSFER DR 022 GENESIS INDONESIA
2300009307;BI-FAST CR TRANSFER DR 009 SATRIA MAJU BERSAM
2300016910;BI-FAST CR TRANSFER DR 009 ARSA AMERTA NUGRAH
2300015533;BI-FAST CR TRANSFER DR 008 POLARIS INSTRUMENT
2300017615;BI-FAST CR TRANSFER DR 022 PRIMA FENOMENA JAY
2300015633;BI-FAST CR TRANSFER DR 028 GABRIELLA GUSTIAWA
2300008929;BI-FAST CR TRANSFER DR 009 ADITYA NALAWANGSA
2300016895;BI-FAST CR TRANSFER DR 008 NURUL WINANTI
2300015997;BI-FAST CR TRANSFER DR 022 DEANDI PRIMOSAPUTE
2300012940;BI-FAST CR TRANSFER DR 008 SELLY STEPANI
2300012980;BI-FAST CR TRANSFER DR 002 AFRIDA FATHARANI
2300001531;BI-FAST CR TRANSFER DR 087 YAYASAN BRITISH SC
2300016538;BI-FAST CR TRANSFER DR 002 MUTAALIDA
2300017428;BI-FAST CR TRANSFER DR 009 TIGO TUNGKU SAHATI
2300000838;BI-FAST CR TRANSFER DR 022 KITCHENETTE LESTAR
2300017252;BI-FAST CR TRANSFER DR 008 DINASTI BOGA NUSAN
2300016664;BI-FAST CR TRANSFER DR 008 BERKAH BOGA MANDIR
2300016664;BI-FAST CR TRANSFER DR 008 BERKAH BOGA MANDIR
2300017944;BI-FAST CR TRANSFER DR 535 SILVIA
2300015328;BI-FAST CR TRANSFER DR 548 JOHANNES BENJAMIN
2300014786;BI-FAST CR TRANSFER DR 002 HAVA CREATION INTE
2300016215;BI-FAST CR TRANSFER DR 002 ACHMAD JUPRI
2300010936;BI-FAST CR TRANSFER DR 022 KAKIATNA AGRO INDO
2300010936;BI-FAST CR TRANSFER DR 022 KAKIATNA AGRO INDO
2300018389;BI-FAST CR TRANSFER DR 008 GLOBAL SINERGI INV
2300015919;BI-FAST CR TRANSFER DR 002 GEDUNG PINANG SELA
2300017828;BI-FAST CR TRANSFER DR 008 JELIN ROSALINA
2300016423;BI-FAST CR TRANSFER DR 008 DEA UMYATI
MODERN TRADE;BI-FAST CR TRANSFER DR 002 JAKARTA SENTRA ARO
2300015992;BI-FAST CR TRANSFER DR 002 DWI URIP SUGIYANTO
2300013202;BI-FAST CR TRANSFER DR 002 KOPEGBRINS SEJAHTE
2300015092;BI-FAST CR TRANSFER DR 008 RAJASA INTAMA
2300015723;BI-FAST CR TRANSFER DR 009 SIMSEM PAYROLL BNI
2300006204;BI-FAST CR TRANSFER DR 008 SARMAIDA MANURUNG
2300016422;BI-FAST CR TRANSFER DR 008 MUHAMAD ARIGHI
2300015250;BI-FAST CR TRANSFER DR 008 AKMAL RIFQY FIRDAU
2300016632;BI-FAST CR TRANSFER DR 008 OKTAVIANTI PUSPITA
2300017796;BI-FAST CR TRANSFER DR 002 DEDE MIZWAR ANAZ
2300008929;BI-FAST CR TRANSFER DR 009 ADITYA NALAWANGSA
2300017794;BI-FAST CR TRANSFER DR 008 IRMA ENGGELINE TAK
2300017570;BI-FAST CR TRANSFER DR 008 AGREYA BERKAH INDO
2300016062;BI-FAST CR TRANSFER DR 008 CAHAYA INDAH ASIA
2300017409;BI-FAST CR TRANSFER DR 008 SARAH AFIFAH AZ ZA
2300016611;BI-FAST CR TRANSFER DR 022 RIA SRI WOELANDARI
2300017078;BI-FAST CR TRANSFER DR 501 Rafly Rihza Arrohi
DISTRIBUTOR GREENFIELDS;BI-FAST CR TRANSFER DR 153 CV BARU TANJAKAN
2300016890;BI-FAST CR TRANSFER DR 002 MOHAMAD FIRMAN SYA
2300010687;BI-FAST CR TRANSFER DR 002 AGUNG PRASETYO
2300017289;BI-FAST CR TRANSFER DR 008 MITRA DAGANG MADAN
2300008929;BI-FAST CR TRANSFER DR 009 ADITYA NALAWANGSA
2300010936;BI-FAST CR TRANSFER DR 022 KAKIATNA AGRO INDO
2300010936;BI-FAST CR TRANSFER DR 022 KAKIATNA AGRO INDO
2300012044;BI-FAST CR TRANSFER DR 008 DIPURI SELARAS MEM
2300017478;BI-FAST CR TRANSFER DR 022 BUNGA CARLIANA
2300007028;BI-FAST CR TRANSFER DR 013 RITA SUKMAWANGI,SE
2300012044;BI-FAST CR TRANSFER DR 008 DIPURI SELARAS MEM
2300017475;BI-FAST CR TRANSFER DR 028 PEDAGANG UNGGUL IN
2000066431;BI-FAST CR TRANSFER DR 008 YUMMY FOOD UTAMA
2300015799;BI-FAST CR TRANSFER DR 542 HENNY
2300017157;BI-FAST CR TRANSFER DR 022 YANG MUDA MAKMUR
2300017252;BI-FAST CR TRANSFER DR 008 DINASTI BOGA NUSAN
2300013780;BI-FAST CR TRANSFER DR 008 JEDO ABADI LESTARI
2300017562;BI-FAST CR TRANSFER DR 036 EASTERN EXPANDING
2300016253;BI-FAST CR TRANSFER DR 008 MITRA LOKACIPTA SE
2300015997;BI-FAST CR TRANSFER DR 022 DEANDI PRIMOSAPUTE
2300016167;BI-FAST CR TRANSFER DR 008 HIOE MELANIE PRAST
2300016895;BI-FAST CR TRANSFER DR 008 NURUL WINANTI
2300016092;BI-FAST CR TRANSFER DR 002 BULAN BINTOEN MATA
2300015977;BI-FAST CR TRANSFER DR 008 BERKAT INTI SELARA
2300016578;BI-FAST CR TRANSFER DR 008 MAHER SYALAL HASY
2300017828;BI-FAST CR TRANSFER DR 008 JELIN ROSALINA
2300015833;BI-FAST CR TRANSFER DR 009 ANDHIKA NUR PRATAM
2300010936;BI-FAST CR TRANSFER DR 022 KAKIATNA AGRO INDO
2300012886;BI-FAST CR TRANSFER DR 008 JOHANES JETHRO NUG
2300012886;BI-FAST CR TRANSFER DR 008 JOHANES JETHRO NUG
2300014642;BI-FAST CR TRANSFER DR 542 VITA DIAN PUTRI
2300014642;BI-FAST CR TRANSFER DR 542 VITA DIAN PUTRI
2300012106;BI-FAST CR TRANSFER DR 213 EVIELINA HERMAWATY
2300005430;BI-FAST CR TRANSFER DR 008 JALAN SALURAN BERK
2300001305;BI-FAST CR TRANSFER DR 008 RAJA RASA ALAMI
2300016665;BI-FAST CR TRANSFER DR 008 OCTAVIANI
2300007137;BI-FAST CR TRANSFER DR 032 PT Kerry Ingredien
2300007109;BI-FAST CR TRANSFER DR 028 MAXIM JAYADI ABADI
2300007109;BI-FAST CR TRANSFER DR 028 MAXIM JAYADI ABADI
2300015127;BI-FAST CR TRANSFER DR 008 ANIS YULITA
2300016883;BI-FAST CR TRANSFER DR 002 PT BUGAR JIWA RAGA
2300017930;BI-FAST CR TRANSFER DR 009 REZA ZIA UL RAHMAN
2300017452;BI-FAST CR TRANSFER DR 501 Dian Kartika Nugro
2300010936;BI-FAST CR TRANSFER DR 022 KAKIATNA AGRO INDO
2300010936;BI-FAST CR TRANSFER DR 022 KAKIATNA AGRO INDO
DISTRIBUTOR GREENFIELDS;BI-FAST CR TRANSFER DR 451 PTKELOLAPANGANINDO
2300015495;BI-FAST CR TRANSFER DR 008 CERITA RASA KITA
2300013016;BI-FAST CR TRANSFER DR 009 WAHYUDI
2300016032;BI-FAST CR TRANSFER DR 451 STEVIFEBRIANTO
2300014400;BI-FAST CR TRANSFER DR 002 FILOSOFI KOPI SEJA
2300013152;BI-FAST CR TRANSFER DR 426 GABRIELLA ASTITI H
2300017923;BI-FAST CR TRANSFER DR 002 SEKARARUM ADIANITA
2300015149;BI-FAST CR TRANSFER DR 008 WANGSA SEQUOIA GRO
2300015484;BI-FAST CR TRANSFER DR 002 BOBBY GUNAWAN
2300017509;BI-FAST CR TRANSFER DR 008 FIRMAN ARVINDRA S
2300009765;BI-FAST CR TRANSFER DR 008 ROOVEE BERKAT SENA
2300012798;BI-FAST CR TRANSFER DR 451 KOPIKOPIANDBEVERAG
2300017838;BI-FAST CR TRANSFER DR 013 NURYANI
2300008929;BI-FAST CR TRANSFER DR 009 ADITYA NALAWANGSA
2300009307;BI-FAST CR TRANSFER DR 009 SATRIA MAJU BERSAM
2300000925;BI-FAST CR TRANSFER DR 022 PRIMA ISMAYA SEJAH
2300010687;BI-FAST CR TRANSFER DR 002 AGUNG PRASETYO
DISTRIBUTOR GREENFIELDS;BI-FAST CR TRANSFER DR 022 CLASSIC FINE FOODS
2300016259;BI-FAST CR TRANSFER DR 008 HANA RIZKA EFRILIA
2300011370;BI-FAST CR TRANSFER DR 023 WANATA JAYA CIPTA,
2300012456;BI-FAST CR TRANSFER DR 002 RINO BAGUS PRASETY
2300009752;BI-FAST CR TRANSFER DR 028 ADICIPTA BOGA INTI
2300009752;BI-FAST CR TRANSFER DR 028 ADICIPTA BOGA INTI
2300009752;BI-FAST CR TRANSFER DR 028 ADICIPTA BOGA INTI
2300017408;BI-FAST CR TRANSFER DR 002 PT SELARAS RASA IN
2300016603;BI-FAST CR TRANSFER DR 008 DWI PUSPITA ANGGRA
2300011171;BI-FAST CR TRANSFER DR 002 PUNCAK LEMBAH HIJA
2300010531;BI-FAST CR TRANSFER DR 022 SEPULUH SEPULUH ST
2300017428;BI-FAST CR TRANSFER DR 009 TIGO TUNGKU SAHATI
2300017006;BI-FAST CR TRANSFER DR 002 UCI SANUSI
2300015852;BI-FAST CR TRANSFER DR 501 Maria Magdalena Pe
2300014697;BI-FAST CR TRANSFER DR 031 PT TRINUSA TRAVELI
2300011768;BI-FAST CR TRANSFER DR 031 PT TRAVELOKA INDON
2300016664;BI-FAST CR TRANSFER DR 008 BERKAH BOGA MANDIR
2300017252;BI-FAST CR TRANSFER DR 008 DINASTI BOGA NUSAN
2300012044;BI-FAST CR TRANSFER DR 008 DIPURI SELARAS MEM
2300016738;BI-FAST CR TRANSFER DR 002 PT TIGA SEKAWAN SA
2300010936;BI-FAST CR TRANSFER DR 022 KAKIATNA AGRO INDO
2300010936;BI-FAST CR TRANSFER DR 022 KAKIATNA AGRO INDO
2300016215;BI-FAST CR TRANSFER DR 002 ACHMAD JUPRI
2300017289;BI-FAST CR TRANSFER DR 008 MITRA DAGANG MADAN
2300017089;BI-FAST CR TRANSFER DR 002 PT BOGA MANDALA SE
2300016423;BI-FAST CR TRANSFER DR 008 DEA UMYATI
2300015181;BI-FAST CR TRANSFER DR 008 WISMA KANTA UTAMA
2300017925;BI-FAST CR TRANSFER DR 535 MOHAMAD RENEY ADHI
2300008691;BI-FAST CR TRANSFER DR 022 HERBERT TANUDJAJA
2300012382;BI-FAST CR TRANSFER DR 008 DALFIAN ALNASVI
2300015092;BI-FAST CR TRANSFER DR 008 RAJASA INTAMA
2300013207;BI-FAST CR TRANSFER DR 002 Q-THA SURYA PRATAM
2300008929;BI-FAST CR TRANSFER DR 009 ADITYA NALAWANGSA
2300016993;BI-FAST CR TRANSFER DR 451 TRIAMINDOWATI
2300017452;BI-FAST CR TRANSFER DR 501 Dian Kartika Nugro
2300017647;BI-FAST CR TRANSFER DR 535 HELENA XAVIERA PAR
2300017123;BI-FAST CR TRANSFER DR 008 I GST AYU AGUNG MA
MODERN TRADE;BI-FAST CR TRANSFER DR 548 FAJAR MITRA INDAH
2300017262;BI-FAST CR TRANSFER DR 008 KOPERASI KONSUMEN
2300017389;BI-FAST CR TRANSFER DR 008 ANANDA EKA WIJAYA
2300008929;BI-FAST CR TRANSFER DR 009 ADITYA NALAWANGSA
2300012700;BI-FAST CR TRANSFER DR 008 ALIMARWAN SURYA WI
2300010936;BI-FAST CR TRANSFER DR 022 KAKIATNA AGRO INDO
2300010936;BI-FAST CR TRANSFER DR 022 KAKIATNA AGRO INDO
2300010936;BI-FAST CR TRANSFER DR 022 KAKIATNA AGRO INDO
2300012801;BI-FAST CR TRANSFER DR 008 UMIATY HASANAH
2300013646;BI-FAST CR TRANSFER DR 008 LAILUL MUFARIDAH
2300017653;BI-FAST CR TRANSFER DR 008 AGUS CHANDRA WAHYU
2300005478;BI-FAST CR TRANSFER DR 022 FILOSOFI ADIDAYA I
2300017157;BI-FAST CR TRANSFER DR 022 YANG MUDA MAKMUR
2300014933;BI-FAST CR TRANSFER DR 451 KOPKARSYAHBSIQQKRW
2300011370;BI-FAST CR TRANSFER DR 023 WANATA JAYA CIPTA,
2300017514;BI-FAST CR TRANSFER DR 008 KORI-HABITAT UNTUK
2300015799;BI-FAST CR TRANSFER DR 542 HENNY
2300016342;BI-FAST CR TRANSFER DR 008 TONY DARMAWI
2300017570;BI-FAST CR TRANSFER DR 008 AGREYA BERKAH INDO
2300017409;BI-FAST CR TRANSFER DR 008 SARAH AFIFAH AZ ZA
2300017899;BI-FAST CR TRANSFER DR 046 SUROSO SP
2300006571;BI-FAST CR TRANSFER DR 009 PISON ANUGERAH PR
2300015530;BI-FAST CR TRANSFER DR 009 PISON RESTOKOPI PR
2300014933;BI-FAST CR TRANSFER DR 451 KOPKARSYAHBSIQQKRW
2300014642;BI-FAST CR TRANSFER DR 542 VITA DIAN PUTRI
2300014642;BI-FAST CR TRANSFER DR 542 VITA DIAN PUTRI
2300014537;BI-FAST CR TRANSFER DR 548 DJONLI
2300010687;BI-FAST CR TRANSFER DR 002 AGUNG PRASETYO
2300016259;BI-FAST CR TRANSFER DR 008 HANA RIZKA EFRILIA
2300016591;BI-FAST CR TRANSFER DR 002 PROMART BKN
2300016033;BI-FAST CR TRANSFER DR 002 SION TRADING LINE
2300005920;BI-FAST CR TRANSFER DR 451 VERNANDAPUSPANINGG
DISTRIBUTOR GREENFIELDS;BI-FAST CR TRANSFER DR 153 CV BARU TANJAKAN
2300017930;BI-FAST CR TRANSFER DR 009 REZA ZIA UL RAHMAN
DISTRIBUTOR GREENFIELDS;BI-FAST CR TRANSFER DR 009 BERKAT LARIS GEMIL
2300014400;BI-FAST CR TRANSFER DR 002 FILOSOFI KOPI SEJA
2300016665;BI-FAST CR TRANSFER DR 008 OCTAVIANI
2300016895;BI-FAST CR TRANSFER DR 008 NURUL WINANTI
DISTRIBUTOR GREENFIELDS;BI-FAST CR TRANSFER DR 009 BERKAT LARIS GEMIL
2300007137;BI-FAST CR TRANSFER DR 032 PT Kerry Ingredien
2300007109;BI-FAST CR TRANSFER DR 028 MAXIM JAYADI ABADI
2300007109;BI-FAST CR TRANSFER DR 028 MAXIM JAYADI ABADI
2300016133;BI-FAST CR TRANSFER DR 008 SUSI SULASTRI
2300015095;BI-FAST CR TRANSFER DR 008 ASTHA BUMI INDAH
2300017317;BI-FAST CR TRANSFER DR 535 DONOVAN ALFA MBOE
2300015109;BI-FAST CR TRANSFER DR 002 TIIPODS KARYA INDO
2300017570;BI-FAST CR TRANSFER DR 008 AGREYA BERKAH INDO
2300012798;BI-FAST CR TRANSFER DR 451 PTTIGARASAPRATAMAB
2300017317;BI-FAST CR TRANSFER DR 535 DONOVAN ALFA MBOE
2300015155;BI-FAST CR TRANSFER DR 008 FIRDAUS NIKMATULLA
2300008929;BI-FAST CR TRANSFER DR 009 ADITYA NALAWANGSA
2300010936;BI-FAST CR TRANSFER DR 022 KAKIATNA AGRO INDO
2300010936;BI-FAST CR TRANSFER DR 022 KAKIATNA AGRO INDO
DISTRIBUTOR GREENFIELDS;BI-FAST CR TRANSFER DR 022 CLASSIC FINE FOODS
2300015919;BI-FAST CR TRANSFER DR 002 GEDUNG PINANG SELA
2300014933;BI-FAST CR TRANSFER DR 451 KOPKARSYAHBSIQQKRW
2300015203;BI-FAST CR TRANSFER DR 022 GENESIS INDONESIA
2300017156;BI-FAST CR TRANSFER DR 028 RIVA LAURITZ
2300017629;BI-FAST CR TRANSFER DR 009 YESLYN CAHAYADI
2300017838;BI-FAST CR TRANSFER DR 002 NURYANI
2300015495;BI-FAST CR TRANSFER DR 008 CERITA RASA KITA
2300017759;BI-FAST CR TRANSFER DR 002 PT AGRAPANA WIRAMA
2300015852;BI-FAST CR TRANSFER DR 501 Maria Magdalena Pe
2300017615;BI-FAST CR TRANSFER DR 022 PRIMA FENOMENA JAY
2300013780;BI-FAST CR TRANSFER DR 008 JEDO ABADI LESTARI
2300017757;BI-FAST CR TRANSFER DR 002 ASHA MITRA NUSANTA
DISTRIBUTOR GREENFIELDS;BI-FAST CR TRANSFER DR 002 BERKAT LARIS GEMIL
2300011289;BI-FAST CR TRANSFER DR 008 NOVA ANGGRAINI
2300017509;BI-FAST CR TRANSFER DR 008 FIRMAN ARVINDRA S
2300016533;BI-FAST CR TRANSFER DR 009 FAISAL HAFIZ MAHAK
2300018389;BI-FAST CR TRANSFER DR 008 GLOBAL SINERGI INV
2300014697;BI-FAST CR TRANSFER DR 031 PT TRINUSA TRAVELI
2300011768;BI-FAST CR TRANSFER DR 031 PT TRAVELOKA INDON
2300015127;BI-FAST CR TRANSFER DR 008 ANIS YULITA
2300016664;BI-FAST CR TRANSFER DR 008 BERKAH BOGA MANDIR
2300010936;BI-FAST CR TRANSFER DR 022 KAKIATNA AGRO INDO
2300010936;BI-FAST CR TRANSFER DR 022 KAKIATNA AGRO INDO
2300014826;BI-FAST CR TRANSFER DR 022 ARGHA KARYA PRIMA
2300017168;BI-FAST CR TRANSFER DR 022 KREASI ABADI SELAR
DISTRIBUTOR GREENFIELDS;BI-FAST CR TRANSFER DR 451 PTKELOLAPANGANINDO
2300015181;BI-FAST CR TRANSFER DR 008 WISMA KANTA UTAMA
2300017452;BI-FAST CR TRANSFER DR 501 Dian Kartika Nugro
2300001531;BI-FAST CR TRANSFER DR 087 YAYASAN BRITISH SC
2300014933;BI-FAST CR TRANSFER DR 451 KOPKARSYAHBSIQQKRW
2300015106;BI-FAST CR TRANSFER DR 002 NOVITASARI
2300016308;BI-FAST CR TRANSFER DR 501 Muhammad Bagas Abi
2300016308;BI-FAST CR TRANSFER DR 501 Muhammad Bagas Abi
2300016308;BI-FAST CR TRANSFER DR 501 Muhammad Bagas Abi
2300017919;BI-FAST CR TRANSFER DR 008 MUHAMMAD IRFAN KAN
2300015919;BI-FAST CR TRANSFER DR 002 GEDUNG PINANG SELA
2300017930;BI-FAST CR TRANSFER DR 009 REZA ZIA UL RAHMAN
2300017570;BI-FAST CR TRANSFER DR 008 AGREYA BERKAH INDO
2300011171;BI-FAST CR TRANSFER DR 002 PUNCAK LEMBAH HIJA
2300009183;BI-FAST CR TRANSFER DR 501 Diajeng Nurulita N
2300009183;BI-FAST CR TRANSFER DR 501 Diajeng Nurulita N
2300009183;BI-FAST CR TRANSFER DR 501 Diajeng Nurulita N
2300009183;BI-FAST CR TRANSFER DR 501 Diajeng Nurulita N
2300009183;BI-FAST CR TRANSFER DR 501 Diajeng Nurulita N
2300009183;BI-FAST CR TRANSFER DR 501 Diajeng Nurulita N
2300009183;BI-FAST CR TRANSFER DR 501 Diajeng Nurulita N
2300009183;BI-FAST CR TRANSFER DR 501 Diajeng Nurulita N
2300015092;BI-FAST CR TRANSFER DR 008 RAJASA INTAMA
2300017828;BI-FAST CR TRANSFER DR 008 JELIN ROSALINA
2300016538;BI-FAST CR TRANSFER DR 002 MUTAALIDA
2300017351;BI-FAST CR TRANSFER DR 535 VANIA YUSPANDI
2300015633;BI-FAST CR TRANSFER DR 028 GABRIELLA GUSTIAWA
2300015328;BI-FAST CR TRANSFER DR 548 JOHANNES BENJAMIN
2300008929;BI-FAST CR TRANSFER DR 009 ADITYA NALAWANGSA
2300016423;BI-FAST CR TRANSFER DR 008 DEA UMYATI
2300017817;BI-FAST CR TRANSFER DR 008 FINCENT EHUD LAWRE
2300015833;BI-FAST CR TRANSFER DR 009 ANDHIKA NUR PRATAM
2300018564;BI-FAST CR TRANSFER DR 002 MULTI ALAM NUSANTA
2300017409;BI-FAST CR TRANSFER DR 008 SARAH AFIFAH AZ ZA
2300016944;BI-FAST CR TRANSFER DR 008 SRI RAHMAWATI
2300015484;BI-FAST CR TRANSFER DR 002 TRIAN ADI PURNAMA
2300016611;BI-FAST CR TRANSFER DR 022 RIA SRI WOELANDARI
2300016611;BI-FAST CR TRANSFER DR 022 RIA SRI WOELANDARI
2300016611;BI-FAST CR TRANSFER DR 022 RIA SRI WOELANDARI
2300016611;BI-FAST CR TRANSFER DR 022 RIA SRI WOELANDARI
2300017154;BI-FAST CR TRANSFER DR 501 Hilal Abu Dzar
2300017302;BI-FAST CR TRANSFER DR 008 BERTHA LIDYANA
2300008691;BI-FAST CR TRANSFER DR 022 HERBERT TANUDJAJA
2300010687;BI-FAST CR TRANSFER DR 002 AGUNG PRASETYO
2300008929;BI-FAST CR TRANSFER DR 009 ADITYA NALAWANGSA
2300010936;BI-FAST CR TRANSFER DR 022 KAKIATNA AGRO INDO
2300010936;BI-FAST CR TRANSFER DR 022 KAKIATNA AGRO INDO
2300010936;BI-FAST CR TRANSFER DR 022 KAKIATNA AGRO INDO
2300017425;BI-FAST CR TRANSFER DR 008 AKHMAD RIZKY WICAK
2300017869;BI-FAST CR TRANSFER DR 008 AKBAR MAULANA
2300017899;BI-FAST CR TRANSFER DR 046 SUROSO SP
2300017899;BI-FAST CR TRANSFER DR 046 SUROSO SP
2300015661;BI-FAST CR TRANSFER DR 002 FAHREZA DUTA PERKA
2000066431;BI-FAST CR TRANSFER DR 008 YUMMY FOOD UTAMA
2300009752;BI-FAST CR TRANSFER DR 028 ADICIPTA BOGA INTI
2300017078;BI-FAST CR TRANSFER DR 501 Rafly Rihza Arrohi
2300009752;BI-FAST CR TRANSFER DR 028 ADICIPTA BOGA INTI
2300009752;BI-FAST CR TRANSFER DR 028 ADICIPTA BOGA INTI
2300009752;BI-FAST CR TRANSFER DR 028 ADICIPTA BOGA INTI
2300009752;BI-FAST CR TRANSFER DR 028 ADICIPTA BOGA INTI
2300009752;BI-FAST CR TRANSFER DR 028 ADICIPTA BOGA INTI
2300009752;BI-FAST CR TRANSFER DR 028 ADICIPTA BOGA INTI
2300009752;BI-FAST CR TRANSFER DR 028 ADICIPTA BOGA INTI
2300009752;BI-FAST CR TRANSFER DR 028 ADICIPTA BOGA INTI
2300009752;BI-FAST CR TRANSFER DR 028 ADICIPTA BOGA INTI
2300009752;BI-FAST CR TRANSFER DR 028 ADICIPTA BOGA INTI
2300009752;BI-FAST CR TRANSFER DR 028 ADICIPTA BOGA INTI
2300009752;BI-FAST CR TRANSFER DR 028 ADICIPTA BOGA INTI
2300009752;BI-FAST CR TRANSFER DR 028 ADICIPTA BOGA INTI
2300009752;BI-FAST CR TRANSFER DR 028 ADICIPTA BOGA INTI
2300017157;BI-FAST CR TRANSFER DR 022 YANG MUDA MAKMUR
2300014906;BI-FAST CR TRANSFER DR 022 BOGA PUTRA SANTOSO
2300016890;BI-FAST CR TRANSFER DR 002 MOHAMAD FIRMAN SYA
2300015799;BI-FAST CR TRANSFER DR 542 HENNY
2300015249;BI-FAST CR TRANSFER DR 008 HAYKAL DZAKRY WIDJ
2300008691;BI-FAST CR TRANSFER DR 022 HERBERT TANUDJAJA
2300015755;BI-FAST CR TRANSFER DR 535 AWANGGA
2300016603;BI-FAST CR TRANSFER DR 008 DWI PUSPITA ANGGRA
2300012382;BI-FAST CR TRANSFER DR 008 DALFIAN ALNASVI
2300012382;BI-FAST CR TRANSFER DR 008 DALFIAN ALNASVI
2300015931;BI-FAST CR TRANSFER DR 028 ISYE FITRIYULIASTU
2000066431;BI-FAST CR TRANSFER DR 008 YUMMY FOOD UTAMA
2300017435;BI-FAST CR TRANSFER DR 002 NUNUNG SOBIATY
2000066431;BI-FAST CR TRANSFER DR 008 YUMMY FOOD UTAMA
2300012940;BI-FAST CR TRANSFER DR 008 SELLY STEPANI
2300010516;BI-FAST CR TRANSFER DR 022 DCIKA PRIMA MAHKOT
2300015149;BI-FAST CR TRANSFER DR 008 WANGSA SEQUOIA GRO
2300017925;BI-FAST CR TRANSFER DR 535 MOHAMAD RENEY ADHI
2300012940;BI-FAST CR TRANSFER DR 008 SELLY STEPANI
2300017514;BI-FAST CR TRANSFER DR 008 SAOLA-HABITAT UNTU
2300016665;BI-FAST CR TRANSFER DR 008 OCTAVIANI
2300016092;BI-FAST CR TRANSFER DR 002 BULAN BINTOEN MATA
2300007137;BI-FAST CR TRANSFER DR 032 PT Kerry Ingredien
2300014642;BI-FAST CR TRANSFER DR 542 VITA DIAN PUTRI
2300014642;BI-FAST CR TRANSFER DR 542 VITA DIAN PUTRI
2300010936;BI-FAST CR TRANSFER DR 022 KAKIATNA AGRO INDO
2300010936;BI-FAST CR TRANSFER DR 022 KAKIATNA AGRO INDO
2300006408;BI-FAST CR TRANSFER DR 535 SITI RAHMAWATI
2300017344;BI-FAST CR TRANSFER DR 008 RAHMITA
2300015495;BI-FAST CR TRANSFER DR 008 CERITA RASA KITA
2000066431;BI-FAST CR TRANSFER DR 008 YUMMY FOOD UTAMA
MODERN TRADE;BI-FAST CR TRANSFER DR 002 JAKARTA SENTRA ARO
2300017930;BI-FAST CR TRANSFER DR 009 REZA ZIA UL RAHMAN
2300014669;BI-FAST CR TRANSFER DR 002 WANTI NUR CAHYANI
2300012456;BI-FAST CR TRANSFER DR 002 RINO BAGUS PRASETY
2300017570;BI-FAST CR TRANSFER DR 008 AGREYA BERKAH INDO
2300016167;BI-FAST CR TRANSFER DR 008 HIOE MELANIE PRAST
2300016092;BI-FAST CR TRANSFER DR 002 BULAN BINTOEN MATA
2300013876;BI-FAST CR TRANSFER DR 002 COTTA TERRA PRIMA
2300013202;BI-FAST CR TRANSFER DR 002 KOPEGBRINS SEJAHTE
2300011171;BI-FAST CR TRANSFER DR 002 PUNCAK LEMBAH HIJA
2300012106;BI-FAST CR TRANSFER DR 213 EVIELINA HERMAWATY
2300017562;BI-FAST CR TRANSFER DR 036 EASTERN EXPANDING
2300017452;BI-FAST CR TRANSFER DR 501 Dian Kartika Nugro
2300008929;BI-FAST CR TRANSFER DR 009 ADITYA NALAWANGSA
2300017289;BI-FAST CR TRANSFER DR 008 MITRA DAGANG MADAN
2300014400;BI-FAST CR TRANSFER DR 002 FILOSOFI KOPI SEJA
2300017184;BI-FAST CR TRANSFER DR 008 FEDERASI KANAL
2300017922;BI-FAST CR TRANSFER DR 008 DINARRI
2000066431;BI-FAST CR TRANSFER DR 008 YUMMY FOOD UTAMA
2300016297;BI-FAST CR TRANSFER DR 008 GUNAWAN
2300007215;BI-FAST CR TRANSFER DR 087 HADIPUTRANTO HADIN
2300017653;BI-FAST CR TRANSFER DR 008 AGUS CHANDRA WAHYU
2300015203;BI-FAST CR TRANSFER DR 022 GENESIS INDONESIA
DISTRIBUTOR GREENFIELDS;BI-FAST CR TRANSFER DR 022 CLASSIC FINE FOODS
2300012044;BI-FAST CR TRANSFER DR 008 DIPURI SELARAS MEM
2300017112;BI-FAST CR TRANSFER DR 037 FADLY LILAH ILHAM
2300015630;BI-FAST CR TRANSFER DR 002 DINI INDRIYANI
2300006408;BI-FAST CR TRANSFER DR 535 SITI RAHMAWATI
2300016538;BI-FAST CR TRANSFER DR 002 MUTAALIDA
2300013152;BI-FAST CR TRANSFER DR 426 GABRIELLA ASTITI H
2300012886;BI-FAST CR TRANSFER DR 008 JOHANES JETHRO NUG
2300012886;BI-FAST CR TRANSFER DR 008 JOHANES JETHRO NUG
2300016253;BI-FAST CR TRANSFER DR 008 MITRA LOKACIPTA SE
2300017184;BI-FAST CR TRANSFER DR 008 FEDERASI KANAL
2300017752;BI-FAST CR TRANSFER DR 008 PUTRA JAYUSA
2300015203;BI-FAST CR TRANSFER DR 022 GENESIS INDONESIA
2300015997;BI-FAST CR TRANSFER DR 022 DEANDI PRIMOSAPUTE
2300017408;BI-FAST CR TRANSFER DR 002 PT SELARAS RASA IN
2300011554;BI-FAST CR TRANSFER DR 009 ADIRAI SUMBER REJE
2300011554;BI-FAST CR TRANSFER DR 009 ADIRAI SUMBER REJE
2300016664;BI-FAST CR TRANSFER DR 008 BERKAH BOGA MANDIR
2300010936;BI-FAST CR TRANSFER DR 022 KAKIATNA AGRO INDO
2300010936;BI-FAST CR TRANSFER DR 022 KAKIATNA AGRO INDO
2000066431;BI-FAST CR TRANSFER DR 008 YUMMY FOOD UTAMA
2300011768;BI-FAST CR TRANSFER DR 031 PT TRAVELOKA INDON
2300017221;BI-FAST CR TRANSFER DR 022 RATNA EKOWATI
2300016751;BI-FAST CR TRANSFER DR 008 YOSKA LESMANA
2300017885;BI-FAST CR TRANSFER DR 013 EKO NURCAHYANTO
2300015852;BI-FAST CR TRANSFER DR 501 Maria Magdalena Pe
2300010516;BI-FAST CR TRANSFER DR 022 DCIKA PRIMA MAHKOT
2300015919;BI-FAST CR TRANSFER DR 002 GEDUNG PINANG SELA
2300017828;BI-FAST CR TRANSFER DR 002 JELIN ROSALINA
2300016032;BI-FAST CR TRANSFER DR 451 STEVIFEBRIANTO
2300015723;BI-FAST CR TRANSFER DR 009 SIMSEM PAYROLL BNI
2300012798;BI-FAST CR TRANSFER DR 451 KOPIKOPIANDBEVERAG
2300008929;BI-FAST CR TRANSFER DR 009 ADITYA NALAWANGSA
2300015633;BI-FAST CR TRANSFER DR 028 GABRIELLA GUSTIAWA
2300013646;BI-FAST CR TRANSFER DR 008 LAILUL MUFARIDAH
2300004907;BI-FAST CR TRANSFER DR 008 KETJIL KREASI SIGN
2300008691;BI-FAST CR TRANSFER DR 022 HERBERT TANUDJAJA
2300008691;BI-FAST CR TRANSFER DR 022 HERBERT TANUDJAJA
2300016133;BI-FAST CR TRANSFER DR 008 SUSI SULASTRI
2300012940;BI-FAST CR TRANSFER DR 008 SELLY STEPANI
2300017342;BI-FAST CR TRANSFER DR 002 ANDREW HALIM
2300008691;BI-FAST CR TRANSFER DR 022 HERBERT TANUDJAJA
2300015092;BI-FAST CR TRANSFER DR 008 RAJASA INTAMA
2300017382;BI-FAST CR TRANSFER DR 542 FARIS BUDIMAN ANNA
2300017428;BI-FAST CR TRANSFER DR 009 TIGO TUNGKU SAHATI
2300016895;BI-FAST CR TRANSFER DR 008 NURUL WINANTI
2300016895;BI-FAST CR TRANSFER DR 008 NURUL WINANTI
2300015530;BI-FAST CR TRANSFER DR 009 PISON RESTOKOPI PR
2300006571;BI-FAST CR TRANSFER DR 009 PISON ANUGERAH PR
2300008929;BI-FAST CR TRANSFER DR 009 ADITYA NALAWANGSA
2300017899;BI-FAST CR TRANSFER DR 046 SUROSO SP
2300010936;BI-FAST CR TRANSFER DR 022 KAKIATNA AGRO INDO
2300010936;BI-FAST CR TRANSFER DR 022 KAKIATNA AGRO INDO
2300010936;BI-FAST CR TRANSFER DR 022 KAKIATNA AGRO INDO
2300008649;BI-FAST CR TRANSFER DR 022 ALVIN PUTRAWARMAN
DISTRIBUTOR GREENFIELDS;BI-FAST CR TRANSFER DR 008 KELOLA PANGAN INDO
2300016215;BI-FAST CR TRANSFER DR 002 ACHMAD JUPRI
2300010687;BI-FAST CR TRANSFER DR 002 AGUNG PRASETYO
2300016737;BI-FAST CR TRANSFER DR 501 Richelle Briana Ha
2300013666;BI-FAST CR TRANSFER DR 002 GITA DJOEANG SEJAH
2300011370;BI-FAST CR TRANSFER DR 023 WANATA JAYA CIPTA,
2300018210;BI-FAST CR TRANSFER DR 535 ANNISA NUR HASANAH
2300018210;BI-FAST CR TRANSFER DR 535 ANNISA NUR HASANAH
2300015533;BI-FAST CR TRANSFER DR 008 POLARIS INSTRUMENT
2300017156;BI-FAST CR TRANSFER DR 028 RIVA LAURITZ
2300015155;BI-FAST CR TRANSFER DR 008 FIRDAUS NIKMATULLA
2300017828;BI-FAST CR TRANSFER DR 002 JELIN ROSALINA
2300016837;BI-FAST CR TRANSFER DR 426 MAWAR SARI MAKMUR
2300010202;BI-FAST CR TRANSFER DR 002 PRIMER KOPERASI TR
2300016880;BI-FAST CR TRANSFER DR 008 DITA FEBRIYANI SAF
2300015127;BI-FAST CR TRANSFER DR 008 ANIS YULITA
2300012940;BI-FAST CR TRANSFER DR 008 SELLY STEPANI
DISTRIBUTOR GREENFIELDS;BI-FAST CR TRANSFER DR 153 CV BARU TANJAKAN
2300017838;BI-FAST CR TRANSFER DR 013 NURYANI
2300017864;BI-FAST CR TRANSFER DR 008 DEDI KURNIAWAN SAP
2300015012;BI-FAST CR TRANSFER DR 009 SUSANTI DEWIJANA
2300017925;BI-FAST CR TRANSFER DR 535 MOHAMAD RENEY ADHI
2300017037;BI-FAST CR TRANSFER DR 451 NURULHUMAIROH
2300017494;BI-FAST CR TRANSFER DR 008 MUSBAWATI KUMBU
2300015181;BI-FAST CR TRANSFER DR 008 WISMA KANTA UTAMA
2300017034;BI-FAST CR TRANSFER DR 002 TEZAR MAULANA ZAKY
2300013595;BI-FAST CR TRANSFER DR 009 SUASANA KREATIF IN
2300013595;BI-FAST CR TRANSFER DR 009 SUASANA KREATIF IN
2300011370;BI-FAST CR TRANSFER DR 023 WANATA JAYA CIPTA,
2300015328;BI-FAST CR TRANSFER DR 548 JOHANNES BENJAMIN
2300015799;BI-FAST CR TRANSFER DR 542 HENNY
2300012700;BI-FAST CR TRANSFER DR 008 ALIMARWAN SURYA WI
2300017157;BI-FAST CR TRANSFER DR 022 YANG MUDA MAKMUR
2300017901;BI-FAST CR TRANSFER DR 009 RFA KHARISMA INTER
2300017901;BI-FAST CR TRANSFER DR 009 RFA KHARISMA INTER
2300016665;BI-FAST CR TRANSFER DR 008 OCTAVIANI
2300006204;BI-FAST CR TRANSFER DR 535 SARMAIDA MANURUNG
2300014361;BI-FAST CR TRANSFER DR 022 OMAR AGOES
2300007137;BI-FAST CR TRANSFER DR 032 PT Kerry Ingredien
2300007109;BI-FAST CR TRANSFER DR 028 MAXIM JAYADI ABADI
2300007109;BI-FAST CR TRANSFER DR 028 MAXIM JAYADI ABADI
2300017452;BI-FAST CR TRANSFER DR 501 Dian Kartika Nugro
2300014979;BI-FAST CR TRANSFER DR 008 ATON YULIANTO
2300014979;BI-FAST CR TRANSFER DR 008 ATON YULIANTO
2300015833;BI-FAST CR TRANSFER DR 009 ANDHIKA NUR PRATAM
2300010936;BI-FAST CR TRANSFER DR 022 KAKIATNA AGRO INDO
2300010936;BI-FAST CR TRANSFER DR 022 KAKIATNA AGRO INDO
2300015297;BI-FAST CR TRANSFER DR 008 NYDI CITRA ASARA S
2300017289;BI-FAST CR TRANSFER DR 008 MITRA DAGANG MADAN
2300017168;BI-FAST CR TRANSFER DR 022 KREASI ABADI SELAR
2300015495;BI-FAST CR TRANSFER DR 008 CERITA RASA KITA
2300015495;BI-FAST CR TRANSFER DR 008 CERITA RASA KITA
2300015852;BI-FAST CR TRANSFER DR 501 Maria Magdalena Pe
2300014906;BI-FAST CR TRANSFER DR 022 BOGA PUTRA SANTOSO
2000066431;BI-FAST CR TRANSFER DR 008 YUMMY FOOD UTAMA
2300001056;BI-FAST CR TRANSFER DR 008 GEETEE ROSEN TANUW
2300013207;BI-FAST CR TRANSFER DR 002 Q-THA SURYA PRATAM
2300017409;BI-FAST CR TRANSFER DR 008 SARAH AFIFAH AZ ZA
2300012940;BI-FAST CR TRANSFER DR 008 SELLY STEPANI
2300016167;BI-FAST CR TRANSFER DR 008 HIOE MELANIE PRAST
2300017901;BI-FAST CR TRANSFER DR 009 RFA KHARISMA INTER
2300014669;BI-FAST CR TRANSFER DR 002 WANTI NUR CAHYANI
2300012456;BI-FAST CR TRANSFER DR 002 RINO BAGUS PRASETY
2300016910;BI-FAST CR TRANSFER DR 009 ARSA AMERTA NUGRAH
2300016538;BI-FAST CR TRANSFER DR 002 MUTAALIDA
2300016738;BI-FAST CR TRANSFER DR 002 PT TIGA SEKAWAN SA
2300014400;BI-FAST CR TRANSFER DR 002 FILOSOFI KOPI SEJA
2300008929;BI-FAST CR TRANSFER DR 009 ADITYA NALAWANGSA
2300007028;BI-FAST CR TRANSFER DR 013 RITA SUKMAWANGI,SE
2300013595;BI-FAST CR TRANSFER DR 009 SUASANA KREATIF IN
2300015203;BI-FAST CR TRANSFER DR 022 GENESIS INDONESIA
DISTRIBUTOR GREENFIELDS;BI-FAST CR TRANSFER DR 022 CLASSIC FINE FOODS
2300011171;BI-FAST CR TRANSFER DR 002 PUNCAK LEMBAH HIJA
2300017789;BI-FAST CR TRANSFER DR 008 AGUNG BUDI UTOMO
2300015203;BI-FAST CR TRANSFER DR 022 GENESIS INDONESIA
2300006925;BI-FAST CR TRANSFER DR 009 VIDYANTI
2300017448;BI-FAST CR TRANSFER DR 002 KEENAN ARDYANTO
2300015777;BI-FAST CR TRANSFER DR 022 ROSSI SOFIAH HARDI
2300016562;BI-FAST CR TRANSFER DR 008 MAKY GROUP INDONES
2300016562;BI-FAST CR TRANSFER DR 008 MAKY GROUP INDONES
2300012521;BI-FAST CR TRANSFER DR 008 MUTHOHAROH
2300018389;BI-FAST CR TRANSFER DR 008 GLOBAL SINERGI INV
2300011768;BI-FAST CR TRANSFER DR 031 PT TRAVELOKA INDON
2300014697;BI-FAST CR TRANSFER DR 031 PT TRINUSA TRAVELI
2300017615;BI-FAST CR TRANSFER DR 022 PRIMA FENOMENA JAY
2300010936;BI-FAST CR TRANSFER DR 022 KAKIATNA AGRO INDO
2300010936;BI-FAST CR TRANSFER DR 022 KAKIATNA AGRO INDO
2300017156;BI-FAST CR TRANSFER DR 028 RIVA LAURITZ
2300000838;BI-FAST CR TRANSFER DR 022 KITCHENETTE LESTAR
2300018210;BI-FAST CR TRANSFER DR 535 ANNISA NUR HASANAH
2300018210;BI-FAST CR TRANSFER DR 535 ANNISA NUR HASANAH
2300016664;BI-FAST CR TRANSFER DR 008 BERKAH BOGA MANDIR
2300016423;BI-FAST CR TRANSFER DR 008 DEA UMYATI
2300019210;BI-FAST CR TRANSFER DR 451 INTANPERMATASARI
2300016133;BI-FAST CR TRANSFER DR 008 SUSI SULASTRI
2300017279;BI-FAST CR TRANSFER DR 008 RAHMAT GOZALI
2300017828;BI-FAST CR TRANSFER DR 002 JELIN ROSALINA
2300016623;BI-FAST CR TRANSFER DR 535 RATIH
2300017570;BI-FAST CR TRANSFER DR 008 AGREYA BERKAH INDO
2300017570;BI-FAST CR TRANSFER DR 008 AGREYA BERKAH INDO
2300017509;BI-FAST CR TRANSFER DR 008 FIRMAN ARVINDRA S
2300017899;BI-FAST CR TRANSFER DR 046 SUROSO SP
2300017899;BI-FAST CR TRANSFER DR 046 SUROSO SP
2300001305;BI-FAST CR TRANSFER DR 008 RAJA RASA ALAMI
2300014642;BI-FAST CR TRANSFER DR 542 VITA DIAN PUTRI
2300014642;BI-FAST CR TRANSFER DR 542 VITA DIAN PUTRI
2300016903;BI-FAST CR TRANSFER DR 002 ANDI ASNAWANTI SOS
2300008929;BI-FAST CR TRANSFER DR 009 ADITYA NALAWANGSA
2300012940;BI-FAST CR TRANSFER DR 008 SELLY STEPANI
2300016611;BI-FAST CR TRANSFER DR 022 RIA SRI WOELANDARI
2300016611;BI-FAST CR TRANSFER DR 022 RIA SRI WOELANDARI
2300016611;BI-FAST CR TRANSFER DR 022 RIA SRI WOELANDARI
2300012748;BI-FAST CR TRANSFER DR 009 GRUHAM INDONESIA M
2300015092;BI-FAST CR TRANSFER DR 008 RAJASA INTAMA
2300014987;BI-FAST CR TRANSFER DR 441 KIM JU HEE
2300016241;BI-FAST CR TRANSFER DR 028 UPEKKHA ARIYAPUTER
2300016308;BI-FAST CR TRANSFER DR 501 Muhammad Bagas Abi
2300016603;BI-FAST CR TRANSFER DR 008 DWI PUSPITA ANGGRA
2300017006;BI-FAST CR TRANSFER DR 002 UCI SANUSI
2300015012;BI-FAST CR TRANSFER DR 009 SUSANTI DEWIJANA
2300008929;BI-FAST CR TRANSFER DR 009 ADITYA NALAWANGSA
2300010936;BI-FAST CR TRANSFER DR 022 KAKIATNA AGRO INDO
2300010936;BI-FAST CR TRANSFER DR 022 KAKIATNA AGRO INDO
2300010936;BI-FAST CR TRANSFER DR 022 KAKIATNA AGRO INDO
2300017351;BI-FAST CR TRANSFER DR 535 VANIA YUSPANDI
2300016989;BI-FAST CR TRANSFER DR 501 Armand Hermansyah
2300017936;BI-FAST CR TRANSFER DR 008 TERIGU TELUR GULA
2300017289;BI-FAST CR TRANSFER DR 008 MITRA DAGANG MADAN
2300017089;BI-FAST CR TRANSFER DR 002 PT BOGA MANDALA SE
2300011370;BI-FAST CR TRANSFER DR 023 WANATA JAYA CIPTA,
2300012502;BI-FAST CR TRANSFER DR 008 MUHAMMAD OVIE PALK
2300008691;BI-FAST CR TRANSFER DR 022 HERBERT TANUDJAJA
2300008691;BI-FAST CR TRANSFER DR 022 HERBERT TANUDJAJA
2300010202;BI-FAST CR TRANSFER DR 002 PRIMER KOPERASI TR
2300016259;BI-FAST CR TRANSFER DR 008 HANA RIZKA EFRILIA
2300017653;BI-FAST CR TRANSFER DR 008 AGUS CHANDRA WAHYU
2300015181;BI-FAST CR TRANSFER DR 008 WISMA KANTA UTAMA
2300017156;BI-FAST CR TRANSFER DR 028 RIVA LAURITZ
2300015533;BI-FAST CR TRANSFER DR 008 POLARIS INSTRUMENT
2300015630;BI-FAST CR TRANSFER DR 002 DINI INDRIYANI
2300013780;BI-FAST CR TRANSFER DR 008 JEDO ABADI LESTARI
2300017570;BI-FAST CR TRANSFER DR 008 AGREYA BERKAH INDO
2300016422;BI-FAST CR TRANSFER DR 008 MUHAMAD ARIGHI
2300016665;BI-FAST CR TRANSFER DR 008 OCTAVIANI
2300017078;BI-FAST CR TRANSFER DR 501 Rafly Rihza Arrohi
2300017795;BI-FAST CR TRANSFER DR 009 SENTRA GASTRONOMI
2300012171;BI-FAST CR TRANSFER DR 028 SUDO BREW NARATAMA
2300008840;BI-FAST CR TRANSFER DR 013 FLIPTECH LENTERA I
2300001531;BI-FAST CR TRANSFER DR 087 YAYASAN BRITISH SC
2300004907;BI-FAST CR TRANSFER DR 008 KETJIL KREASI SIGN
2300014669;BI-FAST CR TRANSFER DR 002 WANTI NUR CAHYANI
2300017030;BI-FAST CR TRANSFER DR 008 ALI HASANUDIN
2300010936;BI-FAST CR TRANSFER DR 022 KAKIATNA AGRO INDO
2300010936;BI-FAST CR TRANSFER DR 022 KAKIATNA AGRO INDO
2300015799;BI-FAST CR TRANSFER DR 542 HENNY
2300017389;BI-FAST CR TRANSFER DR 008 ANANDA EKA WIJAYA
2300008929;BI-FAST CR TRANSFER DR 009 ADITYA NALAWANGSA
2300017156;BI-FAST CR TRANSFER DR 028 RIVA LAURITZ
2300014642;BI-FAST CR TRANSFER DR 542 VITA DIAN PUTRI
2300015919;BI-FAST CR TRANSFER DR 002 GEDUNG PINANG SELA
2300014400;BI-FAST CR TRANSFER DR 002 FILOSOFI KOPI SEJA
2300018038;BI-FAST CR TRANSFER DR 111 TAHAANI ERA DEL YA
2300017452;BI-FAST CR TRANSFER DR 501 Dian Kartika Nugro
2300008706;BI-FAST CR TRANSFER DR 008 ESTI NOVIASARI
2300017514;BI-FAST CR TRANSFER DR 008 KORI-HABITAT UNTUK
2300011668;BI-FAST CR TRANSFER DR 200 KOPERASI PEGAWAI B
2300017930;BI-FAST CR TRANSFER DR 009 REZA ZIA UL RAHMAN
2300009307;BI-FAST CR TRANSFER DR 009 SATRIA MAJU BERSAM
2300017925;BI-FAST CR TRANSFER DR 535 MOHAMAD RENEY ADHI
2300015833;BI-FAST CR TRANSFER DR 009 ANDHIKA NUR PRATAM
2300017922;BI-FAST CR TRANSFER DR 008 DINARRI
2300017615;BI-FAST CR TRANSFER DR 022 PRIMA FENOMENA JAY
2300016628;BI-FAST CR TRANSFER DR 008 ANDRI WICAKSONO
2300014933;BI-FAST CR TRANSFER DR 451 KOPKARSYAHBSIQQKRW
2300017570;BI-FAST CR TRANSFER DR 008 AGREYA BERKAH INDO
2300004435;BI-FAST CR TRANSFER DR 008 AROMA HARUM LESTAR
2300013202;BI-FAST CR TRANSFER DR 002 KOPEGBRINS SEJAHTE
2300016388;BI-FAST CR TRANSFER DR 008 DWIKA MITRA KURNIA
2300017262;BI-FAST CR TRANSFER DR 008 KOPERASI KONSUMEN
2300010936;BI-FAST CR TRANSFER DR 022 KAKIATNA AGRO INDO
2300010936;BI-FAST CR TRANSFER DR 022 KAKIATNA AGRO INDO
2300016664;BI-FAST CR TRANSFER DR 008 BERKAH BOGA MANDIR
2300010687;BI-FAST CR TRANSFER DR 002 AGUNG PRASETYO
2300016248;BI-FAST CR TRANSFER DR 008 DJUWITA FANYWATI S
2300017089;BI-FAST CR TRANSFER DR 002 PT BOGA MANDALA SE
2300015106;BI-FAST CR TRANSFER DR 002 NOVITASARI
2300012952;BI-FAST CR TRANSFER DR 484 FRANCISCA
2300013650;BI-FAST CR TRANSFER DR 009 SIMSEM PAYROLL BNI
2300011768;BI-FAST CR TRANSFER DR 031 PT TRAVELOKA INDON
2300016890;BI-FAST CR TRANSFER DR 002 MOHAMAD FIRMAN SYA
2300014697;BI-FAST CR TRANSFER DR 031 PT TRINUSA TRAVELI
2300008929;BI-FAST CR TRANSFER DR 009 ADITYA NALAWANGSA
2300014933;BI-FAST CR TRANSFER DR 451 KOPKARSYAHBSIQQKRW
2300013666;BI-FAST CR TRANSFER DR 002 GITA DJOEANG SEJAH
2300018210;BI-FAST CR TRANSFER DR 535 ANNISA NUR HASANAH
2300018210;BI-FAST CR TRANSFER DR 535 ANNISA NUR HASANAH
2300018210;BI-FAST CR TRANSFER DR 535 ANNISA NUR HASANAH
2300016423;BI-FAST CR TRANSFER DR 008 DEA UMYATI
2300015919;BI-FAST CR TRANSFER DR 002 GEDUNG PINANG SELA
2300015799;BI-FAST CR TRANSFER DR 542 HENNY
2300015799;BI-FAST CR TRANSFER DR 542 HENNY
2300015852;BI-FAST CR TRANSFER DR 501 Maria Magdalena Pe
2300016133;BI-FAST CR TRANSFER DR 008 SUSI SULASTRI
2300016623;BI-FAST CR TRANSFER DR 535 RATIH
2300016383;BI-FAST CR TRANSFER DR 484 ADAM ALAMSYAH
2300017409;BI-FAST CR TRANSFER DR 008 SARAH AFIFAH AZ ZA
2300017344;BI-FAST CR TRANSFER DR 008 RAHMITA
2300014826;BI-FAST CR TRANSFER DR 022 ARGHA KARYA PRIMA
2300015328;BI-FAST CR TRANSFER DR 548 JOHANNES BENJAMIN
2300008929;BI-FAST CR TRANSFER DR 009 ADITYA NALAWANGSA
2300017123;BI-FAST CR TRANSFER DR 008 I GST AYU AGUNG MA
2300013207;BI-FAST CR TRANSFER DR 002 Q-THA SURYA PRATAM
2300017570;BI-FAST CR TRANSFER DR 008 AGREYA BERKAH INDO
2300015092;BI-FAST CR TRANSFER DR 008 RAJASA INTAMA
2300018053;BI-FAST CR TRANSFER DR 008 TRI SUBAGYO
2300012106;BI-FAST CR TRANSFER DR 213 EVIELINA HERMAWATY
2300018210;BI-FAST CR TRANSFER DR 535 ANNISA NUR HASANAH
2300010687;BI-FAST CR TRANSFER DR 002 AGUNG PRASETYO
2300018006;BI-FAST CR TRANSFER DR 002 SATRIA MILITANT SE
2300016883;BI-FAST CR TRANSFER DR 002 PT BUGAR JIWA RAGA
2300016883;BI-FAST CR TRANSFER DR 002 PT BUGAR JIWA RAGA
2300015149;BI-FAST CR TRANSFER DR 008 WANGSA SEQUOIA GRO
2300012886;BI-FAST CR TRANSFER DR 008 JOHANES JETHRO NUG
2300010936;BI-FAST CR TRANSFER DR 022 KAKIATNA AGRO INDO
2300010936;BI-FAST CR TRANSFER DR 022 KAKIATNA AGRO INDO
2300010936;BI-FAST CR TRANSFER DR 022 KAKIATNA AGRO INDO
2300017069;BI-FAST CR TRANSFER DR 501 Genta Rama Sufis
2300012801;BI-FAST CR TRANSFER DR 008 UMIATY HASANAH
DISTRIBUTOR GREENFIELDS;BI-FAST CR TRANSFER DR 009 BERKAT LARIS GEMIL
2300016215;BI-FAST CR TRANSFER DR 002 ACHMAD JUPRI
DISTRIBUTOR GREENFIELDS;BI-FAST CR TRANSFER DR 451 PTKELOLAPANGANINDO
DISTRIBUTOR GREENFIELDS;BI-FAST CR TRANSFER DR 008 KELOLA PANGAN INDO
2300013650;BI-FAST CR TRANSFER DR 009 SIMSEM PAYROLL BNI
2300016738;BI-FAST CR TRANSFER DR 002 PT TIGA SEKAWAN SA
2000066431;BI-FAST CR TRANSFER DR 008 YUMMY FOOD UTAMA
2300011370;BI-FAST CR TRANSFER DR 023 WANATA JAYA CIPTA,
2300008691;BI-FAST CR TRANSFER DR 022 HERBERT TANUDJAJA
2300008691;BI-FAST CR TRANSFER DR 022 HERBERT TANUDJAJA
2300017157;BI-FAST CR TRANSFER DR 022 YANG MUDA MAKMUR
2300016297;BI-FAST CR TRANSFER DR 008 GUNAWAN
2300017901;BI-FAST CR TRANSFER DR 009 RFA KHARISMA INTER
2300008929;BI-FAST CR TRANSFER DR 009 ADITYA NALAWANGSA
2300017828;BI-FAST CR TRANSFER DR 002 JELIN ROSALINA
2300016623;BI-FAST CR TRANSFER DR 535 RATIH
2300014528;BI-FAST CR TRANSFER DR 022 SELERA MUDA BERKRE
DISTRIBUTOR GREENFIELDS;BI-FAST CR TRANSFER DR 009 BERKAT LARIS GEMIL
2300017570;BI-FAST CR TRANSFER DR 008 AGREYA BERKAH INDO
2300008691;BI-FAST CR TRANSFER DR 022 HERBERT TANUDJAJA
2300017934;BI-FAST CR TRANSFER DR 008 MARNI ASTUTI
2300015127;BI-FAST CR TRANSFER DR 008 ANIS YULITA
2300013016;BI-FAST CR TRANSFER DR 009 WAHYUDI
2300010936;BI-FAST CR TRANSFER DR 022 KAKIATNA AGRO INDO
2300010936;BI-FAST CR TRANSFER DR 022 KAKIATNA AGRO INDO
2300008929;BI-FAST CR TRANSFER DR 009 ADITYA NALAWANGSA
2300017390;BI-FAST CR TRANSFER DR 002 HESTI LESTARI
2300016989;BI-FAST CR TRANSFER DR 501 Armand Hermansyah
2300015661;BI-FAST CR TRANSFER DR 002 PT SAYAP SUKSES SE
2300017452;BI-FAST CR TRANSFER DR 501 Dian Kartika Nugro
2300016665;BI-FAST CR TRANSFER DR 008 OCTAVIANI
2300017570;BI-FAST CR TRANSFER DR 008 AGREYA BERKAH INDO
2300015723;BI-FAST CR TRANSFER DR 009 SIMSEM PAYROLL BNI
2300016167;BI-FAST CR TRANSFER DR 028 HIOE MELANIE PRAST
2300014669;BI-FAST CR TRANSFER DR 002 WANTI NUR CAHYANI
2300017925;BI-FAST CR TRANSFER DR 535 MOHAMAD RENEY ADHI
2300016538;BI-FAST CR TRANSFER DR 002 MUTAALIDA
2300017409;BI-FAST CR TRANSFER DR 008 SARAH AFIFAH AZ ZA
2300011171;BI-FAST CR TRANSFER DR 002 PUNCAK LEMBAH HIJA
2300014642;BI-FAST CR TRANSFER DR 542 VITA DIAN PUTRI
2300014642;BI-FAST CR TRANSFER DR 542 VITA DIAN PUTRI
2300009307;BI-FAST CR TRANSFER DR 009 SATRIA MAJU BERSAM
2300015633;BI-FAST CR TRANSFER DR 028 GABRIELLA GUSTIAWA
2300008929;BI-FAST CR TRANSFER DR 009 ADITYA NALAWANGSA
2300015181;BI-FAST CR TRANSFER DR 008 WISMA KANTA UTAMA
2300017838;BI-FAST CR TRANSFER DR 013 NURYANI
2300012456;BI-FAST CR TRANSFER DR 002 RINO BAGUS PRASETY
2300015919;BI-FAST CR TRANSFER DR 002 GEDUNG PINANG SELA
2300016970;BI-FAST CR TRANSFER DR 028 HENDI
2300017869;BI-FAST CR TRANSFER DR 008 AKBAR MAULANA
2300017570;BI-FAST CR TRANSFER DR 008 AGREYA BERKAH INDO
2300011768;BI-FAST CR TRANSFER DR 031 PT TRAVELOKA INDON
2300014697;BI-FAST CR TRANSFER DR 031 PT TRINUSA TRAVELI
2300016664;BI-FAST CR TRANSFER DR 008 BERKAH BOGA MANDIR
2300016664;BI-FAST CR TRANSFER DR 008 BERKAH BOGA MANDIR
2300014400;BI-FAST CR TRANSFER DR 002 FILOSOFI KOPI SEJA
2300013646;BI-FAST CR TRANSFER DR 008 LAILUL MUFARIDAH
DISTRIBUTOR GREENFIELDS;BI-FAST CR TRANSFER DR 022 CLASSIC FINE FOODS
2300010936;BI-FAST CR TRANSFER DR 022 KAKIATNA AGRO INDO
2300010936;BI-FAST CR TRANSFER DR 022 KAKIATNA AGRO INDO
2300010687;BI-FAST CR TRANSFER DR 002 AGUNG PRASETYO
2300017930;BI-FAST CR TRANSFER DR 009 REZA ZIA UL RAHMAN
2300004907;BI-FAST CR TRANSFER DR 008 KETJIL KREASI SIGN
2300017795;BI-FAST CR TRANSFER DR 009 SENTRA GASTRONOMI
2300013650;BI-FAST CR TRANSFER DR 009 SIMSEM PAYROLL BNI
2300018068;BI-FAST CR TRANSFER DR 009 MAULANA LATISETIAD
2300015181;BI-FAST CR TRANSFER DR 008 WISMA KANTA UTAMA
2300017454;BI-FAST CR TRANSFER DR 022 MINOR FOOD GROUP I
DISTRIBUTOR GREENFIELDS;BI-FAST CR TRANSFER DR 451 PTKELOLAPANGANINDO
2300015997;BI-FAST CR TRANSFER DR 022 DEANDI PRIMOSAPUTE
2300006204;BI-FAST CR TRANSFER DR 008 SARMAIDA MANURUNG
2300017828;BI-FAST CR TRANSFER DR 002 JELIN ROSALINA
2300016056;BI-FAST CR TRANSFER DR 213 AGUR HARJANTO
2300016122;BI-FAST CR TRANSFER DR 523 EXPAT Roasters
2300012952;BI-FAST CR TRANSFER DR 484 FRANCISCA
2300017864;BI-FAST CR TRANSFER DR 008 DEDI KURNIAWAN SAP
2300018210;BI-FAST CR TRANSFER DR 535 ANNISA NUR HASANAH
2300008929;BI-FAST CR TRANSFER DR 009 ADITYA NALAWANGSA
2300013207;BI-FAST CR TRANSFER DR 002 Q-THA SURYA PRATAM
2300015149;BI-FAST CR TRANSFER DR 008 WANGSA SEQUOIA GRO
2300015789;BI-FAST CR TRANSFER DR 501 Farida Nursanti
2300017570;BI-FAST CR TRANSFER DR 008 AGREYA BERKAH INDO
2300017509;BI-FAST CR TRANSFER DR 008 FIRMAN ARVINDRA S
2300016155;BI-FAST CR TRANSFER DR 013 RAFAE LAYETH SUUD
2300017817;BI-FAST CR TRANSFER DR 008 FINCENT EHUD LAWRE
DISTRIBUTOR GREENFIELDS;BI-FAST CR TRANSFER DR 153 CV BARU TANJAKAN
2300016533;BI-FAST CR TRANSFER DR 009 FAISAL HAFIZ MAHAK
2300017044;BI-FAST CR TRANSFER DR 490 ANASTALISIA KUSUMA
2300015992;BI-FAST CR TRANSFER DR 002 DWI URIP SUGIYANTO
2300018055;BI-FAST CR TRANSFER DR 002 ALBI PAMBUDI
2300015092;BI-FAST CR TRANSFER DR 008 RAJASA INTAMA
2300017044;BI-FAST CR TRANSFER DR 490 ANASTALISIA KUSUMA
2300016062;BI-FAST CR TRANSFER DR 008 CAHAYA INDAH ASIA
2300018389;BI-FAST CR TRANSFER DR 008 GLOBAL SINERGI INV
2300013646;BI-FAST CR TRANSFER DR 008 LAILUL MUFARIDAH
2300005920;BI-FAST CR TRANSFER DR 451 VERNANDAPUSPANINGG
2300010687;BI-FAST CR TRANSFER DR 002 AGUNG PRASETYO
2300010936;BI-FAST CR TRANSFER DR 022 KAKIATNA AGRO INDO
2300010936;BI-FAST CR TRANSFER DR 022 KAKIATNA AGRO INDO
2300010936;BI-FAST CR TRANSFER DR 022 KAKIATNA AGRO INDO
2300008929;BI-FAST CR TRANSFER DR 009 ADITYA NALAWANGSA
2300015799;BI-FAST CR TRANSFER DR 542 HENNY
2300018210;BI-FAST CR TRANSFER DR 535 ANNISA NUR HASANAH
2300018210;BI-FAST CR TRANSFER DR 535 ANNISA NUR HASANAH
2300018210;BI-FAST CR TRANSFER DR 535 ANNISA NUR HASANAH
2300018210;BI-FAST CR TRANSFER DR 535 ANNISA NUR HASANAH
2300016308;BI-FAST CR TRANSFER DR 501 Muhammad Bagas Abi
2300017157;BI-FAST CR TRANSFER DR 022 YANG MUDA MAKMUR
2300016308;BI-FAST CR TRANSFER DR 501 Muhammad Bagas Abi
2300008691;BI-FAST CR TRANSFER DR 022 HERBERT TANUDJAJA
2300017838;BI-FAST CR TRANSFER DR 013 NURYANI
2300015484;BI-FAST CR TRANSFER DR 002 TRIAN ADI PURNAMA
2300008706;BI-FAST CR TRANSFER DR 008 ANDIKA AJIESASTRA
2300017069;BI-FAST CR TRANSFER DR 501 Genta Rama Sufis
2300016837;BI-FAST CR TRANSFER DR 426 MAWAR SARI MAKMUR
2300009183;BI-FAST CR TRANSFER DR 501 Diajeng Nurulita N
2300009183;BI-FAST CR TRANSFER DR 501 Diajeng Nurulita N
2300009183;BI-FAST CR TRANSFER DR 501 Diajeng Nurulita N
2300009183;BI-FAST CR TRANSFER DR 501 Diajeng Nurulita N
2300016960;BI-FAST CR TRANSFER DR 002 FAJAR RAHMAT ALAMS
2300008691;BI-FAST CR TRANSFER DR 022 HERBERT TANUDJAJA
2300009183;BI-FAST CR TRANSFER DR 501 Diajeng Nurulita N
2300009183;BI-FAST CR TRANSFER DR 501 Diajeng Nurulita N
2300009183;BI-FAST CR TRANSFER DR 501 Diajeng Nurulita N
2300009183;BI-FAST CR TRANSFER DR 501 Diajeng Nurulita N
2300009183;BI-FAST CR TRANSFER DR 501 Diajeng Nurulita N
2300010936;BI-FAST CR TRANSFER DR 022 KAKIATNA AGRO INDO
2300016989;BI-FAST CR TRANSFER DR 501 Armand Hermansyah
2300015109;BI-FAST CR TRANSFER DR 002 TIIPODS KARYA INDO
2300008929;BI-FAST CR TRANSFER DR 009 ADITYA NALAWANGSA
DISTRIBUTOR GREENFIELDS;BI-FAST CR TRANSFER DR 451 PTKELOLAPANGANINDO
2300016423;BI-FAST CR TRANSFER DR 008 DEA UMYATI
2300012700;BI-FAST CR TRANSFER DR 008 ALIMARWAN SURYA WI
2300017901;BI-FAST CR TRANSFER DR 009 RFA KHARISMA INTER
2300017570;BI-FAST CR TRANSFER DR 008 AGREYA BERKAH INDO
2300016665;BI-FAST CR TRANSFER DR 008 OCTAVIANI
2300001305;BI-FAST CR TRANSFER DR 008 RAJA RASA ALAMI
2300013152;BI-FAST CR TRANSFER DR 426 GABRIELLA ASTITI H
2300017452;BI-FAST CR TRANSFER DR 501 Dian Kartika Nugro
2300016253;BI-FAST CR TRANSFER DR 008 MITRA LOKACIPTA SE
2300015833;BI-FAST CR TRANSFER DR 009 ANDHIKA NUR PRATAM
2300017302;BI-FAST CR TRANSFER DR 008 YOLLIE WAURAN
2300017899;BI-FAST CR TRANSFER DR 046 SUROSO SP
2300017899;BI-FAST CR TRANSFER DR 046 SUROSO SP
2300017156;BI-FAST CR TRANSFER DR 028 RIVA LAURITZ
2300018039;BI-FAST CR TRANSFER DR 535 VIRNA MUSTIKA
2300017562;BI-FAST CR TRANSFER DR 036 EASTERN EXPANDING
2300016737;BI-FAST CR TRANSFER DR 501 Richelle Briana Ha
2300016737;BI-FAST CR TRANSFER DR 501 Richelle Briana Ha
2300012940;BI-FAST CR TRANSFER DR 008 SELLY STEPANI
2300016737;BI-FAST CR TRANSFER DR 501 Richelle Briana Ha
2300015012;BI-FAST CR TRANSFER DR 009 SUSANTI DEWIJANA
2300015249;BI-FAST CR TRANSFER DR 008 HAYKAL DZAKRY WIDJ
2300014906;BI-FAST CR TRANSFER DR 022 BOGA PUTRA SANTOSO
2300018038;BI-FAST CR TRANSFER DR 111 TAHAANI ERA DEL YA
2300013650;BI-FAST CR TRANSFER DR 009 SIMSEM PAYROLL BNI
2300017428;BI-FAST CR TRANSFER DR 009 TIGO TUNGKU SAHATI
2300017570;BI-FAST CR TRANSFER DR 008 AGREYA BERKAH INDO
2300016167;BI-FAST CR TRANSFER DR 028 HIOE MELANIE PRAST
2300012940;BI-FAST CR TRANSFER DR 008 SELLY STEPANI
2300010531;BI-FAST CR TRANSFER DR 022 SEPULUH SEPULUH ST
2300018066;BI-FAST CR TRANSFER DR 002 Fadlu Rochman
2300012502;BI-FAST CR TRANSFER DR 008 MUHAMMAD OVIE PALK
2300015575;BI-FAST CR TRANSFER DR 451 NURHAYATI
2300016664;BI-FAST CR TRANSFER DR 008 BERKAH BOGA MANDIR
2300016664;BI-FAST CR TRANSFER DR 008 BERKAH BOGA MANDIR
2300017435;BI-FAST CR TRANSFER DR 002 NUNUNG SOBIATY
2300017789;BI-FAST CR TRANSFER DR 008 AGUNG BUDI UTOMO
2300017112;BI-FAST CR TRANSFER DR 037 FADLY LILAH ILHAM
DISTRIBUTOR GREENFIELDS;BI-FAST CR TRANSFER DR 022 CLASSIC FINE FOODS
2300010936;BI-FAST CR TRANSFER DR 022 KAKIATNA AGRO INDO
2300015931;BI-FAST CR TRANSFER DR 028 ISYE FITRIYULIASTU
2300016611;BI-FAST CR TRANSFER DR 022 RIA SRI WOELANDARI
2300016611;BI-FAST CR TRANSFER DR 022 RIA SRI WOELANDARI
2300016611;BI-FAST CR TRANSFER DR 022 RIA SRI WOELANDARI
2300016611;BI-FAST CR TRANSFER DR 022 RIA SRI WOELANDARI
2300016611;BI-FAST CR TRANSFER DR 022 RIA SRI WOELANDARI
2300016611;BI-FAST CR TRANSFER DR 022 RIA SRI WOELANDARI
2000066431;BI-FAST CR TRANSFER DR 008 YUMMY FOOD UTAMA
2300017653;BI-FAST CR TRANSFER DR 008 AGUS CHANDRA WAHYU
2300016623;BI-FAST CR TRANSFER DR 535 RATIH
2300015997;BI-FAST CR TRANSFER DR 022 DEANDI PRIMOSAPUTE
2300017930;BI-FAST CR TRANSFER DR 009 REZA ZIA UL RAHMAN
2300017494;BI-FAST CR TRANSFER DR 008 MUSBAWATI KUMBU
2300016215;BI-FAST CR TRANSFER DR 002 ACHMAD JUPRI
DISTRIBUTOR GREENFIELDS;BI-FAST CR TRANSFER DR 451 PTKELOLAPANGANINDO
2300012106;BI-FAST CR TRANSFER DR 213 EVIELINA HERMAWATY
2300016628;BI-FAST CR TRANSFER DR 008 ANDRI WICAKSONO
2300017409;BI-FAST CR TRANSFER DR 008 SARAH AFIFAH AZ ZA
2300016890;BI-FAST CR TRANSFER DR 002 MOHAMAD FIRMAN SYA
2300014642;BI-FAST CR TRANSFER DR 542 VITA DIAN PUTRI
2300013876;BI-FAST CR TRANSFER DR 002 COTTA TERRA PRIMA
2300015092;BI-FAST CR TRANSFER DR 008 RAJASA INTAMA
2300016603;BI-FAST CR TRANSFER DR 008 DWI PUSPITA ANGGRA
2300016241;BI-FAST CR TRANSFER DR 008 UPEKKHA ARIYAPUTER
2300017078;BI-FAST CR TRANSFER DR 501 Rafly Rihza Arrohi
2300016259;BI-FAST CR TRANSFER DR 008 HANA RIZKA EFRILIA
2300015992;BI-FAST CR TRANSFER DR 002 DWI URIP SUGIYANTO
2300010936;BI-FAST CR TRANSFER DR 022 KAKIATNA AGRO INDO
2300010936;BI-FAST CR TRANSFER DR 022 KAKIATNA AGRO INDO
2300010936;BI-FAST CR TRANSFER DR 022 KAKIATNA AGRO INDO
2300010936;BI-FAST CR TRANSFER DR 022 KAKIATNA AGRO INDO
2300012044;BI-FAST CR TRANSFER DR 008 DIPURI SELARAS MEM
2300017382;BI-FAST CR TRANSFER DR 542 FARIS BUDIMAN ANNA
2300001056;BI-FAST CR TRANSFER DR 008 GEETEE ROSEN TANUW
2300011370;BI-FAST CR TRANSFER DR 023 WANATA JAYA CIPTA,
2300017795;BI-FAST CR TRANSFER DR 009 SENTRA GASTRONOMI
2300017925;BI-FAST CR TRANSFER DR 535 MOHAMAD RENEY ADHI
2300017786;BI-FAST CR TRANSFER DR 002 HILHAM MUAZAM AUDA
2300013650;BI-FAST CR TRANSFER DR 009 SIMSEM PAYROLL BNI
2300016133;BI-FAST CR TRANSFER DR 008 SUSI SULASTRI
2300016997;BI-FAST CR TRANSFER DR 542 FEBRIAN LITHA AYU
2300007218;BI-FAST CR TRANSFER DR 022 WAHYUNI
2300005478;BI-FAST CR TRANSFER DR 022 FILOSOFI ADIDAYA I
DISTRIBUTOR GREENFIELDS;BI-FAST CR TRANSFER DR 009 BERKAT LARIS GEMIL
2300017452;BI-FAST CR TRANSFER DR 501 Dian Kartika Nugro
2300017069;BI-FAST CR TRANSFER DR 501 Genta Rama Sufis
2300015127;BI-FAST CR TRANSFER DR 008 ANIS YULITA
2300016989;BI-FAST CR TRANSFER DR 501 Armand Hermansyah
2300017864;BI-FAST CR TRANSFER DR 008 DEDI KURNIAWAN SAP
2300014933;BI-FAST CR TRANSFER DR 451 KOPKARSYAHBSIQQKRW
2300013116;BI-FAST CR TRANSFER DR 535 MUHAMMAD FARHAN AS
2300007109;BI-FAST CR TRANSFER DR 028 MAXIM JAYADI ABADI
2300007109;BI-FAST CR TRANSFER DR 028 MAXIM JAYADI ABADI
2300016032;BI-FAST CR TRANSFER DR 451 STEVIFEBRIANTO
MODERN TRADE;BI-FAST CR TRANSFER DR 002 JAKARTA SENTRA ARO
MODERN TRADE;BI-FAST CR TRANSFER DR 002 JAKARTA SENTRA ARO
2300017156;BI-FAST CR TRANSFER DR 028 RIVA LAURITZ
2300005430;BI-FAST CR TRANSFER DR 008 JALAN SALURAN BERK
2300008929;BI-FAST CR TRANSFER DR 009 ADITYA NALAWANGSA
2300013780;BI-FAST CR TRANSFER DR 008 JEDO ABADI LESTARI
2300017570;BI-FAST CR TRANSFER DR 008 AGREYA BERKAH INDO
2300017752;BI-FAST CR TRANSFER DR 008 PUTRA JAYUSA
DISTRIBUTOR GREENFIELDS;BI-FAST CR TRANSFER DR 009 BERKAT LARIS GEMIL
2300017166;BI-FAST CR TRANSFER DR 022 PT KULINER PRIMA V
2300008691;BI-FAST CR TRANSFER DR 022 HERBERT TANUDJAJA
2300008691;BI-FAST CR TRANSFER DR 022 HERBERT TANUDJAJA
2300007137;BI-FAST CR TRANSFER DR 032 PT Kerry Ingredien
2300015149;BI-FAST CR TRANSFER DR 008 WANGSA SEQUOIA GRO
2300017492;BI-FAST CR TRANSFER DR 009 MAYA JOESTITA ROCH
2300015484;BI-FAST CR TRANSFER DR 002 TRIAN ADI PURNAMA
2300008929;BI-FAST CR TRANSFER DR 009 ADITYA NALAWANGSA
2300010936;BI-FAST CR TRANSFER DR 022 KAKIATNA AGRO INDO
2300010936;BI-FAST CR TRANSFER DR 022 KAKIATNA AGRO INDO
2300015095;BI-FAST CR TRANSFER DR 008 ASTHA BUMI INDAH
2300017514;BI-FAST CR TRANSFER DR 008 KORI-HABITAT UNTUK
2300017922;BI-FAST CR TRANSFER DR 008 DINARRI
2300017930;BI-FAST CR TRANSFER DR 009 REZA ZIA UL RAHMAN
2300016215;BI-FAST CR TRANSFER DR 002 ACHMAD JUPRI
2300015919;BI-FAST CR TRANSFER DR 002 GEDUNG PINANG SELA
2300008691;BI-FAST CR TRANSFER DR 022 HERBERT TANUDJAJA
2300010202;BI-FAST CR TRANSFER DR 002 PRIMER KOPERASI TR
2300017492;BI-FAST CR TRANSFER DR 009 MAYA JOESTITA ROCH
2300014669;BI-FAST CR TRANSFER DR 002 WANTI NUR CAHYANI
2300017123;BI-FAST CR TRANSFER DR 008 I GST AYU AGUNG MA
2300014400;BI-FAST CR TRANSFER DR 002 FILOSOFI KOPI SEJA
2300015203;BI-FAST CR TRANSFER DR 022 GENESIS INDONESIA
2300007137;BI-FAST CR TRANSFER DR 032 PT Kerry Ingredien
2300017425;BI-FAST CR TRANSFER DR 008 AKHMAD RIZKY WICAK
2300015155;BI-FAST CR TRANSFER DR 008 FIRDAUS NIKMATULLA
2300012940;BI-FAST CR TRANSFER DR 008 SELLY STEPANI
2300015833;BI-FAST CR TRANSFER DR 009 ANDHIKA NUR PRATAM
DISTRIBUTOR GREENFIELDS;BI-FAST CR TRANSFER DR 022 CLASSIC FINE FOODS
2300015852;BI-FAST CR TRANSFER DR 501 Maria Magdalena Pe
2300018115;BI-FAST CR TRANSFER DR 008 SISKA MULYA UTAMA
2300005091;BI-FAST CR TRANSFER DR 451 HERLYNKASMIR
2300016665;BI-FAST CR TRANSFER DR 008 OCTAVIANI
2300012940;BI-FAST CR TRANSFER DR 008 SELLY STEPANI
2300017994;BI-FAST CR TRANSFER DR 501 Raka Ardiwan
2300015723;BI-FAST CR TRANSFER DR 009 SIMSEM PAYROLL BNI
2300017514;BI-FAST CR TRANSFER DR 008 SAOLA-HABITAT UNTU
2300017509;BI-FAST CR TRANSFER DR 008 FIRMAN ARVINDRA S
2300017351;BI-FAST CR TRANSFER DR 535 VANIA YUSPANDI
2300018063;BI-FAST CR TRANSFER DR 008 FIDHA FARIBASA
2300010687;BI-FAST CR TRANSFER DR 002 AGUNG PRASETYO
2300016664;BI-FAST CR TRANSFER DR 008 BERKAH BOGA MANDIR
2300015435;BI-FAST CR TRANSFER DR 008 PUTRA JAYUSA
2300004907;BI-FAST CR TRANSFER DR 008 KETJIL KREASI SIGN
2000066431;BI-FAST CR TRANSFER DR 008 YUMMY FOOD UTAMA
2300017168;BI-FAST CR TRANSFER DR 022 KREASI ABADI SELAR
2300012044;BI-FAST CR TRANSFER DR 008 DIPURI SELARAS MEM
2300000838;BI-FAST CR TRANSFER DR 022 KITCHENETTE LESTAR
2300018120;BI-FAST CR TRANSFER DR 008 ABRI PRATAMA PUTRA
2300010936;BI-FAST CR TRANSFER DR 022 KAKIATNA AGRO INDO
2300010936;BI-FAST CR TRANSFER DR 022 KAKIATNA AGRO INDO
2300018126;BI-FAST CR TRANSFER DR 009 ANDRI DWIANTO IRAW
2300016538;BI-FAST CR TRANSFER DR 002 MUTAALIDA
2300015633;BI-FAST CR TRANSFER DR 028 GABRIELLA GUSTIAWA
2300017221;BI-FAST CR TRANSFER DR 022 NURUL ANNISA KHAER
2300001305;BI-FAST CR TRANSFER DR 008 RAJA RASA ALAMI
2300011554;BI-FAST CR TRANSFER DR 009 ADIRAI SUMBER REJE
2300011554;BI-FAST CR TRANSFER DR 009 ADIRAI SUMBER REJE
2300017361;BI-FAST CR TRANSFER DR 008 MADISON PRIMABOGA
MODERN TRADE;BI-FAST CR TRANSFER DR 002 JAKARTA SENTRA ARO
2300017930;BI-FAST CR TRANSFER DR 009 REZA ZIA UL RAHMAN
2300015250;BI-FAST CR TRANSFER DR 008 AKMAL RIFQY FIRDAU
2300016623;BI-FAST CR TRANSFER DR 535 RATIH
2300015092;BI-FAST CR TRANSFER DR 008 RAJASA INTAMA
2300018038;BI-FAST CR TRANSFER DR 111 TAHAANI ERA DEL YA
2300008929;BI-FAST CR TRANSFER DR 009 ADITYA NALAWANGSA
2300017570;BI-FAST CR TRANSFER DR 008 AGREYA BERKAH INDO
2300017409;BI-FAST CR TRANSFER DR 008 SARAH AFIFAH AZ ZA
2300013595;BI-FAST CR TRANSFER DR 009 SUASANA KREATIF IN
2300017123;BI-FAST CR TRANSFER DR 008 I GST AYU AGUNG MA
2300016751;BI-FAST CR TRANSFER DR 008 YOSKA LESMANA
2300010936;BI-FAST CR TRANSFER DR 022 KAKIATNA AGRO INDO
2300010936;BI-FAST CR TRANSFER DR 022 KAKIATNA AGRO INDO
2000066431;BI-FAST CR TRANSFER DR 008 YUMMY FOOD UTAMA
2300008929;BI-FAST CR TRANSFER DR 009 ADITYA NALAWANGSA
2300015123;BI-FAST CR TRANSFER DR 009 LADANG BOGA KREATI
2300008289;BI-FAST CR TRANSFER DR 009 PT BERKAH GONBOGA
2300005478;BI-FAST CR TRANSFER DR 022 FILOSOFI ADIDAYA I
2300013016;BI-FAST CR TRANSFER DR 009 WAHYUDI
2300015799;BI-FAST CR TRANSFER DR 542 HENNY
2300015755;BI-FAST CR TRANSFER DR 535 AWANGGA
2300016241;BI-FAST CR TRANSFER DR 008 UPEKKHA ARIYAPUTER
2300017069;BI-FAST CR TRANSFER DR 501 Genta Rama Sufis
2300017452;BI-FAST CR TRANSFER DR 501 Dian Kartika Nugro
2300017936;BI-FAST CR TRANSFER DR 008 TERIGU TELUR GULA
2300017936;BI-FAST CR TRANSFER DR 008 TERIGU TELUR GULA
2300016989;BI-FAST CR TRANSFER DR 501 Armand Hermansyah
DISTRIBUTOR GREENFIELDS;BI-FAST CR TRANSFER DR 451 PTKELOLAPANGANINDO
2300011370;BI-FAST CR TRANSFER DR 023 WANATA JAYA CIPTA,
2300013152;BI-FAST CR TRANSFER DR 426 GABRIELLA ASTITI H
2300017925;BI-FAST CR TRANSFER DR 535 MOHAMAD RENEY ADHI
2300018389;BI-FAST CR TRANSFER DR 008 GLOBAL SINERGI INV
2300004435;BI-FAST CR TRANSFER DR 008 AROMA HARUM LESTAR
2300016167;BI-FAST CR TRANSFER DR 028 HIOE MELANIE PRAST
2300007137;BI-FAST CR TRANSFER DR 032 PT Kerry Ingredien
2300007109;BI-FAST CR TRANSFER DR 028 MAXIM JAYADI ABADI
2300007109;BI-FAST CR TRANSFER DR 028 MAXIM JAYADI ABADI
2300018108;BI-FAST CR TRANSFER DR 008 HANAFI PRABOWO
2300017262;BI-FAST CR TRANSFER DR 008 KOPERASI KONSUMEN
2000066431;BI-FAST CR TRANSFER DR 008 YUMMY FOOD UTAMA
2300012044;BI-FAST CR TRANSFER DR 008 DIPURI SELARAS MEM
2300014642;BI-FAST CR TRANSFER DR 542 VITA DIAN PUTRI
2300014642;BI-FAST CR TRANSFER DR 542 VITA DIAN PUTRI
2300014642;BI-FAST CR TRANSFER DR 542 VITA DIAN PUTRI
2300008929;BI-FAST CR TRANSFER DR 009 ADITYA NALAWANGSA
2300018066;BI-FAST CR TRANSFER DR 002 Fadlu Rochman
2300017962;BI-FAST CR TRANSFER DR 002 NATASYA FITRI DEWA
2300014400;BI-FAST CR TRANSFER DR 002 FILOSOFI KOPI SEJA
2300017838;BI-FAST CR TRANSFER DR 002 NURYANI
2300015919;BI-FAST CR TRANSFER DR 002 GEDUNG PINANG SELA
2300016032;BI-FAST CR TRANSFER DR 451 STEVIFEBRIANTO
2300009526;BI-FAST CR TRANSFER DR 501 Ilham Hadi Praseti
2300018068;BI-FAST CR TRANSFER DR 009 MAULANA LATISETIAD
2300016253;BI-FAST CR TRANSFER DR 008 MITRA LOKACIPTA SE
2300016693;BI-FAST CR TRANSFER DR 028 ASTA BUMI CIPTA
2300017795;BI-FAST CR TRANSFER DR 009 SENTRA GASTRONOMI
2300010936;BI-FAST CR TRANSFER DR 022 KAKIATNA AGRO INDO
2300010936;BI-FAST CR TRANSFER DR 022 KAKIATNA AGRO INDO
2300017653;BI-FAST CR TRANSFER DR 008 AGUS CHANDRA WAHYU
2300015203;BI-FAST CR TRANSFER DR 022 GENESIS INDONESIA
2300015203;BI-FAST CR TRANSFER DR 022 GENESIS INDONESIA
2300009307;BI-FAST CR TRANSFER DR 009 SATRIA MAJU BERSAM
2300017184;BI-FAST CR TRANSFER DR 008 FEDERASI KANAL
2300017922;BI-FAST CR TRANSFER DR 008 DINARRI
2300016890;BI-FAST CR TRANSFER DR 002 MOHAMAD FIRMAN SYA
2300013207;BI-FAST CR TRANSFER DR 002 Q-THA SURYA PRATAM
2300016693;BI-FAST CR TRANSFER DR 028 ASTA BUMI CIPTA
2300010531;BI-FAST CR TRANSFER DR 022 SEPULUH SEPULUH ST
2300007028;BI-FAST CR TRANSFER DR 013 RITA SUKMAWANGI,SE
2300010687;BI-FAST CR TRANSFER DR 002 AGUNG PRASETYO
2300013646;BI-FAST CR TRANSFER DR 008 LAILUL MUFARIDAH
2300016664;BI-FAST CR TRANSFER DR 008 BERKAH BOGA MANDIR
2300017078;BI-FAST CR TRANSFER DR 501 Rafly Rihza Arrohi
MODERN TRADE;BI-FAST CR TRANSFER DR 002 JAKARTA SENTRA ARO
2300016664;BI-FAST CR TRANSFER DR 008 BERKAH BOGA MANDIR
2300014906;BI-FAST CR TRANSFER DR 022 BOGA PUTRA SANTOSO
2300013666;BI-FAST CR TRANSFER DR 002 GITA DJOEANG SEJAH
2300017344;BI-FAST CR TRANSFER DR 008 RAHMITA
2300010936;BI-FAST CR TRANSFER DR 022 KAKIATNA AGRO INDO
2300010936;BI-FAST CR TRANSFER DR 022 KAKIATNA AGRO INDO
2300010936;BI-FAST CR TRANSFER DR 022 KAKIATNA AGRO INDO
2300017030;BI-FAST CR TRANSFER DR 008 ALI HASANUDIN
2300017156;BI-FAST CR TRANSFER DR 028 RIVA LAURITZ
2300017156;BI-FAST CR TRANSFER DR 028 RIVA LAURITZ
2300017795;BI-FAST CR TRANSFER DR 009 SENTRA GASTRONOMI
2300011768;BI-FAST CR TRANSFER DR 031 PT TRAVELOKA INDON
2300014697;BI-FAST CR TRANSFER DR 031 PT TRINUSA TRAVELI
2300016033;BI-FAST CR TRANSFER DR 002 SION TRADING LINE
2300015799;BI-FAST CR TRANSFER DR 542 HENNY
2300017514;BI-FAST CR TRANSFER DR 008 SAOLA-HABITAT UNTU
2300016423;BI-FAST CR TRANSFER DR 008 DEA UMYATI
2300011370;BI-FAST CR TRANSFER DR 023 WANATA JAYA CIPTA,
2300015852;BI-FAST CR TRANSFER DR 501 Maria Magdalena Pe
2300016533;BI-FAST CR TRANSFER DR 009 FAISAL HAFIZ MAHAK
2300017317;BI-FAST CR TRANSFER DR 548 MARIA LESTARI
2300012940;BI-FAST CR TRANSFER DR 008 SELLY STEPANI
2300015977;BI-FAST CR TRANSFER DR 008 BERKAT INTI SELARA
2300008706;BI-FAST CR TRANSFER DR 008 ESTI NOVIASARI
2300012798;BI-FAST CR TRANSFER DR 451 KOPIKOPIANDBEVERAG
2300014361;BI-FAST CR TRANSFER DR 022 OMAR AGOES
2300014669;BI-FAST CR TRANSFER DR 002 WANTI NUR CAHYANI
2300014642;BI-FAST CR TRANSFER DR 542 VITA DIAN PUTRI
2300008929;BI-FAST CR TRANSFER DR 009 ADITYA NALAWANGSA
2300017899;BI-FAST CR TRANSFER DR 046 SUROSO SP
2300017789;BI-FAST CR TRANSFER DR 008 AGUNG BUDI UTOMO
2300016259;BI-FAST CR TRANSFER DR 008 HANA RIZKA EFRILIA
2300017492;BI-FAST CR TRANSFER DR 009 MAYA JOESTITA ROCH
2300015799;BI-FAST CR TRANSFER DR 542 HENNY
2300015092;BI-FAST CR TRANSFER DR 008 RAJASA INTAMA
2300017409;BI-FAST CR TRANSFER DR 008 SARAH AFIFAH AZ ZA
2300014329;BI-FAST CR TRANSFER DR 153 CV CATUR NIAGA SEN
2300017448;BI-FAST CR TRANSFER DR 002 KEENAN ARDYANTO
2300015530;BI-FAST CR TRANSFER DR 009 PISON RESTOKOPI PR
2300008929;BI-FAST CR TRANSFER DR 009 ADITYA NALAWANGSA
2300017302;BI-FAST CR TRANSFER DR 008 YOLLIE WAURAN
2300017262;BI-FAST CR TRANSFER DR 008 KOPERASI KONSUMEN
2300010936;BI-FAST CR TRANSFER DR 022 KAKIATNA AGRO INDO
2300010936;BI-FAST CR TRANSFER DR 022 KAKIATNA AGRO INDO
2300010936;BI-FAST CR TRANSFER DR 022 KAKIATNA AGRO INDO
2300005920;BI-FAST CR TRANSFER DR 451 VERNANDAPUSPANINGG
2300017069;BI-FAST CR TRANSFER DR 501 Genta Rama Sufis
2300015249;BI-FAST CR TRANSFER DR 008 HAYKAL DZAKRY WIDJ
2300018040;BI-FAST CR TRANSFER DR 008 IRWAN HERMAWAN
2300015833;BI-FAST CR TRANSFER DR 009 ANDHIKA NUR PRATAM
2300016837;BI-FAST CR TRANSFER DR 426 MAWAR SARI MAKMUR
2300016837;BI-FAST CR TRANSFER DR 426 MAWAR SARI MAKMUR
2300017408;BI-FAST CR TRANSFER DR 002 PT SELARAS RASA IN
2300015987;BI-FAST CR TRANSFER DR 008 NURUL HUSNA
2300009183;BI-FAST CR TRANSFER DR 501 Diajeng Nurulita N
2300017828;BI-FAST CR TRANSFER DR 002 JELIN ROSALINA
2300014642;BI-FAST CR TRANSFER DR 542 VITA DIAN PUTRI
2300015630;BI-FAST CR TRANSFER DR 002 DINI INDRIYANI
2300010687;BI-FAST CR TRANSFER DR 002 AGUNG PRASETYO
2300018120;BI-FAST CR TRANSFER DR 008 ABRI PRATAMA PUTRA
2300018115;BI-FAST CR TRANSFER DR 008 SISKA MULYA UTAMA
2300017156;BI-FAST CR TRANSFER DR 028 RIVA LAURITZ
2300012456;BI-FAST CR TRANSFER DR 002 RINO BAGUS PRASETY
2300009526;BI-FAST CR TRANSFER DR 501 Ilham Hadi Praseti
2300017044;BI-FAST CR TRANSFER DR 490 ANASTALISIA KUSUMA
2300010202;BI-FAST CR TRANSFER DR 002 PRIMER KOPERASI TR
2300017570;BI-FAST CR TRANSFER DR 008 AGREYA BERKAH INDO
2300016665;BI-FAST CR TRANSFER DR 008 OCTAVIANI
2300009183;BI-FAST CR TRANSFER DR 501 Diajeng Nurulita N
2300017044;BI-FAST CR TRANSFER DR 490 ANASTALISIA KUSUMA
2300017123;BI-FAST CR TRANSFER DR 008 I GST AYU AGUNG MA
2300017059;BI-FAST CR TRANSFER DR 002 STEVEN SAUT MARTUA
2300001531;BI-FAST CR TRANSFER DR 087 YAYASAN BRITISH SC
2300010936;BI-FAST CR TRANSFER DR 022 KAKIATNA AGRO INDO
2300010936;BI-FAST CR TRANSFER DR 022 KAKIATNA AGRO INDO
2300015127;BI-FAST CR TRANSFER DR 008 ANIS YULITA
2300001056;BI-FAST CR TRANSFER DR 008 GEETEE ROSEN TANUW
2300016133;BI-FAST CR TRANSFER DR 008 SUSI SULASTRI
2300013650;BI-FAST CR TRANSFER DR 009 SIMSEM PAYROLL BNI
2300018134;BI-FAST CR TRANSFER DR 501 Jusufenzo Tjoitang
2300018134;BI-FAST CR TRANSFER DR 501 Jusufenzo Tjoitang
2300014400;BI-FAST CR TRANSFER DR 002 FILOSOFI KOPI SEJA
2000066431;BI-FAST CR TRANSFER DR 008 YUMMY FOOD UTAMA
2300008929;BI-FAST CR TRANSFER DR 009 ADITYA NALAWANGSA
2300015919;BI-FAST CR TRANSFER DR 002 GEDUNG PINANG SELA
2300017304;BI-FAST CR TRANSFER DR 008 DANANG WALUYAJATI
2300015997;BI-FAST CR TRANSFER DR 022 DEANDI PRIMOSAPUTE
2300017154;BI-FAST CR TRANSFER DR 501 Hilal Abu Dzar
2300007137;BI-FAST CR TRANSFER DR 032 PT Kerry Ingredien
2300016890;BI-FAST CR TRANSFER DR 002 MOHAMAD FIRMAN SYA
2300009307;BI-FAST CR TRANSFER DR 009 SATRIA MAJU BERSAM
2300016241;BI-FAST CR TRANSFER DR 008 UPEKKHA ARIYAPUTER
DISTRIBUTOR GREENFIELDS;BI-FAST CR TRANSFER DR 022 CLASSIC FINE FOODS
DISTRIBUTOR GREENFIELDS;BI-FAST CR TRANSFER DR 451 PTKELOLAPANGANINDO
2300017615;BI-FAST CR TRANSFER DR 022 PRIMA FENOMENA JAY
2300017901;BI-FAST CR TRANSFER DR 009 RFA KHARISMA INTER
2300013207;BI-FAST CR TRANSFER DR 002 Q-THA SURYA PRATAM
2300017570;BI-FAST CR TRANSFER DR 008 AGREYA BERKAH INDO
2300017408;BI-FAST CR TRANSFER DR 002 PT SELARAS RASA IN
2300016664;BI-FAST CR TRANSFER DR 008 BERKAH BOGA MANDIR
2300011768;BI-FAST CR TRANSFER DR 031 PT TRAVELOKA INDON
2300014697;BI-FAST CR TRANSFER DR 031 PT TRINUSA TRAVELI
2300010936;BI-FAST CR TRANSFER DR 022 KAKIATNA AGRO INDO
2300010936;BI-FAST CR TRANSFER DR 022 KAKIATNA AGRO INDO
2300010936;BI-FAST CR TRANSFER DR 022 KAKIATNA AGRO INDO
2300010936;BI-FAST CR TRANSFER DR 022 KAKIATNA AGRO INDO
2300010936;BI-FAST CR TRANSFER DR 022 KAKIATNA AGRO INDO
2300010936;BI-FAST CR TRANSFER DR 022 KAKIATNA AGRO INDO
2300010936;BI-FAST CR TRANSFER DR 022 KAKIATNA AGRO INDO
2300017786;BI-FAST CR TRANSFER DR 002 HILHAM MUAZAM AUDA
2300008929;BI-FAST CR TRANSFER DR 009 ADITYA NALAWANGSA
2300010687;BI-FAST CR TRANSFER DR 002 AGUNG PRASETYO
2300016285;BI-FAST CR TRANSFER DR 037 GROOCERIES CITY IN
2300014826;BI-FAST CR TRANSFER DR 022 ARGHA KARYA PRIMA
2300016423;BI-FAST CR TRANSFER DR 008 DEA UMYATI
2300017089;BI-FAST CR TRANSFER DR 002 PT BOGA MANDALA SE
2300005920;BI-FAST CR TRANSFER DR 451 VERNANDAPUSPANINGG
2300010202;BI-FAST CR TRANSFER DR 002 PRIMER KOPERASI TR
2300016623;BI-FAST CR TRANSFER DR 535 RATIH
2300004907;BI-FAST CR TRANSFER DR 008 KETJIL KREASI SIGN
2300006571;BI-FAST CR TRANSFER DR 009 PISON ANUGERAH PR
2300017078;BI-FAST CR TRANSFER DR 501 Rafly Rihza Arrohi
2300017817;BI-FAST CR TRANSFER DR 008 FINCENT EHUD LAWRE
2300014669;BI-FAST CR TRANSFER DR 002 WANTI NUR CAHYANI
2300008929;BI-FAST CR TRANSFER DR 009 ADITYA NALAWANGSA
2300016860;BI-FAST CR TRANSFER DR 008 HIRES KREASI PRATA
2300016538;BI-FAST CR TRANSFER DR 002 MUTAALIDA
2300009526;BI-FAST CR TRANSFER DR 501 Ilham Hadi Praseti
2300015092;BI-FAST CR TRANSFER DR 008 RAJASA INTAMA
2300017570;BI-FAST CR TRANSFER DR 008 AGREYA BERKAH INDO
2300017409;BI-FAST CR TRANSFER DR 008 SARAH AFIFAH AZ ZA
2300014642;BI-FAST CR TRANSFER DR 542 VITA DIAN PUTRI
2300017492;BI-FAST CR TRANSFER DR 009 MAYA JOESTITA ROCH
2300015799;BI-FAST CR TRANSFER DR 542 HENNY
2300012106;BI-FAST CR TRANSFER DR 213 EVIELINA HERMAWATY
2300016989;BI-FAST CR TRANSFER DR 501 Armand Hermansyah
2300018195;BI-FAST CR TRANSFER DR 535 WILSON OSWALD
2300016665;BI-FAST CR TRANSFER DR 008 OCTAVIANI
2300015484;BI-FAST CR TRANSFER DR 002 TRIAN ADI PURNAMA
2300010687;BI-FAST CR TRANSFER DR 002 AGUNG PRASETYO
2300013646;BI-FAST CR TRANSFER DR 008 LAILUL MUFARIDAH
2300018066;BI-FAST CR TRANSFER DR 002 Fadlu Rochman
2300008691;BI-FAST CR TRANSFER DR 022 HERBERT TANUDJAJA
2300008691;BI-FAST CR TRANSFER DR 022 HERBERT TANUDJAJA
2300017452;BI-FAST CR TRANSFER DR 501 Dian Kartika Nugro
2300017494;BI-FAST CR TRANSFER DR 008 MUSBAWATI KUMBU
2300012940;BI-FAST CR TRANSFER DR 008 SELLY STEPANI
2300016562;BI-FAST CR TRANSFER DR 008 MAKY GROUP INDONES
2300015181;BI-FAST CR TRANSFER DR 008 WISMA KANTA UTAMA
2300011370;BI-FAST CR TRANSFER DR 023 WANATA JAYA CIPTA,
2300012700;BI-FAST CR TRANSFER DR 008 ALIMARWAN SURYA WI
2300012521;BI-FAST CR TRANSFER DR 008 MUTHOHAROH
2300018094;BI-FAST CR TRANSFER DR 002 SURYATI
2300012940;BI-FAST CR TRANSFER DR 008 SELLY STEPANI
2300017112;BI-FAST CR TRANSFER DR 037 FADLY LILAH ILHAM
2300016883;BI-FAST CR TRANSFER DR 002 PT BUGAR JIWA RAGA
2300010687;BI-FAST CR TRANSFER DR 002 AGUNG PRASETYO
2300015203;BI-FAST CR TRANSFER DR 022 GENESIS INDONESIA
2300008929;BI-FAST CR TRANSFER DR 009 ADITYA NALAWANGSA
2300017382;BI-FAST CR TRANSFER DR 542 FARIS BUDIMAN ANNA
2300017044;BI-FAST CR TRANSFER DR 490 ANASTALISIA KUSUMA
2000066431;BI-FAST CR TRANSFER DR 008 YUMMY FOOD UTAMA
2300017425;BI-FAST CR TRANSFER DR 008 AKHMAD RIZKY WICAK
2300015692;BI-FAST CR TRANSFER DR 008 SIFA HARDIYATI FAT
2300007215;BI-FAST CR TRANSFER DR 087 HADIPUTRANTO HADIN
2300007109;BI-FAST CR TRANSFER DR 028 MAXIM JAYADI ABADI
2300007109;BI-FAST CR TRANSFER DR 028 MAXIM JAYADI ABADI
2300014933;BI-FAST CR TRANSFER DR 451 KOPKARSYAHBSIQQKRW
2300015661;BI-FAST CR TRANSFER DR 002 PT SAYAP SUKSES SE
2300013780;BI-FAST CR TRANSFER DR 008 JEDO ABADI LESTARI
2300016693;BI-FAST CR TRANSFER DR 028 ASTA BUMI CIPTA
2300017044;BI-FAST CR TRANSFER DR 490 ANASTALISIA KUSUMA
2300016422;BI-FAST CR TRANSFER DR 008 MUHAMAD ARIGHI
2300017570;BI-FAST CR TRANSFER DR 008 AGREYA BERKAH INDO
2300016308;BI-FAST CR TRANSFER DR 501 Muhammad Bagas Abi
2300016308;BI-FAST CR TRANSFER DR 501 Muhammad Bagas Abi
2300016738;BI-FAST CR TRANSFER DR 002 PT TIGA SEKAWAN SA
2300017168;BI-FAST CR TRANSFER DR 022 KREASI ABADI SELAR
2300016664;BI-FAST CR TRANSFER DR 008 BERKAH BOGA MANDIR
DISTRIBUTOR GREENFIELDS;BI-FAST CR TRANSFER DR 022 CLASSIC FINE FOODS
2300017089;BI-FAST CR TRANSFER DR 002 PT BOGA MANDALA SE
2300010936;BI-FAST CR TRANSFER DR 022 KAKIATNA AGRO INDO
2300010936;BI-FAST CR TRANSFER DR 022 KAKIATNA AGRO INDO
2300010936;BI-FAST CR TRANSFER DR 022 KAKIATNA AGRO INDO
2300010936;BI-FAST CR TRANSFER DR 022 KAKIATNA AGRO INDO
2300017034;BI-FAST CR TRANSFER DR 002 TEZAR MAULANA ZAKY
2300015106;BI-FAST CR TRANSFER DR 002 NOVITASARI
2300018389;BI-FAST CR TRANSFER DR 008 GLOBAL SINERGI INV
2300012700;BI-FAST CR TRANSFER DR 008 ALIMARWAN SURYA WI
2300017435;BI-FAST CR TRANSFER DR 002 NUNUNG SOBIATY
2300012382;BI-FAST CR TRANSFER DR 008 DALFIAN ALNASVI
2300018068;BI-FAST CR TRANSFER DR 009 MAULANA LATISETIAD
2300015833;BI-FAST CR TRANSFER DR 009 ANDHIKA NUR PRATAM
2300016215;BI-FAST CR TRANSFER DR 002 ACHMAD JUPRI
2300008929;BI-FAST CR TRANSFER DR 009 ADITYA NALAWANGSA
2300017925;BI-FAST CR TRANSFER DR 535 MOHAMAD RENEY ADHI
2300016860;BI-FAST CR TRANSFER DR 008 HIRES KREASI PRATA
2300018134;BI-FAST CR TRANSFER DR 501 Jusufenzo Tjoitang
2300016133;BI-FAST CR TRANSFER DR 008 SUSI SULASTRI
2300008691;BI-FAST CR TRANSFER DR 022 HERBERT TANUDJAJA
2300008691;BI-FAST CR TRANSFER DR 022 HERBERT TANUDJAJA
2300009183;BI-FAST CR TRANSFER DR 501 Diajeng Nurulita N
2300009183;BI-FAST CR TRANSFER DR 501 Diajeng Nurulita N
2300009183;BI-FAST CR TRANSFER DR 501 Diajeng Nurulita N
2300009183;BI-FAST CR TRANSFER DR 501 Diajeng Nurulita N
2300009183;BI-FAST CR TRANSFER DR 501 Diajeng Nurulita N
2300009183;BI-FAST CR TRANSFER DR 501 Diajeng Nurulita N
2300009183;BI-FAST CR TRANSFER DR 501 Diajeng Nurulita N
2300009183;BI-FAST CR TRANSFER DR 501 Diajeng Nurulita N
2300016632;BI-FAST CR TRANSFER DR 008 OKTAVIANTI PUSPITA
2300015092;BI-FAST CR TRANSFER DR 008 RAJASA INTAMA
2300017570;BI-FAST CR TRANSFER DR 008 AGREYA BERKAH INDO
2300008691;BI-FAST CR TRANSFER DR 022 HERBERT TANUDJAJA
2300016533;BI-FAST CR TRANSFER DR 009 FAISAL HAFIZ MAHAK
2300013876;BI-FAST CR TRANSFER DR 002 COTTA TERRA PRIMA
2300018120;BI-FAST CR TRANSFER DR 008 RISSA AULIA
2300017069;BI-FAST CR TRANSFER DR 501 Genta Rama Sufis
2300008929;BI-FAST CR TRANSFER DR 009 ADITYA NALAWANGSA
2300010936;BI-FAST CR TRANSFER DR 022 KAKIATNA AGRO INDO
2300010936;BI-FAST CR TRANSFER DR 022 KAKIATNA AGRO INDO
2300017838;BI-FAST CR TRANSFER DR 002 NURYANI
2300017079;BI-FAST CR TRANSFER DR 501 Ridwan Riswandi
2300017079;BI-FAST CR TRANSFER DR 501 Ridwan Riswandi
2300015799;BI-FAST CR TRANSFER DR 542 HENNY
2300009419;BI-FAST CR TRANSFER DR 008 SRI HARTATI
2300014522;BI-FAST CR TRANSFER DR 008 ROBBY NUGRAHA
2300016285;BI-FAST CR TRANSFER DR 037 GROOCERIES CITY IN
2300018208;BI-FAST CR TRANSFER DR 008 NABILA DOHANSYAH P
2300017514;BI-FAST CR TRANSFER DR 008 SAOLA-HABITAT UNTU
2300016989;BI-FAST CR TRANSFER DR 501 Armand Hermansyah
2300011171;BI-FAST CR TRANSFER DR 002 PUNCAK LEMBAH HIJA
2300012382;BI-FAST CR TRANSFER DR 008 DALFIAN ALNASVI
2300018094;BI-FAST CR TRANSFER DR 002 SURYATI
2300013595;BI-FAST CR TRANSFER DR 009 SUASANA KREATIF IN
2300016253;BI-FAST CR TRANSFER DR 008 MITRA LOKACIPTA SE
2300016056;BI-FAST CR TRANSFER DR 213 AGUR HARJANTO
2300009526;BI-FAST CR TRANSFER DR 501 Ilham Hadi Praseti
2300015533;BI-FAST CR TRANSFER DR 008 POLARIS INSTRUMENT
2300017078;BI-FAST CR TRANSFER DR 501 Rafly Rihza Arrohi
2300017156;BI-FAST CR TRANSFER DR 028 RIVA LAURITZ
2300016890;BI-FAST CR TRANSFER DR 002 MOHAMAD FIRMAN SYA
2300015249;BI-FAST CR TRANSFER DR 008 HAYKAL DZAKRY WIDJ
2300017899;BI-FAST CR TRANSFER DR 046 SUROSO SP
2300017123;BI-FAST CR TRANSFER DR 008 I GST AYU AGUNG MA
2300017570;BI-FAST CR TRANSFER DR 008 AGREYA BERKAH INDO
2300016383;BI-FAST CR TRANSFER DR 484 ADAM ALAMSYAH
2300016167;BI-FAST CR TRANSFER DR 028 HIOE MELANIE PRAST
2300017409;BI-FAST CR TRANSFER DR 008 SARAH AFIFAH AZ ZA
2300013595;BI-FAST CR TRANSFER DR 009 SUASANA KREATIF IN
2300007137;BI-FAST CR TRANSFER DR 032 PT Kerry Ingredien
2300018063;BI-FAST CR TRANSFER DR 008 FIDHA FARIBASA
2300010936;BI-FAST CR TRANSFER DR 022 KAKIATNA AGRO INDO
2300010936;BI-FAST CR TRANSFER DR 022 KAKIATNA AGRO INDO
2300012456;BI-FAST CR TRANSFER DR 002 RINO BAGUS PRASETY
2300016241;BI-FAST CR TRANSFER DR 008 UPEKKHA ARIYAPUTER
2300008929;BI-FAST CR TRANSFER DR 009 ADITYA NALAWANGSA
2300017492;BI-FAST CR TRANSFER DR 009 MAYA JOESTITA ROCH
2300004907;BI-FAST CR TRANSFER DR 008 KETJIL KREASI SIGN
2300016297;BI-FAST CR TRANSFER DR 008 GUNAWAN
2300016249;BI-FAST CR TRANSFER DR 008 TAFIA PUTRI S. RAM
2300017289;BI-FAST CR TRANSFER DR 008 MITRA DAGANG MADAN
2300017653;BI-FAST CR TRANSFER DR 008 AGUS CHANDRA WAHYU
2300010105;BI-FAST CR TRANSFER DR 008 KOPKAR MADANI ASTR
2300012940;BI-FAST CR TRANSFER DR 008 SELLY STEPANI
2300012798;BI-FAST CR TRANSFER DR 451 KOPIKOPIANDBEVERAG
2300016623;BI-FAST CR TRANSFER DR 535 RATIH
2300004435;BI-FAST CR TRANSFER DR 008 AROMA HARUM LESTAR
2300016259;BI-FAST CR TRANSFER DR 008 HANA RIZKA EFRILIA
2300015127;BI-FAST CR TRANSFER DR 008 ANIS YULITA
2300015203;BI-FAST CR TRANSFER DR 022 GENESIS INDONESIA
2300015203;BI-FAST CR TRANSFER DR 022 GENESIS INDONESIA
2300006571;BI-FAST CR TRANSFER DR 009 PISON ANUGERAH PR
2300016611;BI-FAST CR TRANSFER DR 022 RIA SRI WOELANDARI
2300016611;BI-FAST CR TRANSFER DR 022 RIA SRI WOELANDARI
2300018066;BI-FAST CR TRANSFER DR 002 Fadlu Rochman
2300018126;BI-FAST CR TRANSFER DR 009 ANDRI DWIANTO IRAW
2300014400;BI-FAST CR TRANSFER DR 002 FILOSOFI KOPI SEJA
DISTRIBUTOR GREENFIELDS;BI-FAST CR TRANSFER DR 022 CLASSIC FINE FOODS
2300013152;BI-FAST CR TRANSFER DR 426 GABRIELLA ASTITI H
2300017795;BI-FAST CR TRANSFER DR 009 SENTRA GASTRONOMI
2300017872;BI-FAST CR TRANSFER DR 008 JASA KREASI SETRIA
2300015661;BI-FAST CR TRANSFER DR 002 PT SAYAP SUKSES SE
2300016665;BI-FAST CR TRANSFER DR 008 OCTAVIANI
2300011171;BI-FAST CR TRANSFER DR 002 PUNCAK LEMBAH HIJA
2300015127;BI-FAST CR TRANSFER DR 008 ANIS YULITA
2300016723;BI-FAST CR TRANSFER DR 009 WIRA KARYAWAN PLTU
2300011768;BI-FAST CR TRANSFER DR 031 PT TRAVELOKA INDON
2300014697;BI-FAST CR TRANSFER DR 031 PT TRINUSA TRAVELI
2300013033;BI-FAST CR TRANSFER DR 008 LIZA ASTRINA DEVI
2300000838;BI-FAST CR TRANSFER DR 022 KITCHENETTE LESTAR
2300016664;BI-FAST CR TRANSFER DR 008 BERKAH BOGA MANDIR
2300015633;BI-FAST CR TRANSFER DR 028 GABRIELLA GUSTIAWA
2300012044;BI-FAST CR TRANSFER DR 008 DIPURI SELARAS MEM
2300010687;BI-FAST CR TRANSFER DR 002 AGUNG PRASETYO
2300010936;BI-FAST CR TRANSFER DR 022 KAKIATNA AGRO INDO
2300010936;BI-FAST CR TRANSFER DR 022 KAKIATNA AGRO INDO
2300010936;BI-FAST CR TRANSFER DR 022 KAKIATNA AGRO INDO
2300017786;BI-FAST CR TRANSFER DR 002 HILHAM MUAZAM AUDA
2300016423;BI-FAST CR TRANSFER DR 008 DEA UMYATI
2300017302;BI-FAST CR TRANSFER DR 008 YOLLIE WAURAN
2300009752;BI-FAST CR TRANSFER DR 028 ADICIPTA BOGA INTI
2300009752;BI-FAST CR TRANSFER DR 028 ADICIPTA BOGA INTI
2300009752;BI-FAST CR TRANSFER DR 028 ADICIPTA BOGA INTI
2300009752;BI-FAST CR TRANSFER DR 028 ADICIPTA BOGA INTI
2300009752;BI-FAST CR TRANSFER DR 028 ADICIPTA BOGA INTI
2300009752;BI-FAST CR TRANSFER DR 028 ADICIPTA BOGA INTI
2300009752;BI-FAST CR TRANSFER DR 028 ADICIPTA BOGA INTI
2300009752;BI-FAST CR TRANSFER DR 028 ADICIPTA BOGA INTI
2300009752;BI-FAST CR TRANSFER DR 028 ADICIPTA BOGA INTI
2300009752;BI-FAST CR TRANSFER DR 028 ADICIPTA BOGA INTI
2300009752;BI-FAST CR TRANSFER DR 028 ADICIPTA BOGA INTI
2300009752;BI-FAST CR TRANSFER DR 028 ADICIPTA BOGA INTI
2300009752;BI-FAST CR TRANSFER DR 028 ADICIPTA BOGA INTI
2300009752;BI-FAST CR TRANSFER DR 028 ADICIPTA BOGA INTI
2300009752;BI-FAST CR TRANSFER DR 028 ADICIPTA BOGA INTI
2300009752;BI-FAST CR TRANSFER DR 028 ADICIPTA BOGA INTI
2300009752;BI-FAST CR TRANSFER DR 028 ADICIPTA BOGA INTI
2300009752;BI-FAST CR TRANSFER DR 028 ADICIPTA BOGA INTI
2300009752;BI-FAST CR TRANSFER DR 028 ADICIPTA BOGA INTI
2300009752;BI-FAST CR TRANSFER DR 028 ADICIPTA BOGA INTI
2300010516;BI-FAST CR TRANSFER DR 028 DCIKA PRIMA MAHKOT
2300015250;BI-FAST CR TRANSFER DR 008 AKMAL RIFQY FIRDAU
2300008691;BI-FAST CR TRANSFER DR 022 HERBERT TANUDJAJA
2300015723;BI-FAST CR TRANSFER DR 009 SIMSEM PAYROLL BNI
2300016167;BI-FAST CR TRANSFER DR 028 HIOE MELANIE PRAST
2300011554;BI-FAST CR TRANSFER DR 009 ADIRAI SUMBER REJE
2300015833;BI-FAST CR TRANSFER DR 009 ANDHIKA NUR PRATAM
2300014642;BI-FAST CR TRANSFER DR 542 VITA DIAN PUTRI
2300018082;BI-FAST CR TRANSFER DR 028 KIKI
2300008929;BI-FAST CR TRANSFER DR 009 ADITYA NALAWANGSA
2300017428;BI-FAST CR TRANSFER DR 009 TIGO TUNGKU SAHATI
2300017557;BI-FAST CR TRANSFER DR 542 CHRISTOPHER KEVIN
2300016860;BI-FAST CR TRANSFER DR 008 HIRES KREASI PRATA
2300017570;BI-FAST CR TRANSFER DR 008 AGREYA BERKAH INDO
2300014669;BI-FAST CR TRANSFER DR 002 WANTI NUR CAHYANI
2300015931;BI-FAST CR TRANSFER DR 008 ISYE FITRIYULIASTU
2300018115;BI-FAST CR TRANSFER DR 008 SISKA MULYA UTAMA
2300009765;BI-FAST CR TRANSFER DR 008 ROOVEE BERKAT SENA
2300015972;BI-FAST CR TRANSFER DR 002 TAMAN HIRO INDONES
2300015972;BI-FAST CR TRANSFER DR 002 TAMAN HIRO INDONES
2300005920;BI-FAST CR TRANSFER DR 009 BALUQIA AKHBAR BAD
DISTRIBUTOR GREENFIELDS;BI-FAST CR TRANSFER DR 009 BERKAT LARIS GEMIL
2300009526;BI-FAST CR TRANSFER DR 501 Ilham Hadi Praseti
2300012044;BI-FAST CR TRANSFER DR 008 DIPURI SELARAS MEM
2300017452;BI-FAST CR TRANSFER DR 501 Dian Kartika Nugro
2300017452;BI-FAST CR TRANSFER DR 501 Dian Kartika Nugro
2300011668;BI-FAST CR TRANSFER DR 200 KOPERASI PEGAWAI B
2300017089;BI-FAST CR TRANSFER DR 002 PT BOGA MANDALA SE
2300008929;BI-FAST CR TRANSFER DR 009 ADITYA NALAWANGSA
2300010936;BI-FAST CR TRANSFER DR 022 KAKIATNA AGRO INDO
2300010936;BI-FAST CR TRANSFER DR 022 KAKIATNA AGRO INDO
2300016989;BI-FAST CR TRANSFER DR 501 Armand Hermansyah
2300016611;BI-FAST CR TRANSFER DR 022 RIA SRI WOELANDARI
2300016611;BI-FAST CR TRANSFER DR 022 RIA SRI WOELANDARI
2300016611;BI-FAST CR TRANSFER DR 022 RIA SRI WOELANDARI
2300016611;BI-FAST CR TRANSFER DR 022 RIA SRI WOELANDARI
2300015123;BI-FAST CR TRANSFER DR 009 LADANG BOGA KREATI
2300015799;BI-FAST CR TRANSFER DR 542 HENNY
2300015630;BI-FAST CR TRANSFER DR 002 DINI INDRIYANI
2300015992;BI-FAST CR TRANSFER DR 002 DWI URIP SUGIYANTO
DISTRIBUTOR GREENFIELDS;BI-FAST CR TRANSFER DR 009 BERKAT LARIS GEMIL
2300016837;BI-FAST CR TRANSFER DR 426 MAWAR SARI MAKMUR
2300010202;BI-FAST CR TRANSFER DR 002 PRIMER KOPERASI TR
2300008706;BI-FAST CR TRANSFER DR 008 ESTI NOVIASARI
2300013595;BI-FAST CR TRANSFER DR 009 SUASANA KREATIF IN
2300015997;BI-FAST CR TRANSFER DR 022 DEANDI PRIMOSAPUTE
2300015530;BI-FAST CR TRANSFER DR 009 PISON RESTOKOPI PR
2300016175;BI-FAST CR TRANSFER DR 009 HENDRA GUNAWAN
2300016032;BI-FAST CR TRANSFER DR 451 STEVIFEBRIANTO
2300017069;BI-FAST CR TRANSFER DR 501 Genta Rama Sufis
2300015328;BI-FAST CR TRANSFER DR 548 JOHANNES BENJAMIN
2300012801;BI-FAST CR TRANSFER DR 008 UMIATY HASANAH
2300018094;BI-FAST CR TRANSFER DR 002 SURYATI
2300012940;BI-FAST CR TRANSFER DR 008 SELLY STEPANI
2300017136;BI-FAST CR TRANSFER DR 008 SARAH AZZAHRA
2300007028;BI-FAST CR TRANSFER DR 013 RITA SUKMAWANGI,SE
2300016155;BI-FAST CR TRANSFER DR 013 RAFAE LAYETH SUUD
2300016033;BI-FAST CR TRANSFER DR 002 SION TRADING LINE
2300017570;BI-FAST CR TRANSFER DR 008 AGREYA BERKAH INDO
2300017652;BI-FAST CR TRANSFER DR 008 DAVID ROMANO L
2300018210;BI-FAST CR TRANSFER DR 535 ANNISA NUR HASANAH
2300018210;BI-FAST CR TRANSFER DR 535 ANNISA NUR HASANAH
2300018210;BI-FAST CR TRANSFER DR 535 ANNISA NUR HASANAH
2300011370;BI-FAST CR TRANSFER DR 023 WANATA JAYA CIPTA,
2300018094;BI-FAST CR TRANSFER DR 002 SURYATI
2300017079;BI-FAST CR TRANSFER DR 501 Ridwan Riswandi
2300017514;BI-FAST CR TRANSFER DR 008 KORI-HABITAT UNTUK
2300017123;BI-FAST CR TRANSFER DR 008 I GST AYU AGUNG MA
2300017557;BI-FAST CR TRANSFER DR 542 CHRISTOPHER KEVIN
2300017289;BI-FAST CR TRANSFER DR 008 MITRA DAGANG MADAN
2300016665;BI-FAST CR TRANSFER DR 008 OCTAVIANI
2300012940;BI-FAST CR TRANSFER DR 008 SELLY STEPANI
2300016368;BI-FAST CR TRANSFER DR 019 SUMBER BARU DAMA
2300004435;BI-FAST CR TRANSFER DR 008 AROMA HARUM LESTAR
2300017409;BI-FAST CR TRANSFER DR 008 SARAH AFIFAH AZ ZA
2300007109;BI-FAST CR TRANSFER DR 028 MAXIM JAYADI ABADI
2300007109;BI-FAST CR TRANSFER DR 028 MAXIM JAYADI ABADI
2300017079;BI-FAST CR TRANSFER DR 501 Ridwan Riswandi
2300008929;BI-FAST CR TRANSFER DR 009 ADITYA NALAWANGSA
2300007137;BI-FAST CR TRANSFER DR 032 PT Kerry Ingredien
2300016562;BI-FAST CR TRANSFER DR 008 MAKY GROUP INDONES
2300017156;BI-FAST CR TRANSFER DR 028 RIVA LAURITZ
2300017156;BI-FAST CR TRANSFER DR 028 RIVA LAURITZ
2300010936;BI-FAST CR TRANSFER DR 022 KAKIATNA AGRO INDO
2300010936;BI-FAST CR TRANSFER DR 022 KAKIATNA AGRO INDO
2300017925;BI-FAST CR TRANSFER DR 535 MOHAMAD RENEY ADHI
2300017492;BI-FAST CR TRANSFER DR 009 MAYA JOESTITA ROCH
2300015181;BI-FAST CR TRANSFER DR 008 WISMA KANTA UTAMA
2300017262;BI-FAST CR TRANSFER DR 008 KOPERASI KONSUMEN
2300017079;BI-FAST CR TRANSFER DR 501 Ridwan Riswandi
2300017079;BI-FAST CR TRANSFER DR 501 Ridwan Riswandi
2300017079;BI-FAST CR TRANSFER DR 501 Ridwan Riswandi
2300017156;BI-FAST CR TRANSFER DR 028 RIVA LAURITZ
2300017344;BI-FAST CR TRANSFER DR 008 RAHMITA
2300016890;BI-FAST CR TRANSFER DR 002 MOHAMAD FIRMAN SYA
2300013650;BI-FAST CR TRANSFER DR 009 SIMSEM PAYROLL BNI
2300016167;BI-FAST CR TRANSFER DR 028 HIOE MELANIE PRAST
2300011171;BI-FAST CR TRANSFER DR 002 PUNCAK LEMBAH HIJA
2300017408;BI-FAST CR TRANSFER DR 002 PT SELARAS RASA IN
2300016623;BI-FAST CR TRANSFER DR 535 RATIH
2300017492;BI-FAST CR TRANSFER DR 009 MAYA JOESTITA ROCH
2300017930;BI-FAST CR TRANSFER DR 009 REZA ZIA UL RAHMAN
2300017930;BI-FAST CR TRANSFER DR 009 REZA ZIA UL RAHMAN
2300014933;BI-FAST CR TRANSFER DR 451 KOPKARSYAHBSIQQKRW
2300015203;BI-FAST CR TRANSFER DR 022 GENESIS INDONESIA
2300012044;BI-FAST CR TRANSFER DR 008 DIPURI SELARAS MEM
2300016611;BI-FAST CR TRANSFER DR 022 RIA SRI WOELANDARI
2300016906;BI-FAST CR TRANSFER DR 008 WAHYU KURNIA
2300016611;BI-FAST CR TRANSFER DR 022 RIA SRI WOELANDARI
2300016611;BI-FAST CR TRANSFER DR 022 RIA SRI WOELANDARI
2300008905;BI-FAST CR TRANSFER DR 008 TABUNGAN BISNIS PU
2300015149;BI-FAST CR TRANSFER DR 008 MOMENTUM MENUJU KE
2300017872;BI-FAST CR TRANSFER DR 008 JASA KREASI SETRIA
DISTRIBUTOR GREENFIELDS;BI-FAST CR TRANSFER DR 022 CLASSIC FINE FOODS
2300017428;BI-FAST CR TRANSFER DR 009 TIGO TUNGKU SAHATI
2300018053;BI-FAST CR TRANSFER DR 008 TRI SUBAGYO
2300016906;BI-FAST CR TRANSFER DR 008 WAHYU KURNIA
2300017452;BI-FAST CR TRANSFER DR 501 Dian Kartika Nugro
2300010687;BI-FAST CR TRANSFER DR 002 AGUNG PRASETYO
2300018210;BI-FAST CR TRANSFER DR 535 CINDY NOVIANTY
2300018210;BI-FAST CR TRANSFER DR 535 CINDY NOVIANTY
2300018210;BI-FAST CR TRANSFER DR 535 CINDY NOVIANTY
2300018210;BI-FAST CR TRANSFER DR 535 CINDY NOVIANTY
2300018210;BI-FAST CR TRANSFER DR 535 CINDY NOVIANTY
2300015533;BI-FAST CR TRANSFER DR 008 POLARIS INSTRUMENT
2300016664;BI-FAST CR TRANSFER DR 008 BERKAH BOGA MANDIR
2300016664;BI-FAST CR TRANSFER DR 008 BERKAH BOGA MANDIR
2300010936;BI-FAST CR TRANSFER DR 022 KAKIATNA AGRO INDO
2300010936;BI-FAST CR TRANSFER DR 022 KAKIATNA AGRO INDO
2300017184;BI-FAST CR TRANSFER DR 008 FEDERASI KANAL
2300009526;BI-FAST CR TRANSFER DR 501 Ilham Hadi Praseti
2300017795;BI-FAST CR TRANSFER DR 009 SENTRA GASTRONOMI
2300016423;BI-FAST CR TRANSFER DR 008 DEA UMYATI
2300017828;BI-FAST CR TRANSFER DR 002 AMERTA JAYA GAUTAM
2300015919;BI-FAST CR TRANSFER DR 002 GEDUNG PINANG SELA
2300017901;BI-FAST CR TRANSFER DR 009 RFA KHARISMA INTER
2300016122;BI-FAST CR TRANSFER DR 523 EXPAT Roasters
2300016215;BI-FAST CR TRANSFER DR 002 ACHMAD JUPRI
2300017044;BI-FAST CR TRANSFER DR 490 ANASTALISIA KUSUMA
2300018203;BI-FAST CR TRANSFER DR 008 ELISABETH FISKARAN
2300008929;BI-FAST CR TRANSFER DR 009 ADITYA NALAWANGSA
2300018068;BI-FAST CR TRANSFER DR 009 MAULANA LATISETIAD
2300014944;BI-FAST CR TRANSFER DR 153 CV MADI MARI BERJA
DISTRIBUTOR GREENFIELDS;BI-FAST CR TRANSFER DR 153 CV BARU TANJAKAN
DISTRIBUTOR GREENFIELDS;BI-FAST CR TRANSFER DR 153 CV BARU TANJAKAN
2300014642;BI-FAST CR TRANSFER DR 542 VITA DIAN PUTRI
2300017044;BI-FAST CR TRANSFER DR 490 ANASTALISIA KUSUMA
2300016167;BI-FAST CR TRANSFER DR 028 HIOE MELANIE PRAST
2300017509;BI-FAST CR TRANSFER DR 008 FIRMAN ARVINDRA S
2300015092;BI-FAST CR TRANSFER DR 008 RAJASA INTAMA
2300016249;BI-FAST CR TRANSFER DR 008 TAFIA PUTRI S. RAM
2300017779;BI-FAST CR TRANSFER DR 501 Amelia Widyastuti
2300013207;BI-FAST CR TRANSFER DR 002 Q-THA SURYA PRATAM
2300016249;BI-FAST CR TRANSFER DR 002 TAFIA PUTRI S. RAM
2300010936;BI-FAST CR TRANSFER DR 022 KAKIATNA AGRO INDO
2300010936;BI-FAST CR TRANSFER DR 022 KAKIATNA AGRO INDO
2300010936;BI-FAST CR TRANSFER DR 022 KAKIATNA AGRO INDO
2300018120;BI-FAST CR TRANSFER DR 008 RISSA AULIA
2300015661;BI-FAST CR TRANSFER DR 002 PT SAYAP SUKSES SE
2300016970;BI-FAST CR TRANSFER DR 002 BOGA NIKMAT SEJAHT
2300015149;BI-FAST CR TRANSFER DR 008 MOMENTUM MENUJU KE
2300016989;BI-FAST CR TRANSFER DR 501 Armand Hermansyah
2300008691;BI-FAST CR TRANSFER DR 022 HERBERT TANUDJAJA
2300008929;BI-FAST CR TRANSFER DR 009 ADITYA NALAWANGSA
2300017514;BI-FAST CR TRANSFER DR 008 KORI-HABITAT UNTUK
2300017828;BI-FAST CR TRANSFER DR 002 AMERTA JAYA GAUTAM
MARKET CITY;BI-FAST CR TRANSFER DR 002 GRACIA MITRA SELAR
2300015155;BI-FAST CR TRANSFER DR 008 FIRDAUS NIKMATULLA
2300008691;BI-FAST CR TRANSFER DR 022 HERBERT TANUDJAJA
2300017492;BI-FAST CR TRANSFER DR 009 MAYA JOESTITA ROCH
2300017069;BI-FAST CR TRANSFER DR 501 Genta Rama Sufis
2300015127;BI-FAST CR TRANSFER DR 008 ANIS YULITA
2300017570;BI-FAST CR TRANSFER DR 008 AGREYA BERKAH INDO
2300018203;BI-FAST CR TRANSFER DR 008 ELISABETH FISKARAN
DISTRIBUTOR GREENFIELDS;BI-FAST CR TRANSFER DR 451 PTKELOLAPANGANINDO
2300015012;BI-FAST CR TRANSFER DR 501 Susanti Dewijana
2300015633;BI-FAST CR TRANSFER DR 028 GABRIELLA GUSTIAWA
2300013646;BI-FAST CR TRANSFER DR 008 LAILUL MUFARIDAH
2300013646;BI-FAST CR TRANSFER DR 008 LAILUL MUFARIDAH
2300015833;BI-FAST CR TRANSFER DR 009 ANDHIKA NUR PRATAM
2300016883;BI-FAST CR TRANSFER DR 002 PT BUGAR JIWA RAGA
2300018274;BI-FAST CR TRANSFER DR 542 WANDA HAMDANI
2300016285;BI-FAST CR TRANSFER DR 037 GROOCERIES CITY IN
2300014933;BI-FAST CR TRANSFER DR 451 KOPKARSYAHBSIQQKRW
2300014933;BI-FAST CR TRANSFER DR 451 KOPKARSYAHBSIQQKRW
2300018115;BI-FAST CR TRANSFER DR 008 SISKA MULYA UTAMA
2300017652;BI-FAST CR TRANSFER DR 008 DAVID ROMANO L
2300008905;BI-FAST CR TRANSFER DR 008 TABUNGAN BISNIS PU
2300012940;BI-FAST CR TRANSFER DR 008 SELLY STEPANI
2300016665;BI-FAST CR TRANSFER DR 008 OCTAVIANI
2300015127;BI-FAST CR TRANSFER DR 008 ANIS YULITA
2300017925;BI-FAST CR TRANSFER DR 535 MOHAMAD RENEY ADHI
2300016738;BI-FAST CR TRANSFER DR 002 PT TIGA SEKAWAN SA
2300008929;BI-FAST CR TRANSFER DR 009 ADITYA NALAWANGSA
2300011768;BI-FAST CR TRANSFER DR 031 PT TRAVELOKA INDON
2300018040;BI-FAST CR TRANSFER DR 008 IRWAN HERMAWAN
2300017079;BI-FAST CR TRANSFER DR 501 Ridwan Riswandi
2300017079;BI-FAST CR TRANSFER DR 501 Ridwan Riswandi
2300017079;BI-FAST CR TRANSFER DR 501 Ridwan Riswandi
2300017079;BI-FAST CR TRANSFER DR 501 Ridwan Riswandi
2300010936;BI-FAST CR TRANSFER DR 022 KAKIATNA AGRO INDO
2300010936;BI-FAST CR TRANSFER DR 022 KAKIATNA AGRO INDO
2300012171;BI-FAST CR TRANSFER DR 028 SUDO BREW NARATAMA
2300017289;BI-FAST CR TRANSFER DR 008 MITRA DAGANG MADAN
2300019210;BI-FAST CR TRANSFER DR 451 INTANPERMATASARI
2300016259;BI-FAST CR TRANSFER DR 008 HANA RIZKA EFRILIA
2300016603;BI-FAST CR TRANSFER DR 008 DWI PUSPITA ANGGRA
2300012798;BI-FAST CR TRANSFER DR 451 KOPIKOPIANDBEVERAG
2300011171;BI-FAST CR TRANSFER DR 002 PUNCAK LEMBAH HIJA
2300017930;BI-FAST CR TRANSFER DR 009 REZA ZIA UL RAHMAN
2300012044;BI-FAST CR TRANSFER DR 008 DIPURI SELARAS MEM
2300014400;BI-FAST CR TRANSFER DR 002 FILOSOFI KOPI SEJA
2300009526;BI-FAST CR TRANSFER DR 501 Ilham Hadi Praseti
2300005920;BI-FAST CR TRANSFER DR 451 VERNANDAPUSPANINGG
2300015203;BI-FAST CR TRANSFER DR 022 GENESIS INDONESIA
2300017570;BI-FAST CR TRANSFER DR 008 AGREYA BERKAH INDO
2300017570;BI-FAST CR TRANSFER DR 008 AGREYA BERKAH INDO
2300017795;BI-FAST CR TRANSFER DR 009 SENTRA GASTRONOMI
2300001531;BI-FAST CR TRANSFER DR 087 YAYASAN BRITISH SC
2300017653;BI-FAST CR TRANSFER DR 008 AGUS CHANDRA WAHYU
2300009307;BI-FAST CR TRANSFER DR 009 SATRIA MAJU BERSAM
2300016591;BI-FAST CR TRANSFER DR 002 PROMART BKN
2300012106;BI-FAST CR TRANSFER DR 213 EVIELINA HERMAWATY
2300017872;BI-FAST CR TRANSFER DR 008 JASA KREASI SETRIA
2300017022;BI-FAST CR TRANSFER DR 008 HARI NUGROHO
2300011289;BI-FAST CR TRANSFER DR 008 NOVA ANGGRAINI
2300016665;BI-FAST CR TRANSFER DR 008 OCTAVIANI
2300016167;BI-FAST CR TRANSFER DR 028 HIOE MELANIE PRAST
2300016167;BI-FAST CR TRANSFER DR 028 HIOE MELANIE PRAST
2300013595;BI-FAST CR TRANSFER DR 009 SUASANA KREATIF IN
2300017351;BI-FAST CR TRANSFER DR 535 VANIA YUSPANDI
2300012171;BI-FAST CR TRANSFER DR 028 SUDO BREW NARATAMA
2300010687;BI-FAST CR TRANSFER DR 002 AGUNG PRASETYO
2300014933;BI-FAST CR TRANSFER DR 451 KOPKARSYAHBSIQQKRW
2300013666;BI-FAST CR TRANSFER DR 002 GITA DJOEANG SEJAH
2300016664;BI-FAST CR TRANSFER DR 008 BERKAH BOGA MANDIR
2300016664;BI-FAST CR TRANSFER DR 008 BERKAH BOGA MANDIR
2300010936;BI-FAST CR TRANSFER DR 022 KAKIATNA AGRO INDO
2300010936;BI-FAST CR TRANSFER DR 022 KAKIATNA AGRO INDO
2300017079;BI-FAST CR TRANSFER DR 501 Ridwan Riswandi
2300017079;BI-FAST CR TRANSFER DR 501 Ridwan Riswandi
2300017615;BI-FAST CR TRANSFER DR 022 PRIMA FENOMENA JAY
2300017779;BI-FAST CR TRANSFER DR 501 Amelia Widyastuti
2300019210;BI-FAST CR TRANSFER DR 451 INTANPERMATASARI
2300018050;BI-FAST CR TRANSFER DR 501 Dicky Kurniawan Su
2300014642;BI-FAST CR TRANSFER DR 542 VITA DIAN PUTRI
2300008929;BI-FAST CR TRANSFER DR 009 ADITYA NALAWANGSA
2300018210;BI-FAST CR TRANSFER DR 535 ANNISA NUR HASANAH
2300018210;BI-FAST CR TRANSFER DR 535 ANNISA NUR HASANAH
2300016603;BI-FAST CR TRANSFER DR 008 DWI PUSPITA ANGGRA
2300017079;BI-FAST CR TRANSFER DR 501 Ridwan Riswandi
2300017079;BI-FAST CR TRANSFER DR 501 Ridwan Riswandi
2300018203;BI-FAST CR TRANSFER DR 008 ELISABETH FISKARAN
2300018312;BI-FAST CR TRANSFER DR 002 DIASTIKA SEPHIRA A
2300018210;BI-FAST CR TRANSFER DR 535 ANNISA NUR HASANAH
2300004907;BI-FAST CR TRANSFER DR 008 KETJIL KREASI SIGN
2300018320;BI-FAST CR TRANSFER DR 501 Ferry Ferdian
2300016253;BI-FAST CR TRANSFER DR 008 MITRA LOKACIPTA SE
2300017409;BI-FAST CR TRANSFER DR 008 SARAH AFIFAH AZ ZA
2300015092;BI-FAST CR TRANSFER DR 008 RAJASA INTAMA
2300013650;BI-FAST CR TRANSFER DR 009 SIMSEM PAYROLL BNI
2300017899;BI-FAST CR TRANSFER DR 046 SUROSO SP
2300014906;BI-FAST CR TRANSFER DR 022 BOGA PUTRA SANTOSO
2300014906;BI-FAST CR TRANSFER DR 022 BOGA PUTRA SANTOSO
2300017112;BI-FAST CR TRANSFER DR 037 FADLY LILAH ILHAM
2300017491;BI-FAST CR TRANSFER DR 002 JEFREE
2300008929;BI-FAST CR TRANSFER DR 009 ADITYA NALAWANGSA
2300018038;BI-FAST CR TRANSFER DR 111 TAHAANI ERA DEL YA
2300017262;BI-FAST CR TRANSFER DR 008 KOPERASI KONSUMEN
2300017262;BI-FAST CR TRANSFER DR 008 KOPERASI KONSUMEN
2300017452;BI-FAST CR TRANSFER DR 501 Dian Kartika Nugro
2300010936;BI-FAST CR TRANSFER DR 022 KAKIATNA AGRO INDO
2300010936;BI-FAST CR TRANSFER DR 022 KAKIATNA AGRO INDO
2300010936;BI-FAST CR TRANSFER DR 022 KAKIATNA AGRO INDO
2300016989;BI-FAST CR TRANSFER DR 501 Armand Hermansyah
2300016538;BI-FAST CR TRANSFER DR 002 MUTAALIDA
DISTRIBUTOR GREENFIELDS;BI-FAST CR TRANSFER DR 451 PTKELOLAPANGANINDO
2300013646;BI-FAST CR TRANSFER DR 008 LAILUL MUFARIDAH
2300015852;BI-FAST CR TRANSFER DR 501 Maria Magdalena Pe
2300016155;BI-FAST CR TRANSFER DR 013 RAFAE LAYETH SUUD
2300016837;BI-FAST CR TRANSFER DR 426 MAWAR SARI MAKMUR
2300008706;BI-FAST CR TRANSFER DR 008 ESTI NOVIASARI
2300016603;BI-FAST CR TRANSFER DR 008 DWI PUSPITA ANGGRA
2300016167;BI-FAST CR TRANSFER DR 028 HIOE MELANIE PRAST
2300017930;BI-FAST CR TRANSFER DR 009 REZA ZIA UL RAHMAN
2300017069;BI-FAST CR TRANSFER DR 501 Genta Rama Sufis
2300015127;BI-FAST CR TRANSFER DR 008 ANIS YULITA
2300008691;BI-FAST CR TRANSFER DR 022 HERBERT TANUDJAJA
2300008691;BI-FAST CR TRANSFER DR 022 HERBERT TANUDJAJA
2300001305;BI-FAST CR TRANSFER DR 008 RAJA RASA ALAMI
2300001305;BI-FAST CR TRANSFER DR 008 RAJA RASA ALAMI
2300018210;BI-FAST CR TRANSFER DR 535 CINDY NOVIANTY
2300018210;BI-FAST CR TRANSFER DR 535 CINDY NOVIANTY
2300018320;BI-FAST CR TRANSFER DR 501 Ferry Ferdian
2300017425;BI-FAST CR TRANSFER DR 008 AKHMAD RIZKY WICAK
2300016562;BI-FAST CR TRANSFER DR 008 MAKY GROUP INDONES
2300017078;BI-FAST CR TRANSFER DR 501 Rafly Rihza Arrohi
DISTRIBUTOR GREENFIELDS;BI-FAST CR TRANSFER DR 009 BERKAT LARIS GEMIL
2300017795;BI-FAST CR TRANSFER DR 009 SENTRA GASTRONOMI
2300017922;BI-FAST CR TRANSFER DR 008 DINARRI
2300017492;BI-FAST CR TRANSFER DR 009 MAYA JOESTITA ROCH
2300017570;BI-FAST CR TRANSFER DR 008 AGREYA BERKAH INDO
2300017570;BI-FAST CR TRANSFER DR 008 AGREYA BERKAH INDO
2300017925;BI-FAST CR TRANSFER DR 535 MOHAMAD RENEY ADHI
2300016611;BI-FAST CR TRANSFER DR 022 RIA SRI WOELANDARI
2300016611;BI-FAST CR TRANSFER DR 022 RIA SRI WOELANDARI
2300016611;BI-FAST CR TRANSFER DR 022 RIA SRI WOELANDARI
2300016611;BI-FAST CR TRANSFER DR 022 RIA SRI WOELANDARI
2300017079;BI-FAST CR TRANSFER DR 501 Ridwan Riswandi
2300013650;BI-FAST CR TRANSFER DR 009 SIMSEM PAYROLL BNI
2300017079;BI-FAST CR TRANSFER DR 501 Ridwan Riswandi
2300017079;BI-FAST CR TRANSFER DR 501 Ridwan Riswandi
2300017079;BI-FAST CR TRANSFER DR 501 Ridwan Riswandi
2300017085;BI-FAST CR TRANSFER DR 023 ALEXANDRA CORRADIN
2300016611;BI-FAST CR TRANSFER DR 022 RIA SRI WOELANDARI
2300016133;BI-FAST CR TRANSFER DR 008 SUSI SULASTRI
DISTRIBUTOR GREENFIELDS;BI-FAST CR TRANSFER DR 009 BERKAT LARIS GEMIL
2300017085;BI-FAST CR TRANSFER DR 023 ALEXANDRA CORRADIN
2300015919;BI-FAST CR TRANSFER DR 002 GEDUNG PINANG SELA
2300016591;BI-FAST CR TRANSFER DR 002 PROMART BKN
2300015633;BI-FAST CR TRANSFER DR 028 GABRIELLA GUSTIAWA
2300013650;BI-FAST CR TRANSFER DR 009 SIMSEM PAYROLL BNI
2300018063;BI-FAST CR TRANSFER DR 008 FIDHA FARIBASA
2300014697;BI-FAST CR TRANSFER DR 031 PT TRINUSA TRAVELI
2300012940;BI-FAST CR TRANSFER DR 008 SELLY STEPANI
2300010936;BI-FAST CR TRANSFER DR 022 KAKIATNA AGRO INDO
2300018219;BI-FAST CR TRANSFER DR 013 FELICIA APRILIANY
2300010936;BI-FAST CR TRANSFER DR 022 KAKIATNA AGRO INDO
2300012700;BI-FAST CR TRANSFER DR 008 ALIMARWAN SURYA WI
2300017156;BI-FAST CR TRANSFER DR 028 RIVA LAURITZ
2300017156;BI-FAST CR TRANSFER DR 028 RIVA LAURITZ
2300015328;BI-FAST CR TRANSFER DR 548 JOHANNES BENJAMIN
2300014933;BI-FAST CR TRANSFER DR 451 KOPKARSYAHBSIQQKRW
2300015149;BI-FAST CR TRANSFER DR 008 MOMENTUM MENUJU KE
2300017452;BI-FAST CR TRANSFER DR 501 Dian Kartika Nugro
2300007109;BI-FAST CR TRANSFER DR 028 MAXIM JAYADI ABADI
2300007109;BI-FAST CR TRANSFER DR 028 MAXIM JAYADI ABADI
2300014400;BI-FAST CR TRANSFER DR 002 FILOSOFI KOPI SEJA
2300008929;BI-FAST CR TRANSFER DR 009 ADITYA NALAWANGSA
2300011768;BI-FAST CR TRANSFER DR 031 PT TRAVELOKA INDON
2300016623;BI-FAST CR TRANSFER DR 535 RATIH
2300010687;BI-FAST CR TRANSFER DR 002 AGUNG PRASETYO
2300016033;BI-FAST CR TRANSFER DR 002 SION TRADING LINE
2300015203;BI-FAST CR TRANSFER DR 022 GENESIS INDONESIA
2300016809;BI-FAST CR TRANSFER DR 008 SEGAR TIRTA UTAMA
DISTRIBUTOR GREENFIELDS;BI-FAST CR TRANSFER DR 022 CLASSIC FINE FOODS
2300017289;BI-FAST CR TRANSFER DR 008 MITRA DAGANG MADAN
2300015661;BI-FAST CR TRANSFER DR 002 PT SAYAP SUKSES SE
2300013207;BI-FAST CR TRANSFER DR 002 Q-THA SURYA PRATAM
2300013780;BI-FAST CR TRANSFER DR 008 JEDO ABADI LESTARI
2300016960;BI-FAST CR TRANSFER DR 002 FAJAR RAHMAT ALAMS
2300013595;BI-FAST CR TRANSFER DR 009 SUASANA KREATIF IN
2300015777;BI-FAST CR TRANSFER DR 022 ROSSI SOFIAH HARDI
2300016664;BI-FAST CR TRANSFER DR 008 BERKAH BOGA MANDIR
2300016664;BI-FAST CR TRANSFER DR 008 BERKAH BOGA MANDIR
2300008929;BI-FAST CR TRANSFER DR 009 ADITYA NALAWANGSA
2300016241;BI-FAST CR TRANSFER DR 008 UPEKKHA ARIYAPUTER
2300016249;BI-FAST CR TRANSFER DR 008 TAFIA PUTRI S. RAM
2300018290;BI-FAST CR TRANSFER DR 567 CHRISSANTY DWI SAP
2300016423;BI-FAST CR TRANSFER DR 008 DEA UMYATI
2300010936;BI-FAST CR TRANSFER DR 022 KAKIATNA AGRO INDO
2300010936;BI-FAST CR TRANSFER DR 022 KAKIATNA AGRO INDO
2300017930;BI-FAST CR TRANSFER DR 009 REZA ZIA UL RAHMAN
2300015181;BI-FAST CR TRANSFER DR 008 WISMA KANTA UTAMA
2300017922;BI-FAST CR TRANSFER DR 008 DINARRI
2300018210;BI-FAST CR TRANSFER DR 535 ANNISA NUR HASANAH
2300018210;BI-FAST CR TRANSFER DR 535 ANNISA NUR HASANAH
2300017817;BI-FAST CR TRANSFER DR 008 FINCENT EHUD LAWRE
2300015919;BI-FAST CR TRANSFER DR 002 GEDUNG PINANG SELA
2300013152;BI-FAST CR TRANSFER DR 426 GABRIELLA ASTITI H
2300013152;BI-FAST CR TRANSFER DR 426 GABRIELLA ASTITI H
2300017570;BI-FAST CR TRANSFER DR 008 AGREYA BERKAH INDO
2300016308;BI-FAST CR TRANSFER DR 501 Muhammad Bagas Abi
2300016308;BI-FAST CR TRANSFER DR 501 Muhammad Bagas Abi
2300010531;BI-FAST CR TRANSFER DR 022 SEPULUH SEPULUH ST
2300017408;BI-FAST CR TRANSFER DR 002 PT SELARAS RASA IN
2300018564;BI-FAST CR TRANSFER DR 002 MULTI ALAM NUSANTA
2300016940;BI-FAST CR TRANSFER DR 008 BAROKAH ENERGI SEM
2300018320;BI-FAST CR TRANSFER DR 501 Ferry Ferdian
2300018174;BI-FAST CR TRANSFER DR 535 FEBBI FAUZIAH
2300015833;BI-FAST CR TRANSFER DR 009 ANDHIKA NUR PRATAM
2300017156;BI-FAST CR TRANSFER DR 028 RIVA LAURITZ
2300017156;BI-FAST CR TRANSFER DR 028 RIVA LAURITZ
2300018210;BI-FAST CR TRANSFER DR 535 CINDY NOVIANTY
2300018210;BI-FAST CR TRANSFER DR 535 CINDY NOVIANTY
2300018210;BI-FAST CR TRANSFER DR 535 CINDY NOVIANTY
2300017044;BI-FAST CR TRANSFER DR 490 ANASTALISIA KUSUMA
2300014642;BI-FAST CR TRANSFER DR 542 VITA DIAN PUTRI
2300004864;BI-FAST CR TRANSFER DR 008 FEBRI MUHAMMAD SOF
2300004864;BI-FAST CR TRANSFER DR 008 FEBRI MUHAMMAD SOF
2300016860;BI-FAST CR TRANSFER DR 008 HIRES KREASI PRATA
2300017925;BI-FAST CR TRANSFER DR 535 MOHAMAD RENEY ADHI
2300009183;BI-FAST CR TRANSFER DR 501 Diajeng Nurulita N
2300009183;BI-FAST CR TRANSFER DR 501 Diajeng Nurulita N
2300009183;BI-FAST CR TRANSFER DR 501 Diajeng Nurulita N
2300009183;BI-FAST CR TRANSFER DR 501 Diajeng Nurulita N
2300009183;BI-FAST CR TRANSFER DR 501 Diajeng Nurulita N
2300009183;BI-FAST CR TRANSFER DR 501 Diajeng Nurulita N
2300009183;BI-FAST CR TRANSFER DR 501 Diajeng Nurulita N
2300016167;BI-FAST CR TRANSFER DR 028 HIOE MELANIE PRAST
2300016248;BI-FAST CR TRANSFER DR 008 DJUWITA FANYWATI S
2300016215;BI-FAST CR TRANSFER DR 002 ACHMAD JUPRI
2300016308;BI-FAST CR TRANSFER DR 501 Muhammad Bagas Abi
2300017530;BI-FAST CR TRANSFER DR 002 DAPUR BOGA LESTARI
2300015092;BI-FAST CR TRANSFER DR 008 RAJASA INTAMA
2300017079;BI-FAST CR TRANSFER DR 501 Ridwan Riswandi
2300017079;BI-FAST CR TRANSFER DR 501 Ridwan Riswandi
2300017079;BI-FAST CR TRANSFER DR 501 Ridwan Riswandi
2300009526;BI-FAST CR TRANSFER DR 501 Ilham Hadi Praseti
2300008929;BI-FAST CR TRANSFER DR 009 ADITYA NALAWANGSA
2300010687;BI-FAST CR TRANSFER DR 002 AGUNG PRASETYO
2300010936;BI-FAST CR TRANSFER DR 022 KAKIATNA AGRO INDO
2300010936;BI-FAST CR TRANSFER DR 022 KAKIATNA AGRO INDO
2300010936;BI-FAST CR TRANSFER DR 022 KAKIATNA AGRO INDO
2300016989;BI-FAST CR TRANSFER DR 501 Armand Hermansyah
2300016032;BI-FAST CR TRANSFER DR 451 STEVIFEBRIANTO
2300017289;BI-FAST CR TRANSFER DR 008 MITRA DAGANG MADAN
2300016285;BI-FAST CR TRANSFER DR 037 GROOCERIES CITY IN
2300015533;BI-FAST CR TRANSFER DR 008 POLARIS INSTRUMENT
2300015992;BI-FAST CR TRANSFER DR 002 DWI URIP SUGIYANTO
2300015249;BI-FAST CR TRANSFER DR 008 HAYKAL DZAKRY WIDJ
2300017795;BI-FAST CR TRANSFER DR 009 SENTRA GASTRONOMI
2300015661;BI-FAST CR TRANSFER DR 002 PT SAYAP SUKSES SE
2300012456;BI-FAST CR TRANSFER DR 002 RINO BAGUS PRASETY
2300016253;BI-FAST CR TRANSFER DR 008 MITRA LOKACIPTA SE
2300016167;BI-FAST CR TRANSFER DR 028 HIOE MELANIE PRAST
2300012494;BI-FAST CR TRANSFER DR 008 MASTIKAH
2300017409;BI-FAST CR TRANSFER DR 008 SARAH AFIFAH AZ ZA
2300006571;BI-FAST CR TRANSFER DR 009 PISON ANUGERAH PR
2300015530;BI-FAST CR TRANSFER DR 009 PISON RESTOKOPI PR
2300012044;BI-FAST CR TRANSFER DR 008 DIPURI SELARAS MEM
2300017069;BI-FAST CR TRANSFER DR 501 Genta Rama Sufis
2300016196;BI-FAST CR TRANSFER DR 535 ANGGI ADELIA FEBRI
2300016297;BI-FAST CR TRANSFER DR 008 GUNAWAN
2300016737;BI-FAST CR TRANSFER DR 501 Richelle Briana Ha
2300017034;BI-FAST CR TRANSFER DR 002 TEZAR MAULANA ZAKY
2300015630;BI-FAST CR TRANSFER DR 002 DINI INDRIYANI
2300016591;BI-FAST CR TRANSFER DR 002 PROMART BKN
2300016809;BI-FAST CR TRANSFER DR 008 DHIVA ARFILIA
2300007109;BI-FAST CR TRANSFER DR 028 MAXIM JAYADI ABADI
2300007109;BI-FAST CR TRANSFER DR 028 MAXIM JAYADI ABADI
2300018348;BI-FAST CR TRANSFER DR 002 RICKY YANSEN
2300017530;BI-FAST CR TRANSFER DR 002 DAPUR BOGA LESTARI
2300018290;BI-FAST CR TRANSFER DR 567 CHRISSANTY DWI SAP
2300018290;BI-FAST CR TRANSFER DR 567 CHRISSANTY DWI SAP
2300008691;BI-FAST CR TRANSFER DR 022 HERBERT TANUDJAJA
2300008691;BI-FAST CR TRANSFER DR 022 HERBERT TANUDJAJA
2300016533;BI-FAST CR TRANSFER DR 009 FAISAL HAFIZ MAHAK
2300013595;BI-FAST CR TRANSFER DR 009 SUASANA KREATIF IN
2300016665;BI-FAST CR TRANSFER DR 008 OCTAVIANI
2300008691;BI-FAST CR TRANSFER DR 022 HERBERT TANUDJAJA
2300011768;BI-FAST CR TRANSFER DR 031 PT TRAVELOKA INDON
2300014697;BI-FAST CR TRANSFER DR 031 PT TRINUSA TRAVELI
2300017570;BI-FAST CR TRANSFER DR 008 AGREYA BERKAH INDO
2300017570;BI-FAST CR TRANSFER DR 008 AGREYA BERKAH INDO
2300018320;BI-FAST CR TRANSFER DR 501 Ferry Ferdian
2300017079;BI-FAST CR TRANSFER DR 501 Ridwan Riswandi
2300015181;BI-FAST CR TRANSFER DR 009 WISMA KANTA UTAMA
2300015181;BI-FAST CR TRANSFER DR 009 WISMA KANTA UTAMA
2300010936;BI-FAST CR TRANSFER DR 022 KAKIATNA AGRO INDO
2300010936;BI-FAST CR TRANSFER DR 022 KAKIATNA AGRO INDO
DISTRIBUTOR GREENFIELDS;BI-FAST CR TRANSFER DR 008 KELOLA PANGAN INDO
2300017530;BI-FAST CR TRANSFER DR 002 DAPUR BOGA LESTARI
2300016167;BI-FAST CR TRANSFER DR 028 HIOE MELANIE PRAST
2300011289;BI-FAST CR TRANSFER DR 008 NOVA ANGGRAINI
2300018038;BI-FAST CR TRANSFER DR 111 TAHAANI ERA DEL YA
2300014522;BI-FAST CR TRANSFER DR 008 ROBBY NUGRAHA
2300017872;BI-FAST CR TRANSFER DR 008 JASA KREASI SETRIA
2300017452;BI-FAST CR TRANSFER DR 501 Dian Kartika Nugro
2300017789;BI-FAST CR TRANSFER DR 008 AGUNG BUDI UTOMO
2300012044;BI-FAST CR TRANSFER DR 008 DIPURI SELARAS MEM
2300012044;BI-FAST CR TRANSFER DR 008 DIPURI SELARAS MEM
2300016032;BI-FAST CR TRANSFER DR 451 STEVIFEBRIANTO
2300018369;BI-FAST CR TRANSFER DR 008 MARGO PUTRA WENNO
2300015203;BI-FAST CR TRANSFER DR 022 GENESIS INDONESIA
2300015203;BI-FAST CR TRANSFER DR 022 GENESIS INDONESIA
2300014669;BI-FAST CR TRANSFER DR 002 WANTI NUR CAHYANI
DISTRIBUTOR GREENFIELDS;BI-FAST CR TRANSFER DR 022 CLASSIC FINE FOODS
2300013650;BI-FAST CR TRANSFER DR 009 SIMSEM PAYROLL BNI
2300017435;BI-FAST CR TRANSFER DR 002 NUNUNG SOBIATY
2300005430;BI-FAST CR TRANSFER DR 008 JALAN SALURAN BERK
2300017156;BI-FAST CR TRANSFER DR 028 RIVA LAURITZ
2300017156;BI-FAST CR TRANSFER DR 028 RIVA LAURITZ
2300017514;BI-FAST CR TRANSFER DR 008 KORI-HABITAT UNTUK
2300017514;BI-FAST CR TRANSFER DR 008 SAOLA-HABITAT UNTU
2300017901;BI-FAST CR TRANSFER DR 009 RFA KHARISMA INTER
2300011171;BI-FAST CR TRANSFER DR 002 PUNCAK LEMBAH HIJA
2300015203;BI-FAST CR TRANSFER DR 022 GENESIS INDONESIA
2300015575;BI-FAST CR TRANSFER DR 451 NURHAYATI
2300018244;BI-FAST CR TRANSFER DR 008 DESY TRIVIANI
2300018066;BI-FAST CR TRANSFER DR 002 Fadlu Rochman
2300015012;BI-FAST CR TRANSFER DR 501 Susanti Dewijana
2300011554;BI-FAST CR TRANSFER DR 009 ADIRAI SUMBER REJE
2300017530;BI-FAST CR TRANSFER DR 002 DAPUR BOGA LESTARI
2300016664;BI-FAST CR TRANSFER DR 008 BERKAH BOGA MANDIR
2300009307;BI-FAST CR TRANSFER DR 009 SATRIA MAJU BERSAM
2300000838;BI-FAST CR TRANSFER DR 022 KITCHENETTE LESTAR
2300015931;BI-FAST CR TRANSFER DR 028 ISYE FITRIYULIASTU
2300010936;BI-FAST CR TRANSFER DR 022 KAKIATNA AGRO INDO
2300010936;BI-FAST CR TRANSFER DR 022 KAKIATNA AGRO INDO
2300017184;BI-FAST CR TRANSFER DR 008 MUSHAB ALI
2300015181;BI-FAST CR TRANSFER DR 009 WISMA KANTA UTAMA
2300018053;BI-FAST CR TRANSFER DR 008 TRI SUBAGYO
2300017089;BI-FAST CR TRANSFER DR 002 PT BOGA MANDALA SE
2300016883;BI-FAST CR TRANSFER DR 002 PT BUGAR JIWA RAGA
2300017351;BI-FAST CR TRANSFER DR 535 VANIA YUSPANDI
2300018181;BI-FAST CR TRANSFER DR 019 PERKASA MITRA CE
2300016779;BI-FAST CR TRANSFER DR 002 BAKU SAYANG PESANG
2300016368;BI-FAST CR TRANSFER DR 019 SUMBER BARU DAMA
2300016993;BI-FAST CR TRANSFER DR 451 TRIAMINDOWATI
2300013876;BI-FAST CR TRANSFER DR 002 COTTA TERRA PRIMA
2300017930;BI-FAST CR TRANSFER DR 009 REZA ZIA UL RAHMAN
2300014642;BI-FAST CR TRANSFER DR 542 VITA DIAN PUTRI
2300017925;BI-FAST CR TRANSFER DR 535 MOHAMAD RENEY ADHI
2300018369;BI-FAST CR TRANSFER DR 008 MARGO PUTRA WENNO
2300017428;BI-FAST CR TRANSFER DR 009 TIGO TUNGKU SAHATI
2300016890;BI-FAST CR TRANSFER DR 002 MOHAMAD FIRMAN SYA
2300015852;BI-FAST CR TRANSFER DR 501 Maria Magdalena Pe
2300017491;BI-FAST CR TRANSFER DR 002 JEFREE
2300015092;BI-FAST CR TRANSFER DR 008 RAJASA INTAMA
2300017079;BI-FAST CR TRANSFER DR 501 Ridwan Riswandi
2300017079;BI-FAST CR TRANSFER DR 501 Ridwan Riswandi
2300017079;BI-FAST CR TRANSFER DR 501 Ridwan Riswandi
2300017215;BI-FAST CR TRANSFER DR 002 ANDREAS
2300018126;BI-FAST CR TRANSFER DR 009 ANDRI DWIANTO IRAW
2300015633;BI-FAST CR TRANSFER DR 028 GABRIELLA GUSTIAWA
2300017166;BI-FAST CR TRANSFER DR 022 PT KULINER PRIMA V
2300008929;BI-FAST CR TRANSFER DR 009 ADITYA NALAWANGSA
2300017454;BI-FAST CR TRANSFER DR 022 MINOR FOOD GROUP I
2300017653;BI-FAST CR TRANSFER DR 008 AGUS CHANDRA WAHYU
2300010936;BI-FAST CR TRANSFER DR 022 KAKIATNA AGRO INDO
2300010936;BI-FAST CR TRANSFER DR 022 KAKIATNA AGRO INDO
2300013650;BI-FAST CR TRANSFER DR 009 SIMSEM PAYROLL BNI
2300012044;BI-FAST CR TRANSFER DR 008 DIPURI SELARAS MEM
2300017262;BI-FAST CR TRANSFER DR 008 KOPERASI KONSUMEN
2300018289;BI-FAST CR TRANSFER DR 009 LADANG GANDUM KREA
MODERN TRADE;BI-FAST CR TRANSFER DR 002 JAKARTA SENTRA ARO
2300007619;BI-FAST CR TRANSFER DR 009 NENNY SUMIARTI
2300008706;BI-FAST CR TRANSFER DR 008 ANDIKA AJIESASTRA
2300015723;BI-FAST CR TRANSFER DR 009 SIMSEM PAYROLL BNI
2300017085;BI-FAST CR TRANSFER DR 023 ALEXANDRA CORRADIN
2300012044;BI-FAST CR TRANSFER DR 008 DIPURI SELARAS MEM
2300012044;BI-FAST CR TRANSFER DR 008 DIPURI SELARAS MEM
2300012044;BI-FAST CR TRANSFER DR 008 DIPURI SELARAS MEM
2300017496;BI-FAST CR TRANSFER DR 535 NUR APRILYANTI
2300017496;BI-FAST CR TRANSFER DR 535 NUR APRILYANTI
2300017079;BI-FAST CR TRANSFER DR 501 Ridwan Riswandi
2300018393;BI-FAST CR TRANSFER DR 008 M SHOKHI
2300017123;BI-FAST CR TRANSFER DR 008 I GST AYU AGUNG MA
2300018320;BI-FAST CR TRANSFER DR 501 Ferry Ferdian
2300018210;BI-FAST CR TRANSFER DR 535 CINDY NOVIANTY
2300018210;BI-FAST CR TRANSFER DR 535 CINDY NOVIANTY
2300009526;BI-FAST CR TRANSFER DR 501 Ilham Hadi Praseti
2300017289;BI-FAST CR TRANSFER DR 008 MITRA DAGANG MADAN
2300017530;BI-FAST CR TRANSFER DR 002 DAPUR BOGA LESTARI
DISTRIBUTOR GREENFIELDS;BI-FAST CR TRANSFER DR 153 CV BARU TANJAKAN
2300016665;BI-FAST CR TRANSFER DR 008 OCTAVIANI
2300016167;BI-FAST CR TRANSFER DR 028 HIOE MELANIE PRAST
2300013077;BI-FAST CR TRANSFER DR 200 SHINTA LYDIA SANUS
2300015799;BI-FAST CR TRANSFER DR 542 HENNY
2300017514;BI-FAST CR TRANSFER DR 008 SAOLA-HABITAT UNTU
2300008691;BI-FAST CR TRANSFER DR 022 HERBERT TANUDJAJA
DISTRIBUTOR GREENFIELDS;BI-FAST CR TRANSFER DR 009 BERKAT LARIS GEMIL 
2300011768;BI-FAST CR TRANSFER DR 031 PT TRAVELOKA INDON 
2300014697;BI-FAST CR TRANSFER DR 031 PT TRINUSA TRAVELI 
2300016215;BI-FAST CR TRANSFER DR 002 ACHMAD JUPRI 
2300015533;BI-FAST CR TRANSFER DR 008 POLARIS INSTRUMENT 
2300007215;BI-FAST CR TRANSFER DR 087 HADIPUTRANTO HADIN 
2300014400;BI-FAST CR TRANSFER DR 002 FILOSOFI KOPI SEJA 
2300015919;BI-FAST CR TRANSFER DR 002 GEDUNG PINANG SELA 
2300016989;BI-FAST CR TRANSFER DR 501 Armand Hermansyah 
DISTRIBUTOR GREENFIELDS;BI-FAST CR TRANSFER DR 009 BERKAT LARIS GEMIL
2300016167;BI-FAST CR TRANSFER DR 028 HIOE MELANIE PRAST
2300018312;BI-FAST CR TRANSFER DR 002 DIASTIKA SEPHIRA A
2300009307;BI-FAST CR TRANSFER DR 009 SATRIA MAJU BERSAM
2300016259;BI-FAST CR TRANSFER DR 008 HANA RIZKA EFRILIA
2300015149;BI-FAST CR TRANSFER DR 008 MOMENTUM MENUJU KE
2300015149;BI-FAST CR TRANSFER DR 008 MOMENTUM MENUJU KE
2300017936;BI-FAST CR TRANSFER DR 008 TERIGU TELUR GULA
2300017872;BI-FAST CR TRANSFER DR 008 JASA KREASI SETRIA
2300018175;BI-FAST CR TRANSFER DR 008 POLA RASA NUSANTAR
2300015203;BI-FAST CR TRANSFER DR 022 GENESIS INDONESIA
DISTRIBUTOR GREENFIELDS;BI-FAST CR TRANSFER DR 022 CLASSIC FINE FOODS
2300015610;BI-FAST CR TRANSFER DR 002 PT ANAGATA TEANOLO
2300018369;BI-FAST CR TRANSFER DR 008 MARGO PUTRA WENNO
2300017079;BI-FAST CR TRANSFER DR 501 Ridwan Riswandi
2300014642;BI-FAST CR TRANSFER DR 542 VITA DIAN PUTRI
2300017344;BI-FAST CR TRANSFER DR 008 RAHMITA
2300018115;BI-FAST CR TRANSFER DR 008 SISKA MULYA UTAMA
2300009752;BI-FAST CR TRANSFER DR 028 ADICIPTA BOGA INTI
2300009752;BI-FAST CR TRANSFER DR 028 ADICIPTA BOGA INTI
2300009752;BI-FAST CR TRANSFER DR 028 ADICIPTA BOGA INTI
2300009752;BI-FAST CR TRANSFER DR 028 ADICIPTA BOGA INTI
2300009752;BI-FAST CR TRANSFER DR 028 ADICIPTA BOGA INTI
2300009752;BI-FAST CR TRANSFER DR 028 ADICIPTA BOGA INTI
2300009752;BI-FAST CR TRANSFER DR 028 ADICIPTA BOGA INTI
2300009752;BI-FAST CR TRANSFER DR 028 ADICIPTA BOGA INTI
2300009752;BI-FAST CR TRANSFER DR 028 ADICIPTA BOGA INTI
2300009752;BI-FAST CR TRANSFER DR 028 ADICIPTA BOGA INTI
2300015661;BI-FAST CR TRANSFER DR 002 PT SAYAP SUKSES SE
2300014669;BI-FAST CR TRANSFER DR 002 WANTI NUR CAHYANI
2300015777;BI-FAST CR TRANSFER DR 022 ROSSI SOFIAH HARDI
2300017930;BI-FAST CR TRANSFER DR 009 REZA ZIA UL RAHMAN
2300013077;BI-FAST CR TRANSFER DR 200 SHINTA LYDIA SANUS
2300015203;BI-FAST CR TRANSFER DR 022 GENESIS INDONESIA
2300017435;BI-FAST CR TRANSFER DR 002 NUNUNG SOBIATY
2300001305;BI-FAST CR TRANSFER DR 008 RAJA RASA ALAMI
2300001305;BI-FAST CR TRANSFER DR 008 RAJA RASA ALAMI
2300016664;BI-FAST CR TRANSFER DR 008 BERKAH BOGA MANDIR
2300016664;BI-FAST CR TRANSFER DR 008 BERKAH BOGA MANDIR
2300018135;BI-FAST CR TRANSFER DR 501 Fernando Octavianu
2300017452;BI-FAST CR TRANSFER DR 501 Dian Kartika Nugro
2300018165;BI-FAST CR TRANSFER DR 009 MOOKIE TITIK TERAN
2300018320;BI-FAST CR TRANSFER DR 501 Ferry Ferdian
2300008929;BI-FAST CR TRANSFER DR 009 ADITYA NALAWANGSA
2300010936;BI-FAST CR TRANSFER DR 022 KAKIATNA AGRO INDO
2300010936;BI-FAST CR TRANSFER DR 022 KAKIATNA AGRO INDO
2300018389;BI-FAST CR TRANSFER DR 008 GLOBAL SINERGI INV
2300016423;BI-FAST CR TRANSFER DR 008 DEA UMYATI
2300012801;BI-FAST CR TRANSFER DR 008 UMIATY HASANAH
2300017156;BI-FAST CR TRANSFER DR 028 RIVA LAURITZ
2300017262;BI-FAST CR TRANSFER DR 008 KOPERASI KONSUMEN
2300017361;BI-FAST CR TRANSFER DR 008 MADISON PRIMABOGA
2300015347;BI-FAST CR TRANSFER DR 008 KENNETH PATRICK ER
2300015833;BI-FAST CR TRANSFER DR 009 ANDHIKA NUR PRATAM
2300016623;BI-FAST CR TRANSFER DR 535 RATIH
2300006925;BI-FAST CR TRANSFER DR 009 VIDYANTI
2300016890;BI-FAST CR TRANSFER DR 002 MOHAMAD FIRMAN SYA
2300017925;BI-FAST CR TRANSFER DR 535 MOHAMAD RENEY ADHI
2300012748;BI-FAST CR TRANSFER DR 009 GRUHAM INDONESIA M
2300017652;BI-FAST CR TRANSFER DR 008 DAVID ROMANO L
2300017079;BI-FAST CR TRANSFER DR 501 Ridwan Riswandi
2300018369;BI-FAST CR TRANSFER DR 008 MARGO PUTRA WENNO
2300017079;BI-FAST CR TRANSFER DR 501 Ridwan Riswandi
2300013207;BI-FAST CR TRANSFER DR 002 Q-THA SURYA PRATAM
2300018393;BI-FAST CR TRANSFER DR 002 M SHOKHI
2300016422;BI-FAST CR TRANSFER DR 008 MUHAMAD ARIGHI
2300017409;BI-FAST CR TRANSFER DR 008 SARAH AFIFAH AZ ZA
2300015092;BI-FAST CR TRANSFER DR 008 RAJASA INTAMA
2300004907;BI-FAST CR TRANSFER DR 008 KETJIL KREASI SIGN
2300017425;BI-FAST CR TRANSFER DR 008 AKHMAD RIZKY WICAK
2300014669;BI-FAST CR TRANSFER DR 002 WANTI NUR CAHYANI
2300016155;BI-FAST CR TRANSFER DR 013 RAFAE LAYETH SUUD
2300018371;BI-FAST CR TRANSFER DR 426 TERRY YULIANTO VEN
2300015575;BI-FAST CR TRANSFER DR 451 NURHAYATI
2300016133;BI-FAST CR TRANSFER DR 008 SUSI SULASTRI
2300012748;BI-FAST CR TRANSFER DR 009 GRUHAM INDONESIA M
2300016890;BI-FAST CR TRANSFER DR 002 MOHAMAD FIRMAN SYA
2300013650;BI-FAST CR TRANSFER DR 009 SIMSEM PAYROLL BNI
2300018344;BI-FAST CR TRANSFER DR 008 BAYU ADJIE PANGEST
2300013666;BI-FAST CR TRANSFER DR 002 GITA DJOEANG SEJAH
2300012660;BI-FAST CR TRANSFER DR 046 BELLY YUMMY FOODS
2300012660;BI-FAST CR TRANSFER DR 046 BELLY YUMMY FOODS
2300012660;BI-FAST CR TRANSFER DR 046 BELLY YUMMY FOODS
2300012660;BI-FAST CR TRANSFER DR 046 BELLY YUMMY FOODS
2300012660;BI-FAST CR TRANSFER DR 046 BELLY YUMMY FOODS
2300012660;BI-FAST CR TRANSFER DR 046 BELLY YUMMY FOODS
2300012660;BI-FAST CR TRANSFER DR 046 BELLY YUMMY FOODS
2300012660;BI-FAST CR TRANSFER DR 046 BELLY YUMMY FOODS
2300012660;BI-FAST CR TRANSFER DR 046 BELLY YUMMY FOODS
2300012660;BI-FAST CR TRANSFER DR 046 BELLY YUMMY FOODS
2300012660;BI-FAST CR TRANSFER DR 046 BELLY YUMMY FOODS
2300014982;BI-FAST CR TRANSFER DR 013 FLIPTECH LENTERA I
2300016167;BI-FAST CR TRANSFER DR 028 HIOE MELANIE PRAST
2300016167;BI-FAST CR TRANSFER DR 028 HIOE MELANIE PRAST
2300012980;BI-FAST CR TRANSFER DR 002 AFRIDA FATHARANI
2300014642;BI-FAST CR TRANSFER DR 542 VITA DIAN PUTRI
2300013650;BI-FAST CR TRANSFER DR 009 SIMSEM PAYROLL BNI
2300016241;BI-FAST CR TRANSFER DR 008 UPEKKHA ARIYAPUTER
2300010936;BI-FAST CR TRANSFER DR 022 KAKIATNA AGRO INDO
2300010936;BI-FAST CR TRANSFER DR 022 KAKIATNA AGRO INDO
2300018320;BI-FAST CR TRANSFER DR 501 Ferry Ferdian
2300017864;BI-FAST CR TRANSFER DR 008 DEDI KURNIAWAN SAP
2300007109;BI-FAST CR TRANSFER DR 028 MAXIM JAYADI ABADI
2300007109;BI-FAST CR TRANSFER DR 028 MAXIM JAYADI ABADI
2300018348;BI-FAST CR TRANSFER DR 002 RICKY YANSEN
2300008929;BI-FAST CR TRANSFER DR 009 ADITYA NALAWANGSA
2300017034;BI-FAST CR TRANSFER DR 002 TEZAR MAULANA ZAKY
2300018312;BI-FAST CR TRANSFER DR 002 DIASTIKA SEPHIRA A
2300017530;BI-FAST CR TRANSFER DR 002 DAPUR BOGA LESTARI
2300017530;BI-FAST CR TRANSFER DR 002 DAPUR BOGA LESTARI
2300016837;BI-FAST CR TRANSFER DR 426 MAWAR SARI MAKMUR
2300001531;BI-FAST CR TRANSFER DR 087 YAYASAN BRITISH SC
2300017069;BI-FAST CR TRANSFER DR 501 Genta Rama Sufis
2300017215;BI-FAST CR TRANSFER DR 002 ANDREAS
2300017279;BI-FAST CR TRANSFER DR 008 RAHMAT GOZALI
2300011768;BI-FAST CR TRANSFER DR 031 PT TRAVELOKA INDON
2300014697;BI-FAST CR TRANSFER DR 031 PT TRINUSA TRAVELI
2300018416;BI-FAST CR TRANSFER DR 451 ADHIYANUARTRIKURNI
2300008691;BI-FAST CR TRANSFER DR 022 HERBERT TANUDJAJA
2300008691;BI-FAST CR TRANSFER DR 022 HERBERT TANUDJAJA
2300008691;BI-FAST CR TRANSFER DR 022 HERBERT TANUDJAJA
2300015630;BI-FAST CR TRANSFER DR 002 DINI INDRIYANI
2300017079;BI-FAST CR TRANSFER DR 501 Ridwan Riswandi
2300017079;BI-FAST CR TRANSFER DR 501 Ridwan Riswandi
2300016562;BI-FAST CR TRANSFER DR 008 MAKY GROUP INDONES
2300017901;BI-FAST CR TRANSFER DR 009 RFA KHARISMA INTER
2300013152;BI-FAST CR TRANSFER DR 426 GABRIELLA ASTITI H
2300016737;BI-FAST CR TRANSFER DR 501 Richelle Briana Ha
2300016737;BI-FAST CR TRANSFER DR 501 Richelle Briana Ha
2300016737;BI-FAST CR TRANSFER DR 501 Richelle Briana Ha
2300015919;BI-FAST CR TRANSFER DR 002 GEDUNG PINANG SELA
2300016591;BI-FAST CR TRANSFER DR 002 PROMART BKN
2300016623;BI-FAST CR TRANSFER DR 535 RATIH
2300018416;BI-FAST CR TRANSFER DR 451 ADHIYANUARTRIKURNI
2300009307;BI-FAST CR TRANSFER DR 009 SATRIA MAJU BERSAM
2300017562;BI-FAST CR TRANSFER DR 036 EASTERN EXPANDING
2300018063;BI-FAST CR TRANSFER DR 008 FIDHA FARIBASA
2300017262;BI-FAST CR TRANSFER DR 008 KOPERASI KONSUMEN
2300017452;BI-FAST CR TRANSFER DR 501 Dian Kartika Nugro
2300015328;BI-FAST CR TRANSFER DR 548 JOHANNES BENJAMIN
2300016970;BI-FAST CR TRANSFER DR 002 BOGA NIKMAT SEJAHT
2300009526;BI-FAST CR TRANSFER DR 501 Ilham Hadi Praseti
2300010936;BI-FAST CR TRANSFER DR 022 KAKIATNA AGRO INDO
2300010936;BI-FAST CR TRANSFER DR 022 KAKIATNA AGRO INDO
2300018369;BI-FAST CR TRANSFER DR 008 MARGO PUTRA WENNO
2300008905;BI-FAST CR TRANSFER DR 008 TABUNGAN BISNIS PU
2300008905;BI-FAST CR TRANSFER DR 008 TABUNGAN BISNIS PU
2300008905;BI-FAST CR TRANSFER DR 008 TABUNGAN BISNIS PU
2300018068;BI-FAST CR TRANSFER DR 009 MAULANA LATISETIAD
2300014906;BI-FAST CR TRANSFER DR 022 BOGA PUTRA SANTOSO
2300014906;BI-FAST CR TRANSFER DR 022 BOGA PUTRA SANTOSO
2300017901;BI-FAST CR TRANSFER DR 009 RFA KHARISMA INTER
2300017930;BI-FAST CR TRANSFER DR 009 REZA ZIA UL RAHMAN
2300017838;BI-FAST CR TRANSFER DR 002 NURYANI
2300014944;BI-FAST CR TRANSFER DR 153 CV MADI MARI BERJA
DISTRIBUTOR GREENFIELDS;BI-FAST CR TRANSFER DR 153 CV BARU TANJAKAN
DISTRIBUTOR GREENFIELDS;BI-FAST CR TRANSFER DR 153 CV BARU TANJAKAN
2300015633;BI-FAST CR TRANSFER DR 028 GABRIELLA GUSTIAWA
2300018437;BI-FAST CR TRANSFER DR 008 BOBBYS BURGERS GRO
2300016665;BI-FAST CR TRANSFER DR 008 OCTAVIANI
2300011171;BI-FAST CR TRANSFER DR 002 PUNCAK LEMBAH HIJA
2300017428;BI-FAST CR TRANSFER DR 009 TIGO TUNGKU SAHATI
2300016664;BI-FAST CR TRANSFER DR 008 BERKAH BOGA MANDIR
2300016346;BI-FAST CR TRANSFER DR 022 RUDY KURNIA SEJATI
2300017168;BI-FAST CR TRANSFER DR 022 KREASI ABADI SELAR
2300018320;BI-FAST CR TRANSFER DR 501 Ferry Ferdian
2300018079;BI-FAST CR TRANSFER DR 501 Jessica Kwong
2300018079;BI-FAST CR TRANSFER DR 501 Jessica Kwong
2300017361;BI-FAST CR TRANSFER DR 008 MADISON PRIMABOGA
2300010936;BI-FAST CR TRANSFER DR 022 KAKIATNA AGRO INDO
2300017491;BI-FAST CR TRANSFER DR 002 JEFREE
2300016611;BI-FAST CR TRANSFER DR 022 RIA SRI WOELANDARI
2300016611;BI-FAST CR TRANSFER DR 022 RIA SRI WOELANDARI
2300016611;BI-FAST CR TRANSFER DR 022 RIA SRI WOELANDARI
2300017184;BI-FAST CR TRANSFER DR 008 FEDERASI KANAL
2300016623;BI-FAST CR TRANSFER DR 535 RATIH
IMPACT POWER MANDIRI;BI-FAST CR TRANSFER DR 028 IMPACT POWER MANDI
2300012940;BI-FAST CR TRANSFER DR 008 SELLY STEPANI
2300006812;BI-FAST CR TRANSFER DR 002 LANGGENG DUNIA SEL
2300018393;BI-FAST CR TRANSFER DR 002 M SHOKHI
2300017925;BI-FAST CR TRANSFER DR 535 MOHAMAD RENEY ADHI
2300016346;BI-FAST CR TRANSFER DR 022 RUDY KURNIA SEJATI
2300008929;BI-FAST CR TRANSFER DR 009 ADITYA NALAWANGSA
2300017079;BI-FAST CR TRANSFER DR 501 Ridwan Riswandi
2300018369;BI-FAST CR TRANSFER DR 008 MARGO PUTRA WENNO
2300017085;BI-FAST CR TRANSFER DR 023 ALEXANDRA CORRADIN
2300017454;BI-FAST CR TRANSFER DR 022 MINOR FOOD GROUP I
2300014669;BI-FAST CR TRANSFER DR 002 WANTI NUR CAHYANI
2300016860;BI-FAST CR TRANSFER DR 008 HIRES KREASI PRATA
2300013595;BI-FAST CR TRANSFER DR 009 SUASANA KREATIF IN
2300017154;BI-FAST CR TRANSFER DR 501 Hilal Abu Dzar
2300017044;BI-FAST CR TRANSFER DR 490 ANASTALISIA KUSUMA
2300017044;BI-FAST CR TRANSFER DR 490 ANASTALISIA KUSUMA
2300017936;BI-FAST CR TRANSFER DR 008 TERIGU TELUR GULA
2300017079;BI-FAST CR TRANSFER DR 501 Ridwan Riswandi
2300017079;BI-FAST CR TRANSFER DR 501 Ridwan Riswandi
2300017079;BI-FAST CR TRANSFER DR 501 Ridwan Riswandi
2300015852;BI-FAST CR TRANSFER DR 501 Maria Magdalena Pe
2300017400;BI-FAST CR TRANSFER DR 002 VIVI ANGELINA
2300017795;BI-FAST CR TRANSFER DR 009 SENTRA GASTRONOMI
2300009765;BI-FAST CR TRANSFER DR 008 ROOVEE BERKAT SENA
2300018416;BI-FAST CR TRANSFER DR 451 ADHIYANUARTRIKURNI
2300015992;BI-FAST CR TRANSFER DR 002 DWI URIP SUGIYANTO
2300018272;BI-FAST CR TRANSFER DR 002 FEBRIKA RIZKI FANO
DISTRIBUTOR GREENFIELDS;BI-FAST CR TRANSFER DR 451 PTKELOLAPANGANINDO
2300010936;BI-FAST CR TRANSFER DR 022 KAKIATNA AGRO INDO
2300015533;BI-FAST CR TRANSFER DR 008 POLARIS INSTRUMENT
2300016989;BI-FAST CR TRANSFER DR 501 Armand Hermansyah
2300012660;BI-FAST CR TRANSFER DR 046 BELLY YUMMY FOODS
2300018371;BI-FAST CR TRANSFER DR 426 TERRY YULIANTO VEN
2300015661;BI-FAST CR TRANSFER DR 002 PT SAYAP SUKSES SE
2300017078;BI-FAST CR TRANSFER DR 501 Rafly Rihza Arrohi
2300009765;BI-FAST CR TRANSFER DR 008 ROOVEE BERKAT SENA
2300016623;BI-FAST CR TRANSFER DR 535 RATIH
2300016167;BI-FAST CR TRANSFER DR 028 HIOE MELANIE PRAST
2300018174;BI-FAST CR TRANSFER DR 535 FEBBI FAUZIAH
2300018174;BI-FAST CR TRANSFER DR 535 FEBBI FAUZIAH
2300009642;BI-FAST CR TRANSFER DR 008 SELAWAKTU BOGA GRO
2300017409;BI-FAST CR TRANSFER DR 008 SARAH AFIFAH AZ ZA
2300010936;BI-FAST CR TRANSFER DR 022 KAKIATNA AGRO INDO
2300008691;BI-FAST CR TRANSFER DR 022 HERBERT TANUDJAJA
2300015012;BI-FAST CR TRANSFER DR 501 Susanti Dewijana
2300017085;BI-FAST CR TRANSFER DR 023 ALEXANDRA CORRADIN
2300017069;BI-FAST CR TRANSFER DR 501 Genta Rama Sufis
2300001531;BI-FAST CR TRANSFER DR 087 YAYASAN BRITISH SC
2300016737;BI-FAST CR TRANSFER DR 501 Richelle Briana Ha
2300014933;BI-FAST CR TRANSFER DR 451 KOPKARSYAHBSIQQKRW
2300010687;BI-FAST CR TRANSFER DR 002 AGUNG PRASETYO
2300015833;BI-FAST CR TRANSFER DR 009 ANDHIKA NUR PRATAM
2300012786;BI-FAST CR TRANSFER DR 009 ELLY ADITYA SAVITR
2300007215;BI-FAST CR TRANSFER DR 087 HADIPUTRANTO HADIN
2300015092;BI-FAST CR TRANSFER DR 008 RAJASA INTAMA
2300016167;BI-FAST CR TRANSFER DR 028 HIOE MELANIE PRAST
2300013207;BI-FAST CR TRANSFER DR 002 Q-THA SURYA PRATAM
2300017530;BI-FAST CR TRANSFER DR 002 DAPUR BOGA LESTARI
2300015852;BI-FAST CR TRANSFER DR 501 Maria Magdalena Pe
2300011768;BI-FAST CR TRANSFER DR 031 PT TRAVELOKA INDON
2300018219;BI-FAST CR TRANSFER DR 013 FELICIA APRILIANY
2300014400;BI-FAST CR TRANSFER DR 002 FILOSOFI KOPI SEJA
2300018416;BI-FAST CR TRANSFER DR 451 ADHIYANUARTRIKURNI
2300010936;BI-FAST CR TRANSFER DR 022 KAKIATNA AGRO INDO
2300018393;BI-FAST CR TRANSFER DR 002 M SHOKHI
2300016890;BI-FAST CR TRANSFER DR 002 MOHAMAD FIRMAN SYA
2300016248;BI-FAST CR TRANSFER DR 008 DJUWITA FANYWATI S
2300018320;BI-FAST CR TRANSFER DR 501 Ferry Ferdian
2300014697;BI-FAST CR TRANSFER DR 031 PT TRINUSA TRAVELI
2300018135;BI-FAST CR TRANSFER DR 501 Fernando Octavianu
2300007109;BI-FAST CR TRANSFER DR 028 MAXIM JAYADI ABADI
2300007109;BI-FAST CR TRANSFER DR 028 MAXIM JAYADI ABADI
2300017168;BI-FAST CR TRANSFER DR 022 KREASI ABADI SELAR
2300008929;BI-FAST CR TRANSFER DR 009 ADITYA NALAWANGSA
2300014642;BI-FAST CR TRANSFER DR 542 VITA DIAN PUTRI
2300018038;BI-FAST CR TRANSFER DR 111 TAHAANI ERA DEL YA
2300018312;BI-FAST CR TRANSFER DR 002 DIASTIKA SEPHIRA A
2300016623;BI-FAST CR TRANSFER DR 535 RATIH
2300011289;BI-FAST CR TRANSFER DR 008 NOVA ANGGRAINI
2300016603;BI-FAST CR TRANSFER DR 008 DWI PUSPITA ANGGRA
2300009983;BI-FAST CR TRANSFER DR 002 NADYA SAFIRA UTARI
2300017922;BI-FAST CR TRANSFER DR 008 DINARRI
2300017571;BI-FAST CR TRANSFER DR 542 MUJAHID EL ISLAMY
2300017079;BI-FAST CR TRANSFER DR 501 Ridwan Riswandi
2300015533;BI-FAST CR TRANSFER DR 008 POLARIS INSTRUMENT
2300015203;BI-FAST CR TRANSFER DR 022 GENESIS INDONESIA
2300014669;BI-FAST CR TRANSFER DR 002 WANTI NUR CAHYANI
2300015203;BI-FAST CR TRANSFER DR 022 GENESIS INDONESIA
2300010936;BI-FAST CR TRANSFER DR 022 KAKIATNA AGRO INDO
2300010936;BI-FAST CR TRANSFER DR 022 KAKIATNA AGRO INDO
DISTRIBUTOR GREENFIELDS;BI-FAST CR TRANSFER DR 022 CLASSIC FINE FOODS
2300013650;BI-FAST CR TRANSFER DR 009 SIMSEM PAYROLL BNI
2300016215;BI-FAST CR TRANSFER DR 002 IMAM ZULKIFLI MUST
2300016248;BI-FAST CR TRANSFER DR 008 DJUWITA FANYWATI S
2300000838;BI-FAST CR TRANSFER DR 022 KITCHENETTE LESTAR
2300018273;BI-FAST CR TRANSFER DR 008 KELOLA SARANA JAYA
2300017652;BI-FAST CR TRANSFER DR 008 DAVID ROMANO L
2300016423;BI-FAST CR TRANSFER DR 008 DEA UMYATI
2300018369;BI-FAST CR TRANSFER DR 008 MARGO PUTRA WENNO
2300009752;BI-FAST CR TRANSFER DR 028 ADICIPTA BOGA INTI
2300009752;BI-FAST CR TRANSFER DR 028 ADICIPTA BOGA INTI
2300009752;BI-FAST CR TRANSFER DR 028 ADICIPTA BOGA INTI
2300017872;BI-FAST CR TRANSFER DR 008 JASA KREASI SETRIA
2300016346;BI-FAST CR TRANSFER DR 022 RUDY KURNIA SEJATI
2300017514;BI-FAST CR TRANSFER DR 008 KORI-HABITAT UNTUK
DISTRIBUTOR GREENFIELDS;BI-FAST CR TRANSFER DR 451 PTKELOLAPANGANINDO
2300016342;BI-FAST CR TRANSFER DR 002 ERLINNA SUCIAYADI
2300016133;BI-FAST CR TRANSFER DR 008 SUSI SULASTRI
2300001531;BI-FAST CR TRANSFER DR 087 YAYASAN BRITISH SC
2300016665;BI-FAST CR TRANSFER DR 008 OCTAVIANI
2300016837;BI-FAST CR TRANSFER DR 426 MAWAR SARI MAKMUR
2300016837;BI-FAST CR TRANSFER DR 426 MAWAR SARI MAKMUR
2300003940;BI-FAST CR TRANSFER DR 009 SIMSEM PAYROLL BNI
2300018416;BI-FAST CR TRANSFER DR 451 ADHIYANUARTRIKURNI
2300017022;BI-FAST CR TRANSFER DR 008 HARI NUGROHO
2300017930;BI-FAST CR TRANSFER DR 009 REZA ZIA UL RAHMAN
2300016970;BI-FAST CR TRANSFER DR 002 BOGA NIKMAT SEJAHT
2300018416;BI-FAST CR TRANSFER DR 451 ADHIYANUARTRIKURNI
2300017184;BI-FAST CR TRANSFER DR 008 MUSHAB ALI
2300017925;BI-FAST CR TRANSFER DR 535 MOHAMAD RENEY ADHI
2300018445;BI-FAST CR TRANSFER DR 009 DELLA ANANDA DAMAY
2300016738;BI-FAST CR TRANSFER DR 002 PT TIGA SEKAWAN SA
2300013666;BI-FAST CR TRANSFER DR 002 GITA DJOEANG SEJAH
2300004435;BI-FAST CR TRANSFER DR 008 AROMA HARUM LESTAR
2300018363;BI-FAST CR TRANSFER DR 008 NUSAPALA SARANA KR
2300012382;BI-FAST CR TRANSFER DR 008 DALFIAN ALNASVI
DISTRIBUTOR GREENFIELDS;BI-FAST CR TRANSFER DR 011 ANUGRAH BERKAT AND
DISTRIBUTOR GREENFIELDS;BI-FAST CR TRANSFER DR 011 ANUGRAH BERKAT AND
2300017514;BI-FAST CR TRANSFER DR 008 SAOLA-HABITAT UNTU
2300009183;BI-FAST CR TRANSFER DR 501 Diajeng Nurulita N
2300017435;BI-FAST CR TRANSFER DR 002 NUNUNG SOBIATY
2300017425;BI-FAST CR TRANSFER DR 008 AKHMAD RIZKY WICAK
2300008929;BI-FAST CR TRANSFER DR 009 ADITYA NALAWANGSA
2300017509;BI-FAST CR TRANSFER DR 008 FIRMAN ARVINDRA S
2300018072;BI-FAST CR TRANSFER DR 002 MAHENDRA DICKY SAP
2300017079;BI-FAST CR TRANSFER DR 501 Ridwan Riswandi
2300017079;BI-FAST CR TRANSFER DR 501 Ridwan Riswandi
2300017079;BI-FAST CR TRANSFER DR 501 Ridwan Riswandi
2300017838;BI-FAST CR TRANSFER DR 002 NURYANI
2300016248;BI-FAST CR TRANSFER DR 008 DJUWITA FANYWATI S
2300015249;BI-FAST CR TRANSFER DR 008 HAYKAL DZAKRY WIDJ
2300016167;BI-FAST CR TRANSFER DR 028 HIOE MELANIE PRAST
2300016253;BI-FAST CR TRANSFER DR 008 MITRA LOKACIPTA SE
2300016533;BI-FAST CR TRANSFER DR 009 FAISAL HAFIZ MAHAK
2300016249;BI-FAST CR TRANSFER DR 002 TAFIA PUTRI S. RAM
2300018369;BI-FAST CR TRANSFER DR 008 MARGO PUTRA WENNO
2300013876;BI-FAST CR TRANSFER DR 002 COTTA TERRA PRIMA
2300016611;BI-FAST CR TRANSFER DR 022 RIA SRI WOELANDARI
2300016611;BI-FAST CR TRANSFER DR 022 RIA SRI WOELANDARI
2300016611;BI-FAST CR TRANSFER DR 022 RIA SRI WOELANDARI
2300018393;BI-FAST CR TRANSFER DR 008 M SHOKHI
2300017079;BI-FAST CR TRANSFER DR 501 Ridwan Riswandi
2300017079;BI-FAST CR TRANSFER DR 501 Ridwan Riswandi
2300016346;BI-FAST CR TRANSFER DR 022 RUDY KURNIA SEJATI
2300018165;BI-FAST CR TRANSFER DR 009 MOOKIE TITIK TERAN
2300016858;BI-FAST CR TRANSFER DR 008 ELSA VERLY TAMBUNA
2300015997;BI-FAST CR TRANSFER DR 022 DEANDI PRIMOSAPUTE
2300017079;BI-FAST CR TRANSFER DR 501 Ridwan Riswandi
2300017069;BI-FAST CR TRANSFER DR 501 Genta Rama Sufis
2300017530;BI-FAST CR TRANSFER DR 002 DAPUR BOGA LESTARI
2300012940;BI-FAST CR TRANSFER DR 008 SELLY STEPANI
2300017653;BI-FAST CR TRANSFER DR 008 AGUS CHANDRA WAHYU
2300010687;BI-FAST CR TRANSFER DR 002 AGUNG PRASETYO
2300016538;BI-FAST CR TRANSFER DR 002 MUTAALIDA
2300018348;BI-FAST CR TRANSFER DR 002 RICKY YANSEN
2300018371;BI-FAST CR TRANSFER DR 426 TERRY YULIANTO VEN
2300017215;BI-FAST CR TRANSFER DR 002 ANDREAS
2300014642;BI-FAST CR TRANSFER DR 542 VITA DIAN PUTRI
2300014642;BI-FAST CR TRANSFER DR 542 VITA DIAN PUTRI
2300017034;BI-FAST CR TRANSFER DR 002 TEZAR MAULANA ZAKY
2300017079;BI-FAST CR TRANSFER DR 501 Ridwan Riswandi
2300017570;BI-FAST CR TRANSFER DR 008 AGREYA BERKAH INDO
2300015633;BI-FAST CR TRANSFER DR 028 GABRIELLA GUSTIAWA
2300015012;BI-FAST CR TRANSFER DR 501 Susanti Dewijana
2300018221;BI-FAST CR TRANSFER DR 008 MOHAMAD RIVAL
2300015777;BI-FAST CR TRANSFER DR 022 ROSSI SOFIAH HARDI
2300015833;BI-FAST CR TRANSFER DR 009 ANDHIKA NUR PRATAM
2300016883;BI-FAST CR TRANSFER DR 002 PT BUGAR JIWA RAGA
2300018416;BI-FAST CR TRANSFER DR 451 ADHIYANUARTRIKURNI
DISTRIBUTOR GREENFIELDS;BI-FAST CR TRANSFER DR 009 BERKAT LARIS GEMIL
2300018165;BI-FAST CR TRANSFER DR 009 MOOKIE TITIK TERAN
2300017079;BI-FAST CR TRANSFER DR 501 Ridwan Riswandi
2300016297;BI-FAST CR TRANSFER DR 008 GUNAWAN
2300018040;BI-FAST CR TRANSFER DR 008 IRWAN HERMAWAN
2300009752;BI-FAST CR TRANSFER DR 028 ADICIPTA BOGA INTI
2300009752;BI-FAST CR TRANSFER DR 028 ADICIPTA BOGA INTI
2300009752;BI-FAST CR TRANSFER DR 028 ADICIPTA BOGA INTI
2300009752;BI-FAST CR TRANSFER DR 028 ADICIPTA BOGA INTI
2300017184;BI-FAST CR TRANSFER DR 008 FEDERASI KANAL
2300009752;BI-FAST CR TRANSFER DR 028 ADICIPTA BOGA INTI
2300009752;BI-FAST CR TRANSFER DR 028 ADICIPTA BOGA INTI
2300009752;BI-FAST CR TRANSFER DR 028 ADICIPTA BOGA INTI
2300009752;BI-FAST CR TRANSFER DR 028 ADICIPTA BOGA INTI
2300009752;BI-FAST CR TRANSFER DR 028 ADICIPTA BOGA INTI
2300009752;BI-FAST CR TRANSFER DR 028 ADICIPTA BOGA INTI
2300009752;BI-FAST CR TRANSFER DR 028 ADICIPTA BOGA INTI
2300009752;BI-FAST CR TRANSFER DR 028 ADICIPTA BOGA INTI
2300009752;BI-FAST CR TRANSFER DR 028 ADICIPTA BOGA INTI
2300009752;BI-FAST CR TRANSFER DR 028 ADICIPTA BOGA INTI
2300009752;BI-FAST CR TRANSFER DR 028 ADICIPTA BOGA INTI
2300016970;BI-FAST CR TRANSFER DR 002 BOGA NIKMAT SEJAHT
2300017448;BI-FAST CR TRANSFER DR 002 KEENAN ARDYANTO
2300017069;BI-FAST CR TRANSFER DR 501 Genta Rama Sufis
2300016906;BI-FAST CR TRANSFER DR 008 WAHYU KURNIA
DISTRIBUTOR GREENFIELDS;BI-FAST CR TRANSFER DR 009 BERKAT LARIS GEMIL
2300016167;BI-FAST CR TRANSFER DR 028 HIOE MELANIE PRAST
2300016422;BI-FAST CR TRANSFER DR 008 MUHAMAD ARIGHI
2300016538;BI-FAST CR TRANSFER DR 002 MUTAALIDA
2300016664;BI-FAST CR TRANSFER DR 008 BERKAH BOGA MANDIR
2300017570;BI-FAST CR TRANSFER DR 008 AGREYA BERKAH INDO
2300017452;BI-FAST CR TRANSFER DR 501 Dian Kartika Nugro
2300016346;BI-FAST CR TRANSFER DR 022 RUDY KURNIA SEJATI
2300010687;BI-FAST CR TRANSFER DR 002 AGUNG PRASETYO
2300017079;BI-FAST CR TRANSFER DR 501 Ridwan Riswandi
2300010936;BI-FAST CR TRANSFER DR 022 KAKIATNA AGRO INDO
2300010936;BI-FAST CR TRANSFER DR 022 KAKIATNA AGRO INDO
2300017262;BI-FAST CR TRANSFER DR 008 KOPERASI KONSUMEN
2300018389;BI-FAST CR TRANSFER DR 008 GLOBAL SINERGI INV
2300016989;BI-FAST CR TRANSFER DR 501 Armand Hermansyah
MODERN TRADE;BI-FAST CR TRANSFER DR 002 JAKARTA SENTRA ARO
2300017156;BI-FAST CR TRANSFER DR 028 RIVA LAURITZ
2300017156;BI-FAST CR TRANSFER DR 028 RIVA LAURITZ
2300011370;BI-FAST CR TRANSFER DR 023 WANATA JAYA CIPTA,
2300017571;BI-FAST CR TRANSFER DR 542 MUJAHID EL ISLAMY
2300008929;BI-FAST CR TRANSFER DR 008 YUDHO WANDONO ANGG
2300018312;BI-FAST CR TRANSFER DR 002 DIASTIKA SEPHIRA A
2300016837;BI-FAST CR TRANSFER DR 426 MAWAR SARI MAKMUR
2300016167;BI-FAST CR TRANSFER DR 028 HIOE MELANIE PRAST
2300010531;BI-FAST CR TRANSFER DR 022 SEPULUH SEPULUH ST
2300007137;BI-FAST CR TRANSFER DR 032 PT Kerry Ingredien
2300017494;BI-FAST CR TRANSFER DR 008 MUSBAWATI KUMBU
2300017925;BI-FAST CR TRANSFER DR 535 MOHAMAD RENEY ADHI
2300011768;BI-FAST CR TRANSFER DR 031 PT TRAVELOKA INDON
2300014697;BI-FAST CR TRANSFER DR 031 PT TRINUSA TRAVELI
2300015630;BI-FAST CR TRANSFER DR 002 DINI INDRIYANI
2300017079;BI-FAST CR TRANSFER DR 501 Ridwan Riswandi
2300017079;BI-FAST CR TRANSFER DR 501 Ridwan Riswandi
2300017079;BI-FAST CR TRANSFER DR 501 Ridwan Riswandi
2300018120;BI-FAST CR TRANSFER DR 008 PADILAH
2300017652;BI-FAST CR TRANSFER DR 008 DAVID ROMANO L
2300009765;BI-FAST CR TRANSFER DR 008 ROOVEE BERKAT SENA
2300014522;BI-FAST CR TRANSFER DR 008 ROBBY NUGRAHA
2300017344;BI-FAST CR TRANSFER DR 008 RAHMITA
2300015919;BI-FAST CR TRANSFER DR 002 GEDUNG PINANG SELA
2300018369;BI-FAST CR TRANSFER DR 008 MARGO PUTRA WENNO
2300015032;BI-FAST CR TRANSFER DR 008 SIROJ JIBRIL AL RA
2300016623;BI-FAST CR TRANSFER DR 535 RATIH
2300016665;BI-FAST CR TRANSFER DR 008 OCTAVIANI
2300009765;BI-FAST CR TRANSFER DR 008 ROOVEE BERKAT SENA
2300017409;BI-FAST CR TRANSFER DR 008 SARAH AFIFAH AZ ZA
2300018416;BI-FAST CR TRANSFER DR 451 ADHIYANUARTRIKURNI
2300015284;BI-FAST CR TRANSFER DR 008 EKKY RIZKY
2300007109;BI-FAST CR TRANSFER DR 028 MAXIM JAYADI ABADI
2300007109;BI-FAST CR TRANSFER DR 028 MAXIM JAYADI ABADI
2300007215;BI-FAST CR TRANSFER DR 087 HADIPUTRANTO HADIN
2300018416;BI-FAST CR TRANSFER DR 451 ADHIYANUARTRIKURNI
2300017044;BI-FAST CR TRANSFER DR 490 ANASTALISIA KUSUMA
2300009307;BI-FAST CR TRANSFER DR 009 SATRIA MAJU BERSAM
2300009307;BI-FAST CR TRANSFER DR 009 SATRIA MAJU BERSAM
2300017168;BI-FAST CR TRANSFER DR 022 KREASI ABADI SELAR
2300010936;BI-FAST CR TRANSFER DR 022 KAKIATNA AGRO INDO
2300012432;BI-FAST CR TRANSFER DR 023 HENGKY PRASETYO
2300012044;BI-FAST CR TRANSFER DR 008 DIPURI SELARAS MEM
2300018312;BI-FAST CR TRANSFER DR 002 DIASTIKA SEPHIRA A
2300017562;BI-FAST CR TRANSFER DR 036 EASTERN EXPANDING
MODERN TRADE;BI-FAST CR TRANSFER DR 002 JAKARTA SENTRA ARO
2300018246;BI-FAST CR TRANSFER DR 008 MUTIARA PROKLAMASI
2300017930;BI-FAST CR TRANSFER DR 009 REZA ZIA UL RAHMAN
2300018348;BI-FAST CR TRANSFER DR 002 RICKY YANSEN
2300018203;BI-FAST CR TRANSFER DR 008 ELISABETH FISKARAN
2300008905;BI-FAST CR TRANSFER DR 008 TABUNGAN BISNIS PU
2300017872;BI-FAST CR TRANSFER DR 008 JASA KREASI SETRIA
2300014400;BI-FAST CR TRANSFER DR 002 FILOSOFI KOPI SEJA
2300008929;BI-FAST CR TRANSFER DR 008 YUDHO WANDONO ANGG
2300018393;BI-FAST CR TRANSFER DR 008 M SHOKHI
2300017044;BI-FAST CR TRANSFER DR 490 ANASTALISIA KUSUMA
2300008491;BI-FAST CR TRANSFER DR 008 ENDRESS+HAUSER IND
2300016664;BI-FAST CR TRANSFER DR 008 BERKAH BOGA MANDIR
2300010936;BI-FAST CR TRANSFER DR 022 KAKIATNA AGRO INDO
2300017901;BI-FAST CR TRANSFER DR 009 RFA KHARISMA INTER
2300017034;BI-FAST CR TRANSFER DR 002 TEZAR MAULANA ZAKY
2300015149;BI-FAST CR TRANSFER DR 008 ARYA PRAMANA SALIM
2300015149;BI-FAST CR TRANSFER DR 008 ARYA PRAMANA SALIM
2300017079;BI-FAST CR TRANSFER DR 501 Ridwan Riswandi
2300017079;BI-FAST CR TRANSFER DR 501 Ridwan Riswandi
2300018126;BI-FAST CR TRANSFER DR 009 ANDRI DWIANTO IRAW
2300017168;BI-FAST CR TRANSFER DR 022 KREASI ABADI SELAR
2300016423;BI-FAST CR TRANSFER DR 008 DEA UMYATI
2300009752;BI-FAST CR TRANSFER DR 028 ADICIPTA BOGA INTI
2300009752;BI-FAST CR TRANSFER DR 028 ADICIPTA BOGA INTI
2300009752;BI-FAST CR TRANSFER DR 028 ADICIPTA BOGA INTI
2300017454;BI-FAST CR TRANSFER DR 022 MINOR FOOD GROUP I
2300018369;BI-FAST CR TRANSFER DR 008 MARGO PUTRA WENNO
2300017302;BI-FAST CR TRANSFER DR 008 YOLLIE WAURAN
2300009526;BI-FAST CR TRANSFER DR 501 Ilham Hadi Praseti
2300017615;BI-FAST CR TRANSFER DR 022 PRIMA FENOMENA JAY
2300012456;BI-FAST CR TRANSFER DR 002 RINO BAGUS PRASETY
2300014906;BI-FAST CR TRANSFER DR 022 BOGA PUTRA SANTOSO
2300010516;BI-FAST CR TRANSFER DR 028 DCIKA PRIMA MAHKOT
DISTRIBUTOR GREENFIELDS;BI-FAST CR TRANSFER DR 451 PTKELOLAPANGANINDO
DISTRIBUTOR GREENFIELDS;BI-FAST CR TRANSFER DR 008 KELOLA PANGAN INDO
2300010531;BI-FAST CR TRANSFER DR 022 SEPULUH SEPULUH ST
INTERNAL GREENFIELDS;BI-FAST CR TRANSFER DR 213 MOCHAMAD AGAM HARF
2300015723;BI-FAST CR TRANSFER DR 009 SIMSEM PAYROLL BNI
2300016895;BI-FAST CR TRANSFER DR 002 NURUL WINANTI
2300017428;BI-FAST CR TRANSFER DR 009 TIGO TUNGKU SAHATI
2300017925;BI-FAST CR TRANSFER DR 535 MOHAMAD RENEY ADHI
2300012798;BI-FAST CR TRANSFER DR 451 KOPIKOPIANDBEVERAG
2300018079;BI-FAST CR TRANSFER DR 501 Jessica Kwong
2300018135;BI-FAST CR TRANSFER DR 501 Fernando Octavianu
2300008929;BI-FAST CR TRANSFER DR 008 YUDHO WANDONO ANGG
2300016880;BI-FAST CR TRANSFER DR 008 DITA FEBRIYANI SAF
2300012106;BI-FAST CR TRANSFER DR 213 EVIELINA HERMAWATY
2300014642;BI-FAST CR TRANSFER DR 542 VITA DIAN PUTRI
2300018102;BI-FAST CR TRANSFER DR 008 RAYKA INTAN SETIA
2300016259;BI-FAST CR TRANSFER DR 008 HANA RIZKA EFRILIA
2300018416;BI-FAST CR TRANSFER DR 451 ADHIYANUARTRIKURNI
2300016860;BI-FAST CR TRANSFER DR 008 HIRES KREASI PRATA
2300013152;BI-FAST CR TRANSFER DR 426 GABRIELLA ASTITI H
2300018115;BI-FAST CR TRANSFER DR 008 SISKA MULYA UTAMA
2300018066;BI-FAST CR TRANSFER DR 002 Fadlu Rochman
2300014987;BI-FAST CR TRANSFER DR 441 KIM JU HEE
2300011668;BI-FAST CR TRANSFER DR 200 KOPERASI PEGAWAI B
2000066431;BI-FAST CR TRANSFER DR 008 YUMMY FOOD UTAMA
2300017085;BI-FAST CR TRANSFER DR 023 ALEXANDRA CORRADIN
2300017069;BI-FAST CR TRANSFER DR 501 Genta Rama Sufis
2300015777;BI-FAST CR TRANSFER DR 022 ROSSI SOFIAH HARDI
2300001531;BI-FAST CR TRANSFER DR 087 YAYASAN BRITISH SC
2300016970;BI-FAST CR TRANSFER DR 002 BOGA NIKMAT SEJAHT
2300013646;BI-FAST CR TRANSFER DR 008 LAILUL MUFARIDAH
2300017570;BI-FAST CR TRANSFER DR 008 AGREYA BERKAH INDO
2300010936;BI-FAST CR TRANSFER DR 022 KAKIATNA AGRO INDO
2300010936;BI-FAST CR TRANSFER DR 022 KAKIATNA AGRO INDO
2300011370;BI-FAST CR TRANSFER DR 023 WANATA JAYA CIPTA,
2300010687;BI-FAST CR TRANSFER DR 002 AGUNG PRASETYO
2300008929;BI-FAST CR TRANSFER DR 008 YUDHO WANDONO ANGG
2300017817;BI-FAST CR TRANSFER DR 008 FINCENT EHUD LAWRE
2300017936;BI-FAST CR TRANSFER DR 008 TERIGU TELUR GULA
2300018175;BI-FAST CR TRANSFER DR 008 POLA RASA NUSANTAR
2300016032;BI-FAST CR TRANSFER DR 451 STEVIFEBRIANTO
2300012502;BI-FAST CR TRANSFER DR 008 MUHAMMAD OVIE PALK
2300015661;BI-FAST CR TRANSFER DR 002 PT SAYAP SUKSES SE
2300014642;BI-FAST CR TRANSFER DR 542 VITA DIAN PUTRI
DISTRIBUTOR GREENFIELDS;BI-FAST CR TRANSFER DR 009 BERKAT LARIS GEMIL
2300018416;BI-FAST CR TRANSFER DR 451 ADHIYANUARTRIKURNI
2300017570;BI-FAST CR TRANSFER DR 008 AGREYA BERKAH INDO
2300018312;BI-FAST CR TRANSFER DR 002 DIASTIKA SEPHIRA A
2300017653;BI-FAST CR TRANSFER DR 008 AGUS CHANDRA WAHYU
MODERN TRADE;BI-FAST CR TRANSFER DR 002 JAKARTA SENTRA ARO
2300014933;BI-FAST CR TRANSFER DR 451 KOPKARSYAHBSIQQKRW
2300018393;BI-FAST CR TRANSFER DR 008 M SHOKHI
2300010687;BI-FAST CR TRANSFER DR 002 AGUNG PRASETYO
2300016346;BI-FAST CR TRANSFER DR 022 RUDY KURNIA SEJATI
2300016890;BI-FAST CR TRANSFER DR 002 MOHAMAD FIRMAN SYA
2300010516;BI-FAST CR TRANSFER DR 028 DCIKA PRIMA MAHKOT
2300013666;BI-FAST CR TRANSFER DR 002 GITA DJOEANG SEJAH
2300018369;BI-FAST CR TRANSFER DR 008 MARGO PUTRA WENNO
2300017652;BI-FAST CR TRANSFER DR 008 DAVID ROMANO L
2300007109;BI-FAST CR TRANSFER DR 028 MAXIM JAYADI ABADI
2300007109;BI-FAST CR TRANSFER DR 028 MAXIM JAYADI ABADI
2300017838;BI-FAST CR TRANSFER DR 002 NURYANI
2300012969;BI-FAST CR TRANSFER DR 008 FEBA FABIOLA AFFAN
2300016665;BI-FAST CR TRANSFER DR 008 OCTAVIANI
2300009646;BI-FAST CR TRANSFER DR 213 OVI TERAYANA DHARM
2300017079;BI-FAST CR TRANSFER DR 501 Ridwan Riswandi
2300017079;BI-FAST CR TRANSFER DR 501 Ridwan Riswandi
2300007137;BI-FAST CR TRANSFER DR 032 PT Kerry Ingredien
2300016122;BI-FAST CR TRANSFER DR 523 EXPAT Roasters
2300017530;BI-FAST CR TRANSFER DR 002 DAPUR BOGA LESTARI
2300017382;BI-FAST CR TRANSFER DR 542 FARIS BUDIMAN ANNA
2300016032;BI-FAST CR TRANSFER DR 451 STEVIFEBRIANTO
2300014697;BI-FAST CR TRANSFER DR 031 PT TRINUSA TRAVELI
2300017156;BI-FAST CR TRANSFER DR 028 RIVA LAURITZ
2300017156;BI-FAST CR TRANSFER DR 028 RIVA LAURITZ
2300016215;BI-FAST CR TRANSFER DR 002 ACHMAD JUPRI
2300016562;BI-FAST CR TRANSFER DR 008 MAKY GROUP INDONES
2300018459;BI-FAST CR TRANSFER DR 562 LIM DIANA
2300010936;BI-FAST CR TRANSFER DR 022 KAKIATNA AGRO INDO
2300010936;BI-FAST CR TRANSFER DR 022 KAKIATNA AGRO INDO
2300015852;BI-FAST CR TRANSFER DR 501 Maria Magdalena Pe
2300015919;BI-FAST CR TRANSFER DR 002 GEDUNG PINANG SELA
2300007137;BI-FAST CR TRANSFER DR 032 PT Kerry Ingredien
2300012940;BI-FAST CR TRANSFER DR 008 SELLY STEPANI
2300008491;BI-FAST CR TRANSFER DR 008 ENDRESS+HAUSER IND
2300016623;BI-FAST CR TRANSFER DR 535 RATIH
2300018393;BI-FAST CR TRANSFER DR 008 M SHOKHI
2300008691;BI-FAST CR TRANSFER DR 022 HERBERT TANUDJAJA
2300008691;BI-FAST CR TRANSFER DR 022 HERBERT TANUDJAJA
2300008691;BI-FAST CR TRANSFER DR 022 HERBERT TANUDJAJA
2300015833;BI-FAST CR TRANSFER DR 009 ANDHIKA NUR PRATAM
2300018445;BI-FAST CR TRANSFER DR 009 DELLA ANANDA DAMAY
2300018416;BI-FAST CR TRANSFER DR 451 ADHIYANUARTRIKURNI
2300017448;BI-FAST CR TRANSFER DR 002 KEENAN ARDYANTO
2300001305;BI-FAST CR TRANSFER DR 008 RAJA RASA ALAMI
2300000838;BI-FAST CR TRANSFER DR 022 KITCHENETTE LESTAR
2300017079;BI-FAST CR TRANSFER DR 501 Ridwan Riswandi
2300009307;BI-FAST CR TRANSFER DR 009 SATRIA MAJU BERSAM
2300015203;BI-FAST CR TRANSFER DR 022 GENESIS INDONESIA
2300008929;BI-FAST CR TRANSFER DR 008 YUDHO WANDONO ANGG
2300001056;BI-FAST CR TRANSFER DR 008 GEETEE ROSEN TANUW
2300016285;BI-FAST CR TRANSFER DR 037 GROOCERIES CITY IN
2300017289;BI-FAST CR TRANSFER DR 008 MITRA DAGANG MADAN
2300017872;BI-FAST CR TRANSFER DR 008 JASA KREASI SETRIA
2300010936;BI-FAST CR TRANSFER DR 022 KAKIATNA AGRO INDO
2300010936;BI-FAST CR TRANSFER DR 022 KAKIATNA AGRO INDO
2300009526;BI-FAST CR TRANSFER DR 501 Ilham Hadi Praseti
2300018369;BI-FAST CR TRANSFER DR 008 MARGO PUTRA WENNO
2300018120;BI-FAST CR TRANSFER DR 008 PADILAH
2300016664;BI-FAST CR TRANSFER DR 008 BERKAH BOGA MANDIR
2300016664;BI-FAST CR TRANSFER DR 008 BERKAH BOGA MANDIR
2300006925;BI-FAST CR TRANSFER DR 009 VIDYANTI
2300009752;BI-FAST CR TRANSFER DR 028 ADICIPTA BOGA INTI
2300009752;BI-FAST CR TRANSFER DR 028 ADICIPTA BOGA INTI
2300009752;BI-FAST CR TRANSFER DR 028 ADICIPTA BOGA INTI
2300009752;BI-FAST CR TRANSFER DR 028 ADICIPTA BOGA INTI
2300009752;BI-FAST CR TRANSFER DR 028 ADICIPTA BOGA INTI
2300009752;BI-FAST CR TRANSFER DR 028 ADICIPTA BOGA INTI
2300009752;BI-FAST CR TRANSFER DR 028 ADICIPTA BOGA INTI
2300009752;BI-FAST CR TRANSFER DR 028 ADICIPTA BOGA INTI
2300009752;BI-FAST CR TRANSFER DR 028 ADICIPTA BOGA INTI
2300009752;BI-FAST CR TRANSFER DR 028 ADICIPTA BOGA INTI
2300017079;BI-FAST CR TRANSFER DR 501 Ridwan Riswandi
2300017901;BI-FAST CR TRANSFER DR 009 RFA KHARISMA INTER
2300017079;BI-FAST CR TRANSFER DR 501 Ridwan Riswandi
2300018371;BI-FAST CR TRANSFER DR 426 TERRY YULIANTO VEN
2300008905;BI-FAST CR TRANSFER DR 008 TABUNGAN BISNIS PU
2300016167;BI-FAST CR TRANSFER DR 028 HIOE MELANIE PRAST
2300018416;BI-FAST CR TRANSFER DR 451 ADHIYANUARTRIKURNI
2300011171;BI-FAST CR TRANSFER DR 002 PUNCAK LEMBAH HIJA
2300015797;BI-FAST CR TRANSFER DR 523 Dari Bloomery Seka
2300017184;BI-FAST CR TRANSFER DR 008 MUSHAB ALI
2300015012;BI-FAST CR TRANSFER DR 501 Susanti Dewijana
2300018135;BI-FAST CR TRANSFER DR 501 Fernando Octavianu
2300017930;BI-FAST CR TRANSFER DR 009 REZA ZIA UL RAHMAN
2300004907;BI-FAST CR TRANSFER DR 008 KETJIL KREASI SIGN
2300016346;BI-FAST CR TRANSFER DR 022 RUDY KURNIA SEJATI
2300016346;BI-FAST CR TRANSFER DR 022 RUDY KURNIA SEJATI
2300017192;BI-FAST CR TRANSFER DR 008 OKA FRANSISKA
2300016249;BI-FAST CR TRANSFER DR 008 TAFIA PUTRI S. RAM
2300017400;BI-FAST CR TRANSFER DR 002 VIVI ANGELINA
2300010687;BI-FAST CR TRANSFER DR 002 AGUNG PRASETYO
2300015633;BI-FAST CR TRANSFER DR 028 GABRIELLA GUSTIAWA
DISTRIBUTOR GREENFIELDS;BI-FAST CR TRANSFER DR 451 PTKELOLAPANGANINDO
2300015435;BI-FAST CR TRANSFER DR 008 PUTRA JAYUSA
2300014642;BI-FAST CR TRANSFER DR 542 VITA DIAN PUTRI
2300017079;BI-FAST CR TRANSFER DR 501 Ridwan Riswandi
2300017079;BI-FAST CR TRANSFER DR 501 Ridwan Riswandi
2300017079;BI-FAST CR TRANSFER DR 501 Ridwan Riswandi
2300017570;BI-FAST CR TRANSFER DR 008 AGREYA BERKAH INDO
2300008929;BI-FAST CR TRANSFER DR 008 YUDHO WANDONO ANGG
2300018508;BI-FAST CR TRANSFER DR 022 NDAN MASBON USARI
2300017069;BI-FAST CR TRANSFER DR 501 Genta Rama Sufis
2300016167;BI-FAST CR TRANSFER DR 028 HIOE MELANIE PRAST
2300012502;BI-FAST CR TRANSFER DR 008 MUHAMMAD OVIE PALK
2300016611;BI-FAST CR TRANSFER DR 022 RIA SRI WOELANDARI
2300016611;BI-FAST CR TRANSFER DR 022 RIA SRI WOELANDARI
2300018363;BI-FAST CR TRANSFER DR 008 NUSAPALA SARANA KR
2300005920;BI-FAST CR TRANSFER DR 451 VERNANDAPUSPANINGG
2300016890;BI-FAST CR TRANSFER DR 002 MOHAMAD FIRMAN SYA
2300012044;BI-FAST CR TRANSFER DR 008 DIPURI SELARAS MEM
2300018393;BI-FAST CR TRANSFER DR 008 M SHOKHI
2300013646;BI-FAST CR TRANSFER DR 008 LAILUL MUFARIDAH
2300010936;BI-FAST CR TRANSFER DR 022 KAKIATNA AGRO INDO
2300010936;BI-FAST CR TRANSFER DR 022 KAKIATNA AGRO INDO
2300008929;BI-FAST CR TRANSFER DR 008 YUDHO WANDONO ANGG
2300016989;BI-FAST CR TRANSFER DR 501 Armand Hermansyah
2300015533;BI-FAST CR TRANSFER DR 008 POLARIS INSTRUMENT
2300015533;BI-FAST CR TRANSFER DR 008 POLARIS INSTRUMENT
2300013650;BI-FAST CR TRANSFER DR 009 SIMSEM PAYROLL BNI
2300018444;BI-FAST CR TRANSFER DR 008 LESTARI
2300018203;BI-FAST CR TRANSFER DR 008 ELISABETH FISKARAN
2300015482;BI-FAST CR TRANSFER DR 002 ROY GUSERNI
2300018244;BI-FAST CR TRANSFER DR 008 ATY KARYATI
2300010687;BI-FAST CR TRANSFER DR 002 AGUNG PRASETYO
2300017382;BI-FAST CR TRANSFER DR 542 FARIS BUDIMAN ANNA
2300015249;BI-FAST CR TRANSFER DR 008 HAYKAL DZAKRY WIDJ
2300016167;BI-FAST CR TRANSFER DR 028 HIOE MELANIE PRAST
2300016837;BI-FAST CR TRANSFER DR 426 MAWAR SARI MAKMUR
2300017409;BI-FAST CR TRANSFER DR 008 SARAH AFIFAH AZ ZA
2300016738;BI-FAST CR TRANSFER DR 002 PT TIGA SEKAWAN SA
2300007028;BI-FAST CR TRANSFER DR 013 RITA SUKMAWANGI,SE
2300014400;BI-FAST CR TRANSFER DR 002 FILOSOFI KOPI SEJA
2300015575;BI-FAST CR TRANSFER DR 451 NURHAYATI
2300018369;BI-FAST CR TRANSFER DR 008 MARGO PUTRA WENNO
2300017936;BI-FAST CR TRANSFER DR 008 TERIGU TELUR GULA
2300017936;BI-FAST CR TRANSFER DR 008 TERIGU TELUR GULA
2300017156;BI-FAST CR TRANSFER DR 028 RIVA LAURITZ
2300018348;BI-FAST CR TRANSFER DR 002 RICKY YANSEN
2300018495;BI-FAST CR TRANSFER DR 008 MUAMMAR FASYARI
2300018416;BI-FAST CR TRANSFER DR 451 ADHIYANUARTRIKURNI
2300016133;BI-FAST CR TRANSFER DR 008 SUSI SULASTRI
2300017530;BI-FAST CR TRANSFER DR 002 DAPUR BOGA LESTARI
2300017530;BI-FAST CR TRANSFER DR 002 DAPUR BOGA LESTARI
2300017530;BI-FAST CR TRANSFER DR 002 DAPUR BOGA LESTARI
2300017530;BI-FAST CR TRANSFER DR 002 DAPUR BOGA LESTARI
2300017034;BI-FAST CR TRANSFER DR 002 TEZAR MAULANA ZAKY
2300017899;BI-FAST CR TRANSFER DR 046 SUROSO SP
2300017899;BI-FAST CR TRANSFER DR 046 SUROSO SP
2300017514;BI-FAST CR TRANSFER DR 008 SAOLA-HABITAT UNTU
2300017514;BI-FAST CR TRANSFER DR 008 KORI-HABITAT UNTUK
2300011289;BI-FAST CR TRANSFER DR 008 NOVA ANGGRAINI
2300009183;BI-FAST CR TRANSFER DR 501 Diajeng Nurulita N
2300009183;BI-FAST CR TRANSFER DR 501 Diajeng Nurulita N
2300009183;BI-FAST CR TRANSFER DR 501 Diajeng Nurulita N
2300007137;BI-FAST CR TRANSFER DR 032 PT Kerry Ingredien
2300018040;BI-FAST CR TRANSFER DR 008 IRWAN HERMAWAN
2300018244;BI-FAST CR TRANSFER DR 008 ATY KARYATI
2300015777;BI-FAST CR TRANSFER DR 022 ROSSI SOFIAH HARDI
2300017570;BI-FAST CR TRANSFER DR 008 AGREYA BERKAH INDO
2300012969;BI-FAST CR TRANSFER DR 008 FEBA FABIOLA AFFAN
2300017079;BI-FAST CR TRANSFER DR 501 Ridwan Riswandi
2300017079;BI-FAST CR TRANSFER DR 501 Ridwan Riswandi
2300009526;BI-FAST CR TRANSFER DR 535 ILHAM HADI PRASETI
2300008929;BI-FAST CR TRANSFER DR 008 YUDHO WANDONO ANGG
2300018272;BI-FAST CR TRANSFER DR 002 FEBRIKA RIZKI FANO
2300016533;BI-FAST CR TRANSFER DR 009 FAISAL HAFIZ MAHAK
2300017570;BI-FAST CR TRANSFER DR 008 AGREYA BERKAH INDO
2300018398;BI-FAST CR TRANSFER DR 022 SUMMARECON AGUNG
2300017922;BI-FAST CR TRANSFER DR 008 DINARRI
DISTRIBUTOR GREENFIELDS;BI-FAST CR TRANSFER DR 451 PTKELOLAPANGANINDO
2300014933;BI-FAST CR TRANSFER DR 451 KOPKARSYAHBSIQQKRW
2300016285;BI-FAST CR TRANSFER DR 037 GROOCERIES CITY IN
2300018312;BI-FAST CR TRANSFER DR 002 DIASTIKA SEPHIRA A
2300015931;BI-FAST CR TRANSFER DR 028 ISYE FITRIYULIASTU
2300012106;BI-FAST CR TRANSFER DR 213 EVIELINA HERMAWATY
2300000925;BI-FAST CR TRANSFER DR 022 PRIMA ISMAYA SEJAH
2300012940;BI-FAST CR TRANSFER DR 008 SELLY STEPANI
2300010936;BI-FAST CR TRANSFER DR 022 KAKIATNA AGRO INDO
2300010936;BI-FAST CR TRANSFER DR 022 KAKIATNA AGRO INDO
2300016603;BI-FAST CR TRANSFER DR 008 DWI PUSPITA ANGGRA
2300012585;BI-FAST CR TRANSFER DR 008 KELVIN GERALD M.BA
2300011171;BI-FAST CR TRANSFER DR 002 PUNCAK LEMBAH HIJA
2300017428;BI-FAST CR TRANSFER DR 009 TIGO TUNGKU SAHATI
2300017079;BI-FAST CR TRANSFER DR 501 Ridwan Riswandi
2300018066;BI-FAST CR TRANSFER DR 002 Fadlu Rochman
2300010687;BI-FAST CR TRANSFER DR 002 AGUNG PRASETYO
2300018049;BI-FAST CR TRANSFER DR 002 YOU KALTIM
2300018371;BI-FAST CR TRANSFER DR 426 TERRY YULIANTO VEN
2300018445;BI-FAST CR TRANSFER DR 009 DELLA ANANDA DAMAY
2300015203;BI-FAST CR TRANSFER DR 022 GENESIS INDONESIA
2300017872;BI-FAST CR TRANSFER DR 008 JASA KREASI SETRIA
2300018369;BI-FAST CR TRANSFER DR 008 MARGO PUTRA WENNO
2300009192;BI-FAST CR TRANSFER DR 022 CLASSIC FINE FOODS
2300014400;BI-FAST CR TRANSFER DR 002 FILOSOFI KOPI SEJA
2300009752;BI-FAST CR TRANSFER DR 028 ADICIPTA BOGA INTI
2300009752;BI-FAST CR TRANSFER DR 028 ADICIPTA BOGA INTI
2300009752;BI-FAST CR TRANSFER DR 028 ADICIPTA BOGA INTI
2300009752;BI-FAST CR TRANSFER DR 028 ADICIPTA BOGA INTI
2300017615;BI-FAST CR TRANSFER DR 022 PRIMA FENOMENA JAY
2300009752;BI-FAST CR TRANSFER DR 028 ADICIPTA BOGA INTI
2300009752;BI-FAST CR TRANSFER DR 028 ADICIPTA BOGA INTI
2300017653;BI-FAST CR TRANSFER DR 008 AGUS CHANDRA WAHYU
2300015661;BI-FAST CR TRANSFER DR 002 PT SAYAP SUKSES SE
2300015203;BI-FAST CR TRANSFER DR 022 GENESIS INDONESIA
2300016665;BI-FAST CR TRANSFER DR 008 OCTAVIANI
2300010531;BI-FAST CR TRANSFER DR 022 SEPULUH SEPULUH ST
2300017570;BI-FAST CR TRANSFER DR 008 AGREYA BERKAH INDO
2300008929;BI-FAST CR TRANSFER DR 008 YUDHO WANDONO ANGG
2300016664;BI-FAST CR TRANSFER DR 008 BERKAH BOGA MANDIR
2300016611;BI-FAST CR TRANSFER DR 022 RIA SRI WOELANDARI
2300016611;BI-FAST CR TRANSFER DR 022 RIA SRI WOELANDARI
2300017789;BI-FAST CR TRANSFER DR 008 AGUNG BUDI UTOMO
2300017215;BI-FAST CR TRANSFER DR 002 ANDREAS
2300013666;BI-FAST CR TRANSFER DR 002 GITA DJOEANG SEJAH
2300015833;BI-FAST CR TRANSFER DR 009 ANDHIKA NUR PRATAM
2300014982;BI-FAST CR TRANSFER DR 013 FLIPTECH LENTERA I
2300014982;BI-FAST CR TRANSFER DR 013 FLIPTECH LENTERA I
2300016738;BI-FAST CR TRANSFER DR 002 PT TIGA SEKAWAN SA
2300017652;BI-FAST CR TRANSFER DR 008 DAVID ROMANO L
2300014933;BI-FAST CR TRANSFER DR 451 KOPKARSYAHBSIQQKRW
2300017123;BI-FAST CR TRANSFER DR 008 I GST AYU AGUNG MA
2300015319;BI-FAST CR TRANSFER DR 542 Jeff Ardian Sugand
2300017168;BI-FAST CR TRANSFER DR 022 KREASI ABADI SELAR
2300010936;BI-FAST CR TRANSFER DR 022 KAKIATNA AGRO INDO
2300010936;BI-FAST CR TRANSFER DR 022 KAKIATNA AGRO INDO
2300017262;BI-FAST CR TRANSFER DR 008 KOPERASI KONSUMEN
2300018444;BI-FAST CR TRANSFER DR 008 LESTARI
2300016167;BI-FAST CR TRANSFER DR 028 HIOE MELANIE PRAST
2300016167;BI-FAST CR TRANSFER DR 028 HIOE MELANIE PRAST
2300015997;BI-FAST CR TRANSFER DR 022 DEANDI PRIMOSAPUTE
2300016623;BI-FAST CR TRANSFER DR 535 RATIH
2300015977;BI-FAST CR TRANSFER DR 008 BERKAT INTI SELARA
2300017492;BI-FAST CR TRANSFER DR 009 MAYA JOESTITA ROCH
2300018416;BI-FAST CR TRANSFER DR 451 ADHIYANUARTRIKURNI
2300018498;BI-FAST CR TRANSFER DR 501 Ipan Muhamad Supan
2300017079;BI-FAST CR TRANSFER DR 501 Ridwan Riswandi
2300017079;BI-FAST CR TRANSFER DR 501 Ridwan Riswandi
2300017078;BI-FAST CR TRANSFER DR 501 Rafly Rihza Arrohi
2300016346;BI-FAST CR TRANSFER DR 022 RUDY KURNIA SEJATI
2300013650;BI-FAST CR TRANSFER DR 009 SIMSEM PAYROLL BNI
2300016423;BI-FAST CR TRANSFER DR 008 DEA UMYATI
2300008929;BI-FAST CR TRANSFER DR 008 YUDHO WANDONO ANGG
2300018369;BI-FAST CR TRANSFER DR 008 MARGO PUTRA WENNO
2300018244;BI-FAST CR TRANSFER DR 008 ATY KARYATI
2300014642;BI-FAST CR TRANSFER DR 542 VITA DIAN PUTRI
2300014642;BI-FAST CR TRANSFER DR 542 VITA DIAN PUTRI
2300016996;BI-FAST CR TRANSFER DR 002 POCUT AMANDA SYAHR
2300009771;BI-FAST CR TRANSFER DR 028 KOPITAGRAM SERUPUT
2300017492;BI-FAST CR TRANSFER DR 009 MAYA JOESTITA ROCH
2300013595;BI-FAST CR TRANSFER DR 009 SUASANA KREATIF IN
2300017079;BI-FAST CR TRANSFER DR 501 Ridwan Riswandi
2300016944;BI-FAST CR TRANSFER DR 008 SRI RAHMAWATI
2300015209;BI-FAST CR TRANSFER DR 153 CV BARU TANJAKAN
2300014329;BI-FAST CR TRANSFER DR 153 CV CATUR NIAGA SEN
2300014944;BI-FAST CR TRANSFER DR 153 CV MADI MARI BERJA
2300016062;BI-FAST CR TRANSFER DR 008 CAHAYA INDAH ASIA
2300017922;BI-FAST CR TRANSFER DR 008 DINARRI
2300018053;BI-FAST CR TRANSFER DR 008 TRI SUBAGYO
2300011782;BI-FAST CR TRANSFER DR 535 VEGA DIAN ISTIQOMA
2300017570;BI-FAST CR TRANSFER DR 008 AGREYA BERKAH INDO
2300016346;BI-FAST CR TRANSFER DR 022 RUDY KURNIA SEJATI
2300018416;BI-FAST CR TRANSFER DR 451 ADHIYANUARTRIKURNI
2300016346;BI-FAST CR TRANSFER DR 022 RUDY KURNIA SEJATI
2300017085;BI-FAST CR TRANSFER DR 023 ALEXANDRA CORRADIN
2300008929;BI-FAST CR TRANSFER DR 008 YUDHO WANDONO ANGG
2300016989;BI-FAST CR TRANSFER DR 501 Armand Hermansyah
2300015533;BI-FAST CR TRANSFER DR 008 POLARIS INSTRUMENT
2000066431;BI-FAST CR TRANSFER DR 008 YUMMY FOOD UTAMA
2300010936;BI-FAST CR TRANSFER DR 022 KAKIATNA AGRO INDO
2300010936;BI-FAST CR TRANSFER DR 022 KAKIATNA AGRO INDO
2300016737;BI-FAST CR TRANSFER DR 501 Richelle Briana Ha
2300017156;BI-FAST CR TRANSFER DR 028 RIVA LAURITZ
2300018312;BI-FAST CR TRANSFER DR 002 DIASTIKA SEPHIRA A
2300017930;BI-FAST CR TRANSFER DR 009 REZA ZIA UL RAHMAN
2300018120;BI-FAST CR TRANSFER DR 008 RISSA AULIA
2300005430;BI-FAST CR TRANSFER DR 008 JALAN SALURAN BERK
2300009752;BI-FAST CR TRANSFER DR 028 ADICIPTA BOGA INTI
2300009752;BI-FAST CR TRANSFER DR 028 ADICIPTA BOGA INTI
2300009752;BI-FAST CR TRANSFER DR 028 ADICIPTA BOGA INTI
2300017156;BI-FAST CR TRANSFER DR 028 RIVA LAURITZ
2300017289;BI-FAST CR TRANSFER DR 008 MITRA DAGANG MADAN
2300017289;BI-FAST CR TRANSFER DR 008 MITRA DAGANG MADAN
2300016384;BI-FAST CR TRANSFER DR 213 REGIA SETIA GRANDI
2300016906;BI-FAST CR TRANSFER DR 008 WAHYU KURNIA
2300017022;BI-FAST CR TRANSFER DR 008 HARI NUGROHO
2300008706;BI-FAST CR TRANSFER DR 008 ESTI NOVIASARI
2300017037;BI-FAST CR TRANSFER DR 451 NURULHUMAIROH
2300017864;BI-FAST CR TRANSFER DR 008 DEDI KURNIAWAN SAP
2300017085;BI-FAST CR TRANSFER DR 023 ALEXANDRA CORRADIN
2300016259;BI-FAST CR TRANSFER DR 008 HANA RIZKA EFRILIA
2300018477;BI-FAST CR TRANSFER DR 002 RATIH MULYA WULAN
2300014979;BI-FAST CR TRANSFER DR 008 ATON YULIANTO
2300017425;BI-FAST CR TRANSFER DR 008 AKHMAD RIZKY WICAK
2300017936;BI-FAST CR TRANSFER DR 008 TERIGU TELUR GULA
2300015533;BI-FAST CR TRANSFER DR 008 POLARIS INSTRUMENT
2300013780;BI-FAST CR TRANSFER DR 008 JEDO ABADI LESTARI
2300017215;BI-FAST CR TRANSFER DR 002 ANDREAS
2300016809;BI-FAST CR TRANSFER DR 008 SEGAR TIRTA UTAMA
2300011370;BI-FAST CR TRANSFER DR 023 WANATA JAYA CIPTA,
2300017079;BI-FAST CR TRANSFER DR 501 Ridwan Riswandi
2300018072;BI-FAST CR TRANSFER DR 002 MAHENDRA DICKY SAP
2300018320;BI-FAST CR TRANSFER DR 501 Ferry Ferdian
2300012801;BI-FAST CR TRANSFER DR 008 UMIATY HASANAH
2300017044;BI-FAST CR TRANSFER DR 490 ANASTALISIA KUSUMA
2300018483;BI-FAST CR TRANSFER DR 451 WINDAARINAWATI
2300017530;BI-FAST CR TRANSFER DR 002 DAPUR BOGA LESTARI
2300018508;BI-FAST CR TRANSFER DR 022 NDAN MASBON USARI
2300016779;BI-FAST CR TRANSFER DR 022 BAKU SAYANG PESANG
2300018564;BI-FAST CR TRANSFER DR 002 MULTI ALAM NUSANTA
2300017044;BI-FAST CR TRANSFER DR 490 ANASTALISIA KUSUMA
2300017409;BI-FAST CR TRANSFER DR 008 SARAH AFIFAH AZ ZA
2300007137;BI-FAST CR TRANSFER DR 032 PT Kerry Ingredien
2300010687;BI-FAST CR TRANSFER DR 002 AGUNG PRASETYO
2300018444;BI-FAST CR TRANSFER DR 008 LESTARI
2300018393;BI-FAST CR TRANSFER DR 008 M SHOKHI
2300017156;BI-FAST CR TRANSFER DR 028 RIVA LAURITZ
2300018416;BI-FAST CR TRANSFER DR 451 ADHIYANUARTRIKURNI
2300015777;BI-FAST CR TRANSFER DR 022 ROSSI SOFIAH HARDI
2300006293;BI-FAST CR TRANSFER DR 009 ZAHRA NUR AZIZAH
2300013152;BI-FAST CR TRANSFER DR 426 GABRIELLA ASTITI H
2300017571;BI-FAST CR TRANSFER DR 535 MUJAHID EL ISLAMY
2300006313;BI-FAST CR TRANSFER DR 008 ABIRAMA MAKMUR SED
2300010936;BI-FAST CR TRANSFER DR 022 KAKIATNA AGRO INDO
2300010936;BI-FAST CR TRANSFER DR 022 KAKIATNA AGRO INDO
2300016423;BI-FAST CR TRANSFER DR 008 DEA UMYATI
2300017652;BI-FAST CR TRANSFER DR 008 DAVID ROMANO L
2300017872;BI-FAST CR TRANSFER DR 008 JASA KREASI SETRIA
2300015852;BI-FAST CR TRANSFER DR 501 Maria Magdalena Pe
2300018135;BI-FAST CR TRANSFER DR 501 Fernando Octavianu
2300018389;BI-FAST CR TRANSFER DR 008 GLOBAL SINERGI INV
2300010105;BI-FAST CR TRANSFER DR 008 KOPKAR MADANI ASTR
2300018175;BI-FAST CR TRANSFER DR 008 POLA RASA NUSANTAR
2300017570;BI-FAST CR TRANSFER DR 008 AGREYA BERKAH INDO
2300017034;BI-FAST CR TRANSFER DR 002 TEZAR MAULANA ZAKY
2300007137;BI-FAST CR TRANSFER DR 032 PT Kerry Ingredien
2300015032;BI-FAST CR TRANSFER DR 008 SIROJ JIBRIL AL RA
2300011171;BI-FAST CR TRANSFER DR 002 PUNCAK LEMBAH HIJA
2300016167;BI-FAST CR TRANSFER DR 028 HIOE MELANIE PRAST
2300012450;BI-FAST CR TRANSFER DR 008 RIDWAN ADI PRATAMA
2300015482;BI-FAST CR TRANSFER DR 002 ROY GUSERNI
2300015633;BI-FAST CR TRANSFER DR 028 GABRIELLA GUSTIAWA
2300017079;BI-FAST CR TRANSFER DR 501 Ridwan Riswandi
2300017079;BI-FAST CR TRANSFER DR 501 Ridwan Riswandi
2300017079;BI-FAST CR TRANSFER DR 501 Ridwan Riswandi
2300017079;BI-FAST CR TRANSFER DR 501 Ridwan Riswandi
2300016062;BI-FAST CR TRANSFER DR 008 CAHAYA INDAH ASIA
2300018369;BI-FAST CR TRANSFER DR 008 MARGO PUTRA WENNO
2300015919;BI-FAST CR TRANSFER DR 002 GEDUNG PINANG SELA
2300016056;BI-FAST CR TRANSFER DR 213 AGUR HARJANTO
2300016249;BI-FAST CR TRANSFER DR 008 TAFIA PUTRI S. RAM
2300009183;BI-FAST CR TRANSFER DR 501 Diajeng Nurulita N
2300009183;BI-FAST CR TRANSFER DR 501 Diajeng Nurulita N
2300012940;BI-FAST CR TRANSFER DR 008 SELLY STEPANI
2300007109;BI-FAST CR TRANSFER DR 028 MAXIM JAYADI ABADI
2300007109;BI-FAST CR TRANSFER DR 028 MAXIM JAYADI ABADI
2300008691;BI-FAST CR TRANSFER DR 022 HERBERT TANUDJAJA
2300016664;BI-FAST CR TRANSFER DR 008 BERKAH BOGA MANDIR
2300014400;BI-FAST CR TRANSFER DR 002 FILOSOFI KOPI SEJA
2300016664;BI-FAST CR TRANSFER DR 008 BERKAH BOGA MANDIR
2300015203;BI-FAST CR TRANSFER DR 022 GENESIS INDONESIA
2300018416;BI-FAST CR TRANSFER DR 451 ADHIYANUARTRIKURNI
2300010687;BI-FAST CR TRANSFER DR 002 AGUNG PRASETYO
2300017302;BI-FAST CR TRANSFER DR 008 YOLLIE WAURAN
2000066431;BI-FAST CR TRANSFER DR 008 YUMMY FOOD UTAMA
2300010936;BI-FAST CR TRANSFER DR 022 KAKIATNA AGRO INDO
2300010936;BI-FAST CR TRANSFER DR 022 KAKIATNA AGRO INDO
2300015106;BI-FAST CR TRANSFER DR 008 NVT SAKTI INDONESI
2300012456;BI-FAST CR TRANSFER DR 002 RINO BAGUS PRASETY
2300018244;BI-FAST CR TRANSFER DR 008 ATY KARYATI
2300018019;BI-FAST CR TRANSFER DR 008 MUHAMMAD ERDITANTO
2300009192;BI-FAST CR TRANSFER DR 022 CLASSIC FINE FOODS
2300018504;BI-FAST CR TRANSFER DR 008 DEDE GUNAWAN
2300016215;BI-FAST CR TRANSFER DR 002 ACHMAD JUPRI
2300008929;BI-FAST CR TRANSFER DR 008 YUDHO WANDONO ANGG
2300013207;BI-FAST CR TRANSFER DR 002 Q-THA SURYA PRATAM
2300012969;BI-FAST CR TRANSFER DR 008 FEBA FABIOLA AFFAN
2300016665;BI-FAST CR TRANSFER DR 008 OCTAVIANI
2300017509;BI-FAST CR TRANSFER DR 008 FIRMAN ARVINDRA S
2300013876;BI-FAST CR TRANSFER DR 002 COTTA TERRA PRIMA
2300017570;BI-FAST CR TRANSFER DR 008 AGREYA BERKAH INDO
2300017570;BI-FAST CR TRANSFER DR 008 AGREYA BERKAH INDO
2300017570;BI-FAST CR TRANSFER DR 008 AGREYA BERKAH INDO
2300018495;BI-FAST CR TRANSFER DR 008 MUAMMAR FASYARI
2300016944;BI-FAST CR TRANSFER DR 008 SRI RAHMAWATI
2300017123;BI-FAST CR TRANSFER DR 008 I GST AYU AGUNG MA
2300016249;BI-FAST CR TRANSFER DR 002 TAFIA PUTRI S. RAM
2300013666;BI-FAST CR TRANSFER DR 002 GITA DJOEANG SEJAH
2300018416;BI-FAST CR TRANSFER DR 451 ADHIYANUARTRIKURNI
2300018312;BI-FAST CR TRANSFER DR 002 DIASTIKA SEPHIRA A
2300018320;BI-FAST CR TRANSFER DR 501 Ferry Ferdian
2300017653;BI-FAST CR TRANSFER DR 008 AGUS CHANDRA WAHYU
2300016860;BI-FAST CR TRANSFER DR 008 HIRES KREASI PRATA
2300012502;BI-FAST CR TRANSFER DR 008 MUHAMMAD OVIE PALK
2300017079;BI-FAST CR TRANSFER DR 501 Ridwan Riswandi
2300017079;BI-FAST CR TRANSFER DR 501 Ridwan Riswandi
2300016346;BI-FAST CR TRANSFER DR 022 RUDY KURNIA SEJATI
2300017838;BI-FAST CR TRANSFER DR 002 NURYANI
2300015092;BI-FAST CR TRANSFER DR 008 RAJASA INTAMA
2300018477;BI-FAST CR TRANSFER DR 002 RATIH MULYA WULAN
2300018416;BI-FAST CR TRANSFER DR 451 ADHIYANUARTRIKURNI
2300018068;BI-FAST CR TRANSFER DR 009 MAULANA LATISETIAD
2300015833;BI-FAST CR TRANSFER DR 009 ANDHIKA NUR PRATAM
2300018371;BI-FAST CR TRANSFER DR 426 TERRY YULIANTO VEN
2300002944;BI-FAST CR TRANSFER DR 002 JAKARTA SENTRA ARO
2300010936;BI-FAST CR TRANSFER DR 022 KAKIATNA AGRO INDO
2300010936;BI-FAST CR TRANSFER DR 022 KAKIATNA AGRO INDO
2300018079;BI-FAST CR TRANSFER DR 501 Jessica Kwong
2300008929;BI-FAST CR TRANSFER DR 008 YUDHO WANDONO ANGG
2300009526;BI-FAST CR TRANSFER DR 535 ILHAM HADI PRASETI
2300009526;BI-FAST CR TRANSFER DR 535 ILHAM HADI PRASETI
2300015533;BI-FAST CR TRANSFER DR 008 POLARIS INSTRUMENT
2300015777;BI-FAST CR TRANSFER DR 022 ROSSI SOFIAH HARDI
2300018126;BI-FAST CR TRANSFER DR 009 ANDRI DWIANTO IRAW
2300011704;BI-FAST CR TRANSFER DR 008 KELOLA PANGAN INDO
2300012502;BI-FAST CR TRANSFER DR 008 MUHAMMAD OVIE PALK
2300013595;BI-FAST CR TRANSFER DR 009 SUASANA KREATIF IN
2300016837;BI-FAST CR TRANSFER DR 426 MAWAR SARI MAKMUR
2300016837;BI-FAST CR TRANSFER DR 426 MAWAR SARI MAKMUR
2300016603;BI-FAST CR TRANSFER DR 008 DWI PUSPITA ANGGRA
2300004435;BI-FAST CR TRANSFER DR 008 AROMA HARUM LESTAR
2300016603;BI-FAST CR TRANSFER DR 008 DWI PUSPITA ANGGRA
2300016989;BI-FAST CR TRANSFER DR 501 Armand Hermansyah
2300017930;BI-FAST CR TRANSFER DR 009 REZA ZIA UL RAHMAN
2300016883;BI-FAST CR TRANSFER DR 002 PT BUGAR JIWA RAGA
2300015328;BI-FAST CR TRANSFER DR 548 JOHANNES BENJAMIN
2300016297;BI-FAST CR TRANSFER DR 008 GUNAWAN
2300016738;BI-FAST CR TRANSFER DR 002 PT TIGA SEKAWAN SA
2300014933;BI-FAST CR TRANSFER DR 451 KOPKARSYAHBSIQQKRW
2300018320;BI-FAST CR TRANSFER DR 501 Ferry Ferdian
2300014906;BI-FAST CR TRANSFER DR 022 BOGA PUTRA SANTOSO
2300014906;BI-FAST CR TRANSFER DR 022 BOGA PUTRA SANTOSO
2300014906;BI-FAST CR TRANSFER DR 022 BOGA PUTRA SANTOSO
2300017184;BI-FAST CR TRANSFER DR 008 FEDERASI KANAL
2300018120;BI-FAST CR TRANSFER DR 008 RISSA AULIA
2300014906;BI-FAST CR TRANSFER DR 022 BOGA PUTRA SANTOSO
2300017085;BI-FAST CR TRANSFER DR 023 ALEXANDRA CORRADIN
2300018272;BI-FAST CR TRANSFER DR 002 FEBRIKA RIZKI FANO
2300015342;BI-FAST CR TRANSFER DR 002 NAEL MOENA
2300018369;BI-FAST CR TRANSFER DR 008 MARGO PUTRA WENNO
2300017034;BI-FAST CR TRANSFER DR 002 TEZAR MAULANA ZAKY
2300017530;BI-FAST CR TRANSFER DR 002 DAPUR BOGA LESTARI
2300018459;BI-FAST CR TRANSFER DR 562 LIM DIANA
2300016890;BI-FAST CR TRANSFER DR 002 MOHAMAD FIRMAN SYA
2300011704;BI-FAST CR TRANSFER DR 451 PTKELOLAPANGANINDO
2300016906;BI-FAST CR TRANSFER DR 008 WAHYU KURNIA
2300016167;BI-FAST CR TRANSFER DR 028 HIOE MELANIE PRAST
2300016167;BI-FAST CR TRANSFER DR 028 HIOE MELANIE PRAST
2300014934;BI-FAST CR TRANSFER DR 002 NOVITA YULIANA
2300016422;BI-FAST CR TRANSFER DR 008 MUHAMAD ARIGHI
2300015092;BI-FAST CR TRANSFER DR 008 RAJASA INTAMA
2300017757;BI-FAST CR TRANSFER DR 002 ASHA MITRA NUSANTA
2300007137;BI-FAST CR TRANSFER DR 032 PT Kerry Ingredien
2300016241;BI-FAST CR TRANSFER DR 008 UPEKKHA ARIYAPUTER
2300018393;BI-FAST CR TRANSFER DR 008 M SHOKHI
2300017112;BI-FAST CR TRANSFER DR 037 FADLY LILAH ILHAM
2300018498;BI-FAST CR TRANSFER DR 501 Ipan Muhamad Supan
2300014642;BI-FAST CR TRANSFER DR 542 VITA DIAN PUTRI
2300014642;BI-FAST CR TRANSFER DR 542 VITA DIAN PUTRI
2300018445;BI-FAST CR TRANSFER DR 009 DELLA ANANDA DAMAY
2300015883;BI-FAST CR TRANSFER DR 008 DHARMA ESCAPE BOGA
2300017168;BI-FAST CR TRANSFER DR 022 KREASI ABADI SELAR
2300016611;BI-FAST CR TRANSFER DR 022 RIA SRI WOELANDARI
2300016611;BI-FAST CR TRANSFER DR 022 RIA SRI WOELANDARI
2300016611;BI-FAST CR TRANSFER DR 022 RIA SRI WOELANDARI
2300016611;BI-FAST CR TRANSFER DR 022 RIA SRI WOELANDARI
2300016611;BI-FAST CR TRANSFER DR 022 RIA SRI WOELANDARI
2300016611;BI-FAST CR TRANSFER DR 022 RIA SRI WOELANDARI
2300010936;BI-FAST CR TRANSFER DR 022 KAKIATNA AGRO INDO
2300010936;BI-FAST CR TRANSFER DR 022 KAKIATNA AGRO INDO
2300016032;BI-FAST CR TRANSFER DR 451 STEVIFEBRIANTO
2300017936;BI-FAST CR TRANSFER DR 008 TERIGU TELUR GULA
2300018135;BI-FAST CR TRANSFER DR 501 Fernando Octavianu
2300017156;BI-FAST CR TRANSFER DR 028 RIVA LAURITZ
2300017079;BI-FAST CR TRANSFER DR 501 Ridwan Riswandi
2300017079;BI-FAST CR TRANSFER DR 501 Ridwan Riswandi
2300017079;BI-FAST CR TRANSFER DR 501 Ridwan Riswandi
2300017079;BI-FAST CR TRANSFER DR 501 Ridwan Riswandi
2300017079;BI-FAST CR TRANSFER DR 501 Ridwan Riswandi
2300008905;BI-FAST CR TRANSFER DR 008 TABUNGAN BISNIS PU
2300018348;BI-FAST CR TRANSFER DR 002 RICKY YANSEN
2300017514;BI-FAST CR TRANSFER DR 008 SAOLA-HABITAT UNTU
2300015919;BI-FAST CR TRANSFER DR 002 GEDUNG PINANG SELA
2300018219;BI-FAST CR TRANSFER DR 013 FELICIA APRILIANY
2300013780;BI-FAST CR TRANSFER DR 008 JEDO ABADI LESTARI
2300018515;BI-FAST CR TRANSFER DR 008 ERHAN
2300007137;BI-FAST CR TRANSFER DR 032 PT Kerry Ingredien
2300004435;BI-FAST CR TRANSFER DR 008 AROMA HARUM LESTAR
2300016623;BI-FAST CR TRANSFER DR 535 RATIH
2300015284;BI-FAST CR TRANSFER DR 008 EKKY RIZKY
2300018165;BI-FAST CR TRANSFER DR 009 MOOKIE TITIK TERAN
2300012432;BI-FAST CR TRANSFER DR 023 HENGKY PRASETYO
2300000925;BI-FAST CR TRANSFER DR 022 PRIMA ISMAYA SEJAH
2300015203;BI-FAST CR TRANSFER DR 022 GENESIS INDONESIA
2300017872;BI-FAST CR TRANSFER DR 008 JASA KREASI SETRIA
2300008691;BI-FAST CR TRANSFER DR 022 HERBERT TANUDJAJA
2300008691;BI-FAST CR TRANSFER DR 022 HERBERT TANUDJAJA
2300016723;BI-FAST CR TRANSFER DR 009 WIRA KARYAWAN PLTU
2300013646;BI-FAST CR TRANSFER DR 008 LAILUL MUFARIDAH
2300018135;BI-FAST CR TRANSFER DR 501 Fernando Octavianu
2300017930;BI-FAST CR TRANSFER DR 009 REZA ZIA UL RAHMAN
2300017344;BI-FAST CR TRANSFER DR 008 RAHMITA
2300012044;BI-FAST CR TRANSFER DR 008 DIPURI SELARAS MEM
2300009307;BI-FAST CR TRANSFER DR 009 SATRIA MAJU BERSAM
2300018369;BI-FAST CR TRANSFER DR 008 MARGO PUTRA WENNO
2300009192;BI-FAST CR TRANSFER DR 022 CLASSIC FINE FOODS
2300009765;BI-FAST CR TRANSFER DR 008 ROOVEE BERKAT SENA
2300018273;BI-FAST CR TRANSFER DR 008 KELOLA SARANA JAYA
2300009752;BI-FAST CR TRANSFER DR 028 ADICIPTA BOGA INTI
2300018348;BI-FAST CR TRANSFER DR 002 RICKY YANSEN
2300018244;BI-FAST CR TRANSFER DR 008 ATY KARYATI
2300015012;BI-FAST CR TRANSFER DR 501 Susanti Dewijana
2300014400;BI-FAST CR TRANSFER DR 002 FILOSOFI KOPI SEJA
2300018508;BI-FAST CR TRANSFER DR 022 NDAN MASBON USARI
2300015203;BI-FAST CR TRANSFER DR 022 GENESIS INDONESIA
2300016665;BI-FAST CR TRANSFER DR 008 OCTAVIANI
2300016201;BI-FAST CR TRANSFER DR 028 FENNY
2300009765;BI-FAST CR TRANSFER DR 008 ROOVEE BERKAT SENA
2300009983;BI-FAST CR TRANSFER DR 002 NADYA SAFIRA UTARI
2300018053;BI-FAST CR TRANSFER DR 008 TRI SUBAGYO
2300017120;BI-FAST CR TRANSFER DR 013 SUGANDI
2300017615;BI-FAST CR TRANSFER DR 022 PRIMA FENOMENA JAY
2300018416;BI-FAST CR TRANSFER DR 451 ADHIYANUARTRIKURNI
2300016423;BI-FAST CR TRANSFER DR 008 DEA UMYATI
2300016664;BI-FAST CR TRANSFER DR 008 BERKAH BOGA MANDIR
2300017901;BI-FAST CR TRANSFER DR 009 RFA KHARISMA INTER
2300015661;BI-FAST CR TRANSFER DR 002 PT SAYAP SUKSES SE
2300018203;BI-FAST CR TRANSFER DR 008 ELISABETH FISKARAN
2300010936;BI-FAST CR TRANSFER DR 022 KAKIATNA AGRO INDO
2300010936;BI-FAST CR TRANSFER DR 022 KAKIATNA AGRO INDO
2300010936;BI-FAST CR TRANSFER DR 022 KAKIATNA AGRO INDO
2300010936;BI-FAST CR TRANSFER DR 022 KAKIATNA AGRO INDO
2300000838;BI-FAST CR TRANSFER DR 022 KITCHENETTE LESTAR
2300017652;BI-FAST CR TRANSFER DR 008 DAVID ROMANO L
2300008905;BI-FAST CR TRANSFER DR 008 TABUNGAN BISNIS PU
2300017492;BI-FAST CR TRANSFER DR 009 MAYA JOESTITA ROCH
2300015342;BI-FAST CR TRANSFER DR 002 NAEL MOENA
2300017562;BI-FAST CR TRANSFER DR 036 EASTERN EXPANDING
2300010687;BI-FAST CR TRANSFER DR 002 AGUNG PRASETYO
2300011370;BI-FAST CR TRANSFER DR 023 WANATA JAYA CIPTA,
2300016862;BI-FAST CR TRANSFER DR 016 WIRIYA SANTOSO
2300016538;BI-FAST CR TRANSFER DR 002 MUTAALIDA
2300017514;BI-FAST CR TRANSFER DR 008 KORI-HABITAT UNTUK
2300018444;BI-FAST CR TRANSFER DR 002 LESTARI
2300017570;BI-FAST CR TRANSFER DR 008 AGREYA BERKAH INDO
2300017570;BI-FAST CR TRANSFER DR 008 AGREYA BERKAH INDO
IMPACT POWER MANDIRI;BI-FAST CR TRANSFER DR 028 IMPACT POWER MANDI
IMPACT POWER MANDIRI;BI-FAST CR TRANSFER DR 028 IMPACT POWER MANDI
2300017079;BI-FAST CR TRANSFER DR 501 Ridwan Riswandi
2300018416;BI-FAST CR TRANSFER DR 451 ADHIYANUARTRIKURNI
2300010531;BI-FAST CR TRANSFER DR 022 SEPULUH SEPULUH ST
2300017492;BI-FAST CR TRANSFER DR 009 MAYA JOESTITA ROCH
2300006328;BI-FAST CR TRANSFER DR 022 ANUGRAH BERKAT AND
2300006328;BI-FAST CR TRANSFER DR 022 ANUGRAH BERKAT AND
IMPACT POWER MANDIRI;BI-FAST CR TRANSFER DR 028 IMPACT POWER MANDI
IMPACT POWER MANDIRI;BI-FAST CR TRANSFER DR 028 IMPACT POWER MANDI
2300016533;BI-FAST CR TRANSFER DR 009 FAISAL HAFIZ MAHAK
2300017034;BI-FAST CR TRANSFER DR 002 TEZAR MAULANA ZAKY
2300017899;BI-FAST CR TRANSFER DR 046 SUROSO SP
2300013666;BI-FAST CR TRANSFER DR 002 GITA DJOEANG SEJAH
2300018393;BI-FAST CR TRANSFER DR 008 M SHOKHI
2300015777;BI-FAST CR TRANSFER DR 022 ROSSI SOFIAH HARDI
2300018477;BI-FAST CR TRANSFER DR 002 RATIH MULYA WULAN
2300014642;BI-FAST CR TRANSFER DR 542 VITA DIAN PUTRI
2300014642;BI-FAST CR TRANSFER DR 542 VITA DIAN PUTRI
2300017652;BI-FAST CR TRANSFER DR 008 DAVID ROMANO L
2300018320;BI-FAST CR TRANSFER DR 501 Ferry Ferdian
2300008929;BI-FAST CR TRANSFER DR 008 YUDHO WANDONO ANGG
2300018416;BI-FAST CR TRANSFER DR 451 ADHIYANUARTRIKURNI
2300011704;BI-FAST CR TRANSFER DR 451 PTKELOLAPANGANINDO
2300016167;BI-FAST CR TRANSFER DR 028 HIOE MELANIE PRAST
2300017079;BI-FAST CR TRANSFER DR 501 Ridwan Riswandi
2300015633;BI-FAST CR TRANSFER DR 028 GABRIELLA GUSTIAWA
2300017079;BI-FAST CR TRANSFER DR 501 Ridwan Riswandi
2300017079;BI-FAST CR TRANSFER DR 501 Ridwan Riswandi
2300017079;BI-FAST CR TRANSFER DR 501 Ridwan Riswandi
2300016989;BI-FAST CR TRANSFER DR 501 Armand Hermansyah
2300015209;BI-FAST CR TRANSFER DR 153 CV BARU TANJAKAN
2300017817;BI-FAST CR TRANSFER DR 008 FINCENT EHUD LAWRE
2300015347;BI-FAST CR TRANSFER DR 008 KENNETH PATRICK ER
2300015992;BI-FAST CR TRANSFER DR 002 DWI URIP SUGIYANTO
2300018363;BI-FAST CR TRANSFER DR 008 NUSAPALA SARANA KR
2300015092;BI-FAST CR TRANSFER DR 008 RAJASA INTAMA
2300015833;BI-FAST CR TRANSFER DR 009 ANDHIKA NUR PRATAM
2300018570;BI-FAST CR TRANSFER DR 008 EDWARD
2300015630;BI-FAST CR TRANSFER DR 002 DINI INDRIYANI
2300001056;BI-FAST CR TRANSFER DR 008 GEETEE ROSEN TANUW
2300017192;BI-FAST CR TRANSFER DR 008 OKA FRANSISKA
2300017794;BI-FAST CR TRANSFER DR 008 IRMA ENGGELINE TAK
2300018244;BI-FAST CR TRANSFER DR 008 ATY KARYATI
2300015723;BI-FAST CR TRANSFER DR 009 SIMSEM PAYROLL BNI
2300008929;BI-FAST CR TRANSFER DR 008 YUDHO WANDONO ANGG
2300018312;BI-FAST CR TRANSFER DR 002 DIASTIKA SEPHIRA A
2300017435;BI-FAST CR TRANSFER DR 002 NUNUNG SOBIATY
2300012940;BI-FAST CR TRANSFER DR 008 SELLY STEPANI
2300016603;BI-FAST CR TRANSFER DR 008 DWI PUSPITA ANGGRA
2300015723;BI-FAST CR TRANSFER DR 009 PSW ANTASARI HOTEL
2300017570;BI-FAST CR TRANSFER DR 008 AGREYA BERKAH INDO
2300017530;BI-FAST CR TRANSFER DR 002 DAPUR BOGA LESTARI
2300017530;BI-FAST CR TRANSFER DR 002 DAPUR BOGA LESTARI
2300015194;BI-FAST CR TRANSFER DR 002 ARYANDA YASA UNGGU
2300016285;BI-FAST CR TRANSFER DR 037 GROOCERIES CITY IN
2300017838;BI-FAST CR TRANSFER DR 002 NURYANI
2300017079;BI-FAST CR TRANSFER DR 501 Ridwan Riswandi
2300011768;BI-FAST CR TRANSFER DR 031 PT TRAVELOKA INDON
2300014697;BI-FAST CR TRANSFER DR 031 PT TRINUSA TRAVELI
2300018040;BI-FAST CR TRANSFER DR 008 IRWAN HERMAWAN
2300016346;BI-FAST CR TRANSFER DR 022 RUDY KURNIA SEJATI
2300018066;BI-FAST CR TRANSFER DR 002 Fadlu Rochman
2300012700;BI-FAST CR TRANSFER DR 008 ALIMARWAN SURYA WI
2300018115;BI-FAST CR TRANSFER DR 008 SISKA MULYA UTAMA
2300017653;BI-FAST CR TRANSFER DR 008 AGUS CHANDRA WAHYU
2300018079;BI-FAST CR TRANSFER DR 501 Jessica Kwong
2300010936;BI-FAST CR TRANSFER DR 022 KAKIATNA AGRO INDO
2300010936;BI-FAST CR TRANSFER DR 022 KAKIATNA AGRO INDO
2300018181;BI-FAST CR TRANSFER DR 019 PERKASA MITRA CE
2300017676;BI-FAST CR TRANSFER DR 501 Kimberley Adonia G
2300017448;BI-FAST CR TRANSFER DR 002 KEENAN ARDYANTO
2300018063;BI-FAST CR TRANSFER DR 008 FIDHA FARIBASA
2300018369;BI-FAST CR TRANSFER DR 008 MARGO PUTRA WENNO
2300015249;BI-FAST CR TRANSFER DR 008 HAYKAL DZAKRY WIDJ
2300010516;BI-FAST CR TRANSFER DR 028 DCIKA PRIMA MAHKOT
2300017044;BI-FAST CR TRANSFER DR 490 ANASTALISIA KUSUMA
2300014906;BI-FAST CR TRANSFER DR 022 BOGA PUTRA SANTOSO
2300014906;BI-FAST CR TRANSFER DR 022 BOGA PUTRA SANTOSO
2300015155;BI-FAST CR TRANSFER DR 008 FIRDAUS NIKMATULLA
2300007137;BI-FAST CR TRANSFER DR 032 PT Kerry Ingredien
2300018174;BI-FAST CR TRANSFER DR 535 FEBBI FAUZIAH
2300017317;BI-FAST CR TRANSFER DR 548 RIBKA BRILLYAND AN
2300017409;BI-FAST CR TRANSFER DR 008 SARAH AFIFAH AZ ZA
2300018437;BI-FAST CR TRANSFER DR 008 BOBBYS BURGERS GRO
2300017044;BI-FAST CR TRANSFER DR 490 ANASTALISIA KUSUMA
2300017079;BI-FAST CR TRANSFER DR 501 Ridwan Riswandi
2300017079;BI-FAST CR TRANSFER DR 501 Ridwan Riswandi
2300004907;BI-FAST CR TRANSFER DR 008 KETJIL KREASI SIGN
2300017184;BI-FAST CR TRANSFER DR 008 MUSHAB ALI
2300016196;BI-FAST CR TRANSFER DR 535 ANGGI ADELIA FEBRI
2300012044;BI-FAST CR TRANSFER DR 008 DIPURI SELARAS MEM
2300001531;BI-FAST CR TRANSFER DR 087 YAYASAN BRITISH SC
2300015149;BI-FAST CR TRANSFER DR 008 MOMENTUM MENUJU KE
2300015149;BI-FAST CR TRANSFER DR 008 MOMENTUM MENUJU KE
2300015149;BI-FAST CR TRANSFER DR 008 MOMENTUM MENUJU KE
2300015533;BI-FAST CR TRANSFER DR 008 POLARIS INSTRUMENT
2300015203;BI-FAST CR TRANSFER DR 022 GENESIS INDONESIA
2300001305;BI-FAST CR TRANSFER DR 008 RAJA RASA ALAMI
2300017085;BI-FAST CR TRANSFER DR 023 ALEXANDRA CORRADIN
2300018371;BI-FAST CR TRANSFER DR 426 TERRY YULIANTO VEN
2300008929;BI-FAST CR TRANSFER DR 008 YUDHO WANDONO ANGG
2300016346;BI-FAST CR TRANSFER DR 022 RUDY KURNIA SEJATI
2300017872;BI-FAST CR TRANSFER DR 008 JASA KREASI SETRIA
2300016346;BI-FAST CR TRANSFER DR 022 RUDY KURNIA SEJATI
2300009192;BI-FAST CR TRANSFER DR 022 CLASSIC FINE FOODS
2300016591;BI-FAST CR TRANSFER DR 002 PROMART BKN
2300015195;BI-FAST CR TRANSFER DR 022 NI KETUT ASTUTY
2300018500;BI-FAST CR TRANSFER DR 002 KARISMA KOPI INTER
2300016167;BI-FAST CR TRANSFER DR 028 HIOE MELANIE PRAST
2300016603;BI-FAST CR TRANSFER DR 008 DWI PUSPITA ANGGRA
2300018437;BI-FAST CR TRANSFER DR 008 BOBBYS BURGERS GRO
2300011171;BI-FAST CR TRANSFER DR 002 PUNCAK LEMBAH HIJA
2300017289;BI-FAST CR TRANSFER DR 008 MITRA DAGANG MADAN
2300017615;BI-FAST CR TRANSFER DR 022 PRIMA FENOMENA JAY
2300016062;BI-FAST CR TRANSFER DR 008 CAHAYA INDAH ASIA
2300015194;BI-FAST CR TRANSFER DR 002 ARYANDA YASA UNGGU
2300017079;BI-FAST CR TRANSFER DR 501 Ridwan Riswandi
2300017079;BI-FAST CR TRANSFER DR 501 Ridwan Riswandi
2300016664;BI-FAST CR TRANSFER DR 008 BERKAH BOGA MANDIR
2300016664;BI-FAST CR TRANSFER DR 008 BERKAH BOGA MANDIR
2300008691;BI-FAST CR TRANSFER DR 022 HERBERT TANUDJAJA
2300008691;BI-FAST CR TRANSFER DR 022 HERBERT TANUDJAJA
2300014400;BI-FAST CR TRANSFER DR 002 FILOSOFI KOPI SEJA
2300008691;BI-FAST CR TRANSFER DR 022 HERBERT TANUDJAJA
2300018483;BI-FAST CR TRANSFER DR 451 WINDAARINAWATI
2300018483;BI-FAST CR TRANSFER DR 451 WINDAARINAWATI
2300018483;BI-FAST CR TRANSFER DR 451 WINDAARINAWATI
2300017922;BI-FAST CR TRANSFER DR 008 DINARRI
2300018246;BI-FAST CR TRANSFER DR 008 MUTIARA PROKLAMASI
2300012399;BI-FAST CR TRANSFER DR 002 TIGA KAWA MITRA
2300017079;BI-FAST CR TRANSFER DR 501 Ridwan Riswandi
2300015575;BI-FAST CR TRANSFER DR 451 NURHAYATI
2300017930;BI-FAST CR TRANSFER DR 009 REZA ZIA UL RAHMAN
2300016215;BI-FAST CR TRANSFER DR 002 ACHMAD JUPRI
2300016423;BI-FAST CR TRANSFER DR 008 DEA UMYATI
2300010936;BI-FAST CR TRANSFER DR 022 KAKIATNA AGRO INDO
2300010936;BI-FAST CR TRANSFER DR 022 KAKIATNA AGRO INDO
2300012940;BI-FAST CR TRANSFER DR 008 SELLY STEPANI
2300017123;BI-FAST CR TRANSFER DR 008 I GST AYU AGUNG MA
2300018320;BI-FAST CR TRANSFER DR 501 Ferry Ferdian
2300018320;BI-FAST CR TRANSFER DR 501 Ferry Ferdian
2300016738;BI-FAST CR TRANSFER DR 002 PT TIGA SEKAWAN SA
2300009752;BI-FAST CR TRANSFER DR 028 ADICIPTA BOGA INTI
2300009752;BI-FAST CR TRANSFER DR 028 ADICIPTA BOGA INTI
2300009752;BI-FAST CR TRANSFER DR 028 ADICIPTA BOGA INTI
2300009752;BI-FAST CR TRANSFER DR 028 ADICIPTA BOGA INTI
2300009752;BI-FAST CR TRANSFER DR 028 ADICIPTA BOGA INTI
2300009752;BI-FAST CR TRANSFER DR 028 ADICIPTA BOGA INTI
2300018444;BI-FAST CR TRANSFER DR 002 LESTARI
2300017570;BI-FAST CR TRANSFER DR 008 AGREYA BERKAH INDO
2300015919;BI-FAST CR TRANSFER DR 002 GEDUNG PINANG SELA
2300016623;BI-FAST CR TRANSFER DR 535 RATIH
2300012940;BI-FAST CR TRANSFER DR 008 SELLY STEPANI
2300009526;BI-FAST CR TRANSFER DR 535 ILHAM HADI PRASETI
2300018477;BI-FAST CR TRANSFER DR 002 RATIH MULYA WULAN
2300008929;BI-FAST CR TRANSFER DR 008 YUDHO WANDONO ANGG
2300013152;BI-FAST CR TRANSFER DR 426 GABRIELLA ASTITI H
2300012106;BI-FAST CR TRANSFER DR 213 EVIELINA HERMAWATY
2300016167;BI-FAST CR TRANSFER DR 028 HIOE MELANIE PRAST
2300017317;BI-FAST CR TRANSFER DR 548 RIBKA BRILLYAND AN
2300016860;BI-FAST CR TRANSFER DR 008 HIRES KREASI PRATA
2300015452;BI-FAST CR TRANSFER DR 009 JEL JAYA LESTARI
2300014642;BI-FAST CR TRANSFER DR 542 VITA DIAN PUTRI
2300014642;BI-FAST CR TRANSFER DR 542 VITA DIAN PUTRI
2300018053;BI-FAST CR TRANSFER DR 008 TRI SUBAGYO
2300017448;BI-FAST CR TRANSFER DR 002 KEENAN ARDYANTO
2300018053;BI-FAST CR TRANSFER DR 008 TRI SUBAGYO
2300018416;BI-FAST CR TRANSFER DR 451 ADHIYANUARTRIKURNI
2300015777;BI-FAST CR TRANSFER DR 022 ROSSI SOFIAH HARDI
2300017184;BI-FAST CR TRANSFER DR 008 FEDERASI KANAL
2300013646;BI-FAST CR TRANSFER DR 008 LAILUL MUFARIDAH
2300017454;BI-FAST CR TRANSFER DR 022 MINOR FOOD GROUP I
2300007432;BI-FAST CR TRANSFER DR 002 RITA ROSLINA
2300016989;BI-FAST CR TRANSFER DR 501 Armand Hermansyah
2300010936;BI-FAST CR TRANSFER DR 022 KAKIATNA AGRO INDO
2300010936;BI-FAST CR TRANSFER DR 022 KAKIATNA AGRO INDO
2300018066;BI-FAST CR TRANSFER DR 002 Fadlu Rochman
2300016259;BI-FAST CR TRANSFER DR 008 HANA RIZKA EFRILIA
2300018483;BI-FAST CR TRANSFER DR 451 WINDAARINAWATI
2300016611;BI-FAST CR TRANSFER DR 022 RIA SRI WOELANDARI
2300016611;BI-FAST CR TRANSFER DR 022 RIA SRI WOELANDARI
2300016611;BI-FAST CR TRANSFER DR 022 RIA SRI WOELANDARI
2300016996;BI-FAST CR TRANSFER DR 002 POCUT AMANDA SYAHR
2300017885;BI-FAST CR TRANSFER DR 013 EKO NURCAHYANTO
2300017789;BI-FAST CR TRANSFER DR 008 AGUNG BUDI UTOMO
2300008929;BI-FAST CR TRANSFER DR 008 YUDHO WANDONO ANGG
2000066431;BI-FAST CR TRANSFER DR 008 YUMMY FOOD UTAMA
2300018416;BI-FAST CR TRANSFER DR 451 ADHIYANUARTRIKURNI
2300016960;BI-FAST CR TRANSFER DR 002 FAJAR RAHMAT ALAMS
2300016603;BI-FAST CR TRANSFER DR 008 DWI PUSPITA ANGGRA
2300015092;BI-FAST CR TRANSFER DR 008 RAJASA INTAMA
2300018059;BI-FAST CR TRANSFER DR 009 RESMITO RINIE
2300013650;BI-FAST CR TRANSFER DR 009 SIMSEM PAYROLL BNI
2300017289;BI-FAST CR TRANSFER DR 008 MITRA DAGANG MADAN
2300016538;BI-FAST CR TRANSFER DR 002 MUTAALIDA
2300016628;BI-FAST CR TRANSFER DR 008 ANDRI WICAKSONO
2300015833;BI-FAST CR TRANSFER DR 009 ANDHIKA NUR PRATAM
2300017911;BI-FAST CR TRANSFER DR 008 CAKRA MAJU JAYA
2300017034;BI-FAST CR TRANSFER DR 002 TEZAR MAULANA ZAKY
2300018393;BI-FAST CR TRANSFER DR 008 M SHOKHI
2300017652;BI-FAST CR TRANSFER DR 008 DAVID ROMANO L
2300017794;BI-FAST CR TRANSFER DR 008 IRMA ENGGELINE TAK
2300017514;BI-FAST CR TRANSFER DR 008 SAOLA-HABITAT UNTU
2300007109;BI-FAST CR TRANSFER DR 028 MAXIM JAYADI ABADI
2300007109;BI-FAST CR TRANSFER DR 028 MAXIM JAYADI ABADI
2300007109;BI-FAST CR TRANSFER DR 028 MAXIM JAYADI ABADI
2300007109;BI-FAST CR TRANSFER DR 028 MAXIM JAYADI ABADI
2300007109;BI-FAST CR TRANSFER DR 028 MAXIM JAYADI ABADI
2300018348;BI-FAST CR TRANSFER DR 002 RICKY YANSEN
2300008905;BI-FAST CR TRANSFER DR 008 TABUNGAN BISNIS PU
2300018059;BI-FAST CR TRANSFER DR 009 RESMITO RINIE
2300016665;BI-FAST CR TRANSFER DR 008 OCTAVIANI
2300017022;BI-FAST CR TRANSFER DR 008 HARI NUGROHO
2300009183;BI-FAST CR TRANSFER DR 501 Diajeng Nurulita N
2300009183;BI-FAST CR TRANSFER DR 501 Diajeng Nurulita N
2300012940;BI-FAST CR TRANSFER DR 008 SELLY STEPANI
2300015977;BI-FAST CR TRANSFER DR 008 BERKAT INTI SELARA
2300016603;BI-FAST CR TRANSFER DR 008 DWI PUSPITA ANGGRA
2300007137;BI-FAST CR TRANSFER DR 032 PT Kerry Ingredien
2300018120;BI-FAST CR TRANSFER DR 008 RISSA AULIA
2300018498;BI-FAST CR TRANSFER DR 501 Ipan Muhamad Supan
2300016032;BI-FAST CR TRANSFER DR 451 STEVIFEBRIANTO
2300017079;BI-FAST CR TRANSFER DR 501 Ridwan Riswandi
2300011768;BI-FAST CR TRANSFER DR 031 PT TRAVELOKA INDON
2300018477;BI-FAST CR TRANSFER DR 002 RATIH MULYA WULAN
2300018312;BI-FAST CR TRANSFER DR 002 DIASTIKA SEPHIRA A
2300010936;BI-FAST CR TRANSFER DR 022 KAKIATNA AGRO INDO
2300010936;BI-FAST CR TRANSFER DR 022 KAKIATNA AGRO INDO
2300011782;BI-FAST CR TRANSFER DR 535 VEGA DIAN ISTIQOMA
2300012456;BI-FAST CR TRANSFER DR 002 RINO BAGUS PRASETY
2300017215;BI-FAST CR TRANSFER DR 002 ANDREAS
2300017562;BI-FAST CR TRANSFER DR 036 EASTERN EXPANDING
2300017514;BI-FAST CR TRANSFER DR 008 KORI-HABITAT UNTUK
2300015012;BI-FAST CR TRANSFER DR 501 Susanti Dewijana
2300017289;BI-FAST CR TRANSFER DR 008 MITRA DAGANG MADAN
2300016346;BI-FAST CR TRANSFER DR 022 RUDY KURNIA SEJATI
2300016837;BI-FAST CR TRANSFER DR 426 MAWAR SARI MAKMUR
2300016623;BI-FAST CR TRANSFER DR 535 RATIH
2300016623;BI-FAST CR TRANSFER DR 535 RATIH
2300012978;BI-FAST CR TRANSFER DR 013 O KONG JUNG
2300017570;BI-FAST CR TRANSFER DR 008 AGREYA BERKAH INDO
2300017570;BI-FAST CR TRANSFER DR 008 AGREYA BERKAH INDO
2300012954;BI-FAST CR TRANSFER DR 535 MUHAMMAD ALI FAJAR
2300012954;BI-FAST CR TRANSFER DR 535 MUHAMMAD ALI FAJAR
2300018393;BI-FAST CR TRANSFER DR 008 M SHOKHI
2300018444;BI-FAST CR TRANSFER DR 002 LESTARI
2300017838;BI-FAST CR TRANSFER DR 002 NURYANI
2300008929;BI-FAST CR TRANSFER DR 008 YUDHO WANDONO ANGG
2300015203;BI-FAST CR TRANSFER DR 022 GENESIS INDONESIA
2300018203;BI-FAST CR TRANSFER DR 008 ELISABETH FISKARAN
2300017872;BI-FAST CR TRANSFER DR 008 JASA KREASI SETRIA
2300009307;BI-FAST CR TRANSFER DR 009 SATRIA MAJU BERSAM
2300018135;BI-FAST CR TRANSFER DR 501 Fernando Octavianu
2300009192;BI-FAST CR TRANSFER DR 022 CLASSIC FINE FOODS
2300014400;BI-FAST CR TRANSFER DR 002 FILOSOFI KOPI SEJA
2300016910;BI-FAST CR TRANSFER DR 009 ARSA AMERTA NUGRAH
2300007215;BI-FAST CR TRANSFER DR 087 HADIPUTRANTO HADIN
2300015661;BI-FAST CR TRANSFER DR 002 PT SAYAP SUKSES SE
2300018500;BI-FAST CR TRANSFER DR 002 KARISMA KOPI INTER
2300016253;BI-FAST CR TRANSFER DR 008 MITRA LOKACIPTA SE
2300016665;BI-FAST CR TRANSFER DR 008 OCTAVIANI
2300016167;BI-FAST CR TRANSFER DR 028 HIOE MELANIE PRAST
2300009183;BI-FAST CR TRANSFER DR 501 Diajeng Nurulita N
2300009183;BI-FAST CR TRANSFER DR 501 Diajeng Nurulita N
2300017615;BI-FAST CR TRANSFER DR 022 PRIMA FENOMENA JAY
2300004907;BI-FAST CR TRANSFER DR 008 KETJIL KREASI SIGN
2300016664;BI-FAST CR TRANSFER DR 008 BERKAH BOGA MANDIR
2300018416;BI-FAST CR TRANSFER DR 451 ADHIYANUARTRIKURNI
2300010105;BI-FAST CR TRANSFER DR 008 KOPKAR MADANI ASTR
2300010936;BI-FAST CR TRANSFER DR 022 KAKIATNA AGRO INDO
2300010936;BI-FAST CR TRANSFER DR 022 KAKIATNA AGRO INDO
2300000838;BI-FAST CR TRANSFER DR 022 KITCHENETTE LESTAR
2300018504;BI-FAST CR TRANSFER DR 008 DEDE GUNAWAN
2300016423;BI-FAST CR TRANSFER DR 008 DEA UMYATI
2300015012;BI-FAST CR TRANSFER DR 501 Susanti Dewijana
2300014933;BI-FAST CR TRANSFER DR 451 KOPKARSYAHBSIQQKRW
2300012969;BI-FAST CR TRANSFER DR 008 FEBA FABIOLA AFFAN
2300018348;BI-FAST CR TRANSFER DR 002 RICKY YANSEN
2300002944;BI-FAST CR TRANSFER DR 002 JAKARTA SENTRA ARO
2300018416;BI-FAST CR TRANSFER DR 451 ADHIYANUARTRIKURNI
2300010531;BI-FAST CR TRANSFER DR 022 SEPULUH SEPULUH ST
2300017154;BI-FAST CR TRANSFER DR 501 Hilal Abu Dzar
2300015633;BI-FAST CR TRANSFER DR 028 GABRIELLA GUSTIAWA
2300015777;BI-FAST CR TRANSFER DR 022 ROSSI SOFIAH HARDI
2300015919;BI-FAST CR TRANSFER DR 002 GEDUNG PINANG SELA
2300018416;BI-FAST CR TRANSFER DR 451 ADHIYANUARTRIKURNI
2300017079;BI-FAST CR TRANSFER DR 501 Ridwan Riswandi
2300017079;BI-FAST CR TRANSFER DR 501 Ridwan Riswandi
2300017079;BI-FAST CR TRANSFER DR 501 Ridwan Riswandi
2300016133;BI-FAST CR TRANSFER DR 008 SUSI SULASTRI
2300008929;BI-FAST CR TRANSFER DR 008 YUDHO WANDONO ANGG
2300014944;BI-FAST CR TRANSFER DR 153 CV MADI MARI BERJA
2300015209;BI-FAST CR TRANSFER DR 153 CV BARU TANJAKAN
2300014329;BI-FAST CR TRANSFER DR 153 CV CATUR NIAGA SEN
2300012106;BI-FAST CR TRANSFER DR 213 EVIELINA HERMAWATY
2300016167;BI-FAST CR TRANSFER DR 028 HIOE MELANIE PRAST
2300017409;BI-FAST CR TRANSFER DR 008 SARAH AFIFAH AZ ZA
2300016346;BI-FAST CR TRANSFER DR 022 RUDY KURNIA SEJATI
2300016346;BI-FAST CR TRANSFER DR 022 RUDY KURNIA SEJATI
2300017078;BI-FAST CR TRANSFER DR 501 Rafly Rihza Arrohi
2300016603;BI-FAST CR TRANSFER DR 008 DWI PUSPITA ANGGRA
2300016890;BI-FAST CR TRANSFER DR 002 MOHAMAD FIRMAN SYA
2300016738;BI-FAST CR TRANSFER DR 002 PT TIGA SEKAWAN SA
2300017156;BI-FAST CR TRANSFER DR 028 RIVA LAURITZ
2300017156;BI-FAST CR TRANSFER DR 028 RIVA LAURITZ
2300017079;BI-FAST CR TRANSFER DR 501 Ridwan Riswandi
2300017079;BI-FAST CR TRANSFER DR 501 Ridwan Riswandi
2300017382;BI-FAST CR TRANSFER DR 542 FARIS BUDIMAN ANNA
2300010936;BI-FAST CR TRANSFER DR 022 KAKIATNA AGRO INDO
2300010936;BI-FAST CR TRANSFER DR 022 KAKIATNA AGRO INDO
2300008929;BI-FAST CR TRANSFER DR 008 YUDHO WANDONO ANGG
2300018203;BI-FAST CR TRANSFER DR 008 ELISABETH FISKARAN
2300016989;BI-FAST CR TRANSFER DR 501 Armand Hermansyah
2300015016;BI-FAST CR TRANSFER DR 008 MAULANA AULIA RAHM
2300017156;BI-FAST CR TRANSFER DR 028 RIVA LAURITZ
2300016737;BI-FAST CR TRANSFER DR 501 Richelle Briana Ha
2300016737;BI-FAST CR TRANSFER DR 501 Richelle Briana Ha
2300011370;BI-FAST CR TRANSFER DR 023 WANATA JAYA CIPTA,
2300016032;BI-FAST CR TRANSFER DR 451 STEVIFEBRIANTO
2300016167;BI-FAST CR TRANSFER DR 028 HIOE MELANIE PRAST
2300017425;BI-FAST CR TRANSFER DR 008 AKHMAD RIZKY WICAK
2300018126;BI-FAST CR TRANSFER DR 009 ANDRI DWIANTO IRAW
2300015530;BI-FAST CR TRANSFER DR 009 PISON RESTOKOPI PR
2300016883;BI-FAST CR TRANSFER DR 002 PT BUGAR JIWA RAGA
2300010936;BI-FAST CR TRANSFER DR 022 KAKIATNA AGRO INDO
2300018498;BI-FAST CR TRANSFER DR 501 Ipan Muhamad Supan
2300018191;BI-FAST CR TRANSFER DR 028 KARYA ANAK UNGGUL
2300016883;BI-FAST CR TRANSFER DR 002 PT BUGAR JIWA RAGA
2300015195;BI-FAST CR TRANSFER DR 022 NI KETUT ASTUTY
2300017262;BI-FAST CR TRANSFER DR 008 KOPERASI KONSUMEN
2300017262;BI-FAST CR TRANSFER DR 008 KOPERASI KONSUMEN
2300017652;BI-FAST CR TRANSFER DR 008 DAVID ROMANO L
2300012940;BI-FAST CR TRANSFER DR 008 SELLY STEPANI
2300017184;BI-FAST CR TRANSFER DR 008 FEDERASI KANAL
2300017034;BI-FAST CR TRANSFER DR 002 TEZAR MAULANA ZAKY
2300018495;BI-FAST CR TRANSFER DR 008 MUAMMAR FASYARI
2300018495;BI-FAST CR TRANSFER DR 008 MUAMMAR FASYARI
2300008706;BI-FAST CR TRANSFER DR 008 ANDIKA AJIESASTRA
2300017079;BI-FAST CR TRANSFER DR 501 Ridwan Riswandi
2300018053;BI-FAST CR TRANSFER DR 008 TRI SUBAGYO
2300017079;BI-FAST CR TRANSFER DR 501 Ridwan Riswandi
2300016903;BI-FAST CR TRANSFER DR 494 Andi Asnawanti Sos
2300013646;BI-FAST CR TRANSFER DR 008 LAILUL MUFARIDAH
2300015833;BI-FAST CR TRANSFER DR 009 ANDHIKA NUR PRATAM
2300017079;BI-FAST CR TRANSFER DR 501 Ridwan Riswandi
2300017079;BI-FAST CR TRANSFER DR 501 Ridwan Riswandi
2300017168;BI-FAST CR TRANSFER DR 022 KREASI ABADI SELAR
2300015203;BI-FAST CR TRANSFER DR 022 GENESIS INDONESIA
2300017085;BI-FAST CR TRANSFER DR 023 ALEXANDRA CORRADIN
2300010936;BI-FAST CR TRANSFER DR 022 KAKIATNA AGRO INDO
2300010936;BI-FAST CR TRANSFER DR 022 KAKIATNA AGRO INDO
2300010936;BI-FAST CR TRANSFER DR 022 KAKIATNA AGRO INDO
2300017123;BI-FAST CR TRANSFER DR 008 I GST AYU AGUNG MA
2300018444;BI-FAST CR TRANSFER DR 002 LESTARI
2300014642;BI-FAST CR TRANSFER DR 542 VITA DIAN PUTRI
2300014642;BI-FAST CR TRANSFER DR 542 VITA DIAN PUTRI
2300014642;BI-FAST CR TRANSFER DR 542 VITA DIAN PUTRI
2300018272;BI-FAST CR TRANSFER DR 002 FEBRIKA RIZKI FANO
2300015533;BI-FAST CR TRANSFER DR 008 POLARIS INSTRUMENT
2300018416;BI-FAST CR TRANSFER DR 451 ADHIYANUARTRIKURNI
2300016285;BI-FAST CR TRANSFER DR 037 GROOCERIES CITY IN
2300015092;BI-FAST CR TRANSFER DR 008 RAJASA INTAMA
2300018564;BI-FAST CR TRANSFER DR 002 MULTI ALAM NUSANTA
2300018416;BI-FAST CR TRANSFER DR 451 ADHIYANUARTRIKURNI
2300011171;BI-FAST CR TRANSFER DR 002 PUNCAK LEMBAH HIJA
2300010531;BI-FAST CR TRANSFER DR 022 SEPULUH SEPULUH ST
2300017899;BI-FAST CR TRANSFER DR 046 SUROSO SP
2300017899;BI-FAST CR TRANSFER DR 046 SUROSO SP
2300017838;BI-FAST CR TRANSFER DR 002 NURYANI
2300007137;BI-FAST CR TRANSFER DR 032 PT Kerry Ingredien
2300018175;BI-FAST CR TRANSFER DR 008 POLA RASA NUSANTAR
2300007137;BI-FAST CR TRANSFER DR 032 PT Kerry Ingredien
2300017615;BI-FAST CR TRANSFER DR 022 PRIMA FENOMENA JAY
2300016664;BI-FAST CR TRANSFER DR 008 BERKAH BOGA MANDIR
2300017342;BI-FAST CR TRANSFER DR 002 ANDREW HALIM
2300012969;BI-FAST CR TRANSFER DR 008 FEBA FABIOLA AFFAN
2300018203;BI-FAST CR TRANSFER DR 008 ELISABETH FISKARAN
2300018389;BI-FAST CR TRANSFER DR 008 GLOBAL SINERGI INV
2300016910;BI-FAST CR TRANSFER DR 009 ARSA AMERTA NUGRAH
2300006571;BI-FAST CR TRANSFER DR 009 PISON ANUGERAH PR
2300015661;BI-FAST CR TRANSFER DR 002 PT SAYAP SUKSES SE
2300018312;BI-FAST CR TRANSFER DR 002 DIASTIKA SEPHIRA A
2300017079;BI-FAST CR TRANSFER DR 501 Ridwan Riswandi
2300017079;BI-FAST CR TRANSFER DR 501 Ridwan Riswandi
2300017079;BI-FAST CR TRANSFER DR 501 Ridwan Riswandi
2300015533;BI-FAST CR TRANSFER DR 008 POLARIS INSTRUMENT
2300011370;BI-FAST CR TRANSFER DR 023 WANATA JAYA CIPTA,
2300008929;BI-FAST CR TRANSFER DR 008 YUDHO WANDONO ANGG
2300016538;BI-FAST CR TRANSFER DR 002 MUTAALIDA
2300017872;BI-FAST CR TRANSFER DR 008 JASA KREASI SETRIA
2300015149;BI-FAST CR TRANSFER DR 008 MOMENTUM MENUJU KE
2300016342;BI-FAST CR TRANSFER DR 002 ERLINNA SUCIAYADI
2300016665;BI-FAST CR TRANSFER DR 008 OCTAVIANI
2300015977;BI-FAST CR TRANSFER DR 008 BERKAT INTI SELARA
2300018371;BI-FAST CR TRANSFER DR 426 TERRY YULIANTO VEN
2300018604;BI-FAST CR TRANSFER DR 008 JESSICA MARELLA JU
2300018416;BI-FAST CR TRANSFER DR 451 ADHIYANUARTRIKURNI
2300008691;BI-FAST CR TRANSFER DR 022 HERBERT TANUDJAJA
2300018508;BI-FAST CR TRANSFER DR 022 NDAN MASBON USARI
2300016346;BI-FAST CR TRANSFER DR 022 RUDY KURNIA SEJATI
2300017079;BI-FAST CR TRANSFER DR 501 Ridwan Riswandi
2300017079;BI-FAST CR TRANSFER DR 501 Ridwan Riswandi
2300017044;BI-FAST CR TRANSFER DR 490 ANASTALISIA KUSUMA
2300015012;BI-FAST CR TRANSFER DR 501 Susanti Dewijana
2300012954;BI-FAST CR TRANSFER DR 535 MUHAMMAD ALI FAJAR
2300016167;BI-FAST CR TRANSFER DR 028 HIOE MELANIE PRAST
2300017409;BI-FAST CR TRANSFER DR 008 SARAH AFIFAH AZ ZA
2300018393;BI-FAST CR TRANSFER DR 008 M SHOKHI
2300018068;BI-FAST CR TRANSFER DR 009 MAULANA LATISETIAD
2300009183;BI-FAST CR TRANSFER DR 501 Diajeng Nurulita N
2300009183;BI-FAST CR TRANSFER DR 501 Diajeng Nurulita N
2300009183;BI-FAST CR TRANSFER DR 501 Diajeng Nurulita N
2300009183;BI-FAST CR TRANSFER DR 501 Diajeng Nurulita N
2300017078;BI-FAST CR TRANSFER DR 501 Rafly Rihza Arrohi
2300017069;BI-FAST CR TRANSFER DR 535 GENTA RAMA SUFIS
2300018627;BI-FAST CR TRANSFER DR 008 FARHAN RABBANI DAR
2300015777;BI-FAST CR TRANSFER DR 022 ROSSI SOFIAH HARDI
2300017344;BI-FAST CR TRANSFER DR 008 RAHMITA
2300017289;BI-FAST CR TRANSFER DR 008 MITRA DAGANG MADAN
2300008929;BI-FAST CR TRANSFER DR 008 YUDHO WANDONO ANGG
2300010936;BI-FAST CR TRANSFER DR 022 KAKIATNA AGRO INDO
2300010936;BI-FAST CR TRANSFER DR 022 KAKIATNA AGRO INDO
2300016989;BI-FAST CR TRANSFER DR 501 Armand Hermansyah
2300017653;BI-FAST CR TRANSFER DR 008 AGUS CHANDRA WAHYU
2300016215;BI-FAST CR TRANSFER DR 002 ACHMAD JUPRI
2300016259;BI-FAST CR TRANSFER DR 008 HANA RIZKA EFRILIA
2300014906;BI-FAST CR TRANSFER DR 022 BOGA PUTRA SANTOSO
2300014906;BI-FAST CR TRANSFER DR 022 BOGA PUTRA SANTOSO
2300012700;BI-FAST CR TRANSFER DR 008 ALIMARWAN SURYA WI
2300012382;BI-FAST CR TRANSFER DR 008 DALFIAN ALNASVI
2300014808;BI-FAST CR TRANSFER DR 008 DICKY MAULANA HARS
2300016525;BI-FAST CR TRANSFER DR 008 CLAUDEA GIAFANI PO
2300017112;BI-FAST CR TRANSFER DR 037 FADLY LILAH ILHAM
2300016611;BI-FAST CR TRANSFER DR 022 RIA SRI WOELANDARI
2300016611;BI-FAST CR TRANSFER DR 022 RIA SRI WOELANDARI
2300018498;BI-FAST CR TRANSFER DR 501 Ipan Muhamad Supan
2300016611;BI-FAST CR TRANSFER DR 022 RIA SRI WOELANDARI
2300016611;BI-FAST CR TRANSFER DR 022 RIA SRI WOELANDARI
2300016611;BI-FAST CR TRANSFER DR 022 RIA SRI WOELANDARI
2300016611;BI-FAST CR TRANSFER DR 022 RIA SRI WOELANDARI
2300017652;BI-FAST CR TRANSFER DR 008 DAVID ROMANO L
2300018191;BI-FAST CR TRANSFER DR 028 KARYA ANAK UNGGUL
2300013666;BI-FAST CR TRANSFER DR 002 GITA DJOEANG SEJAH
2300017215;BI-FAST CR TRANSFER DR 002 ANDREAS
2300016297;BI-FAST CR TRANSFER DR 008 GUNAWAN
2300017215;BI-FAST CR TRANSFER DR 002 ANDREAS
2300016738;BI-FAST CR TRANSFER DR 002 PT TIGA SEKAWAN SA
2300018416;BI-FAST CR TRANSFER DR 451 ADHIYANUARTRIKURNI
2300001531;BI-FAST CR TRANSFER DR 087 YAYASAN BRITISH SC
2300017936;BI-FAST CR TRANSFER DR 008 TERIGU TELUR GULA
2300018348;BI-FAST CR TRANSFER DR 002 RICKY YANSEN
2300015482;BI-FAST CR TRANSFER DR 002 ROY GUSERNI
2300015328;BI-FAST CR TRANSFER DR 548 JOHANNES BENJAMIN
2300013207;BI-FAST CR TRANSFER DR 002 Q-THA SURYA PRATAM
2300016133;BI-FAST CR TRANSFER DR 008 SUSI SULASTRI
2300017901;BI-FAST CR TRANSFER DR 009 RFA KHARISMA INTER
2300016167;BI-FAST CR TRANSFER DR 028 HIOE MELANIE PRAST
2300009983;BI-FAST CR TRANSFER DR 002 NADYA SAFIRA UTARI
2300018600;BI-FAST CR TRANSFER DR 023 PROAKTIF SPORT IND
2300016422;BI-FAST CR TRANSFER DR 008 MUHAMAD ARIGHI
2300018416;BI-FAST CR TRANSFER DR 451 ADHIYANUARTRIKURNI
2300012940;BI-FAST CR TRANSFER DR 008 SELLY STEPANI
2300007137;BI-FAST CR TRANSFER DR 032 PT Kerry Ingredien
2300017156;BI-FAST CR TRANSFER DR 028 RIVA LAURITZ
2300017156;BI-FAST CR TRANSFER DR 028 RIVA LAURITZ
2300016591;BI-FAST CR TRANSFER DR 002 PROMART BKN
2300016196;BI-FAST CR TRANSFER DR 535 ANGGI ADELIA FEBRI
2300017302;BI-FAST CR TRANSFER DR 008 YOLLIE WAURAN
2300017069;BI-FAST CR TRANSFER DR 535 GENTA RAMA SUFIS
2300015194;BI-FAST CR TRANSFER DR 002 ARYANDA YASA UNGGU
2300018203;BI-FAST CR TRANSFER DR 008 ELISABETH FISKARAN
2300016890;BI-FAST CR TRANSFER DR 002 MOHAMAD FIRMAN SYA
2300017382;BI-FAST CR TRANSFER DR 542 FARIS BUDIMAN ANNA
2300014987;BI-FAST CR TRANSFER DR 441 KIM JU HEE
2300017085;BI-FAST CR TRANSFER DR 023 ALEXANDRA CORRADIN
2300017168;BI-FAST CR TRANSFER DR 022 KREASI ABADI SELAR
2300017123;BI-FAST CR TRANSFER DR 008 I GST AYU AGUNG MA
2300010936;BI-FAST CR TRANSFER DR 022 KAKIATNA AGRO INDO
2300010936;BI-FAST CR TRANSFER DR 022 KAKIATNA AGRO INDO
2300017184;BI-FAST CR TRANSFER DR 008 FEDERASI KANAL
2300018120;BI-FAST CR TRANSFER DR 008 RISSA AULIA
2300017789;BI-FAST CR TRANSFER DR 008 AGUNG BUDI UTOMO
2300002944;BI-FAST CR TRANSFER DR 002 JAKARTA SENTRA ARO
2300007706;BI-FAST CR TRANSFER DR 002 MERISHA AYU PERMAT
2300017492;BI-FAST CR TRANSFER DR 009 MAYA JOESTITA ROCH
2300018674;BI-FAST CR TRANSFER DR 451 ALFIANDIMASSAPUTRA
2300015249;BI-FAST CR TRANSFER DR 008 HAYKAL DZAKRY WIDJ
2300007137;BI-FAST CR TRANSFER DR 032 PT Kerry Ingredien
2300017994;BI-FAST CR TRANSFER DR 501 Raka Ardiwan
2300016623;BI-FAST CR TRANSFER DR 535 RATIH
2300018459;BI-FAST CR TRANSFER DR 562 LIM DIANA
2300017562;BI-FAST CR TRANSFER DR 036 EASTERN EXPANDING
2300016664;BI-FAST CR TRANSFER DR 008 BERKAH BOGA MANDIR
2300010936;BI-FAST CR TRANSFER DR 022 KAKIATNA AGRO INDO
2300010936;BI-FAST CR TRANSFER DR 022 KAKIATNA AGRO INDO
2300011782;BI-FAST CR TRANSFER DR 535 VEGA DIAN ISTIQOMA
2300010936;BI-FAST CR TRANSFER DR 022 KAKIATNA AGRO INDO
2300010936;BI-FAST CR TRANSFER DR 022 KAKIATNA AGRO INDO
2300015203;BI-FAST CR TRANSFER DR 022 GENESIS INDONESIA
2300018386;BI-FAST CR TRANSFER DR 008 MAJA RUANG DELAPAN
2300017936;BI-FAST CR TRANSFER DR 008 TERIGU TELUR GULA
2300014642;BI-FAST CR TRANSFER DR 542 VITA DIAN PUTRI
2300017079;BI-FAST CR TRANSFER DR 501 Ridwan Riswandi
2300017079;BI-FAST CR TRANSFER DR 501 Ridwan Riswandi
2300009307;BI-FAST CR TRANSFER DR 009 SATRIA MAJU BERSAM
2300017079;BI-FAST CR TRANSFER DR 501 Ridwan Riswandi
2300017079;BI-FAST CR TRANSFER DR 501 Ridwan Riswandi
2300017079;BI-FAST CR TRANSFER DR 501 Ridwan Riswandi
2300016423;BI-FAST CR TRANSFER DR 008 DEA UMYATI
2300009192;BI-FAST CR TRANSFER DR 022 CLASSIC FINE FOODS
2300009752;BI-FAST CR TRANSFER DR 028 ADICIPTA BOGA INTI
2300009752;BI-FAST CR TRANSFER DR 028 ADICIPTA BOGA INTI
2300017872;BI-FAST CR TRANSFER DR 008 JASA KREASI SETRIA
2300009752;BI-FAST CR TRANSFER DR 028 ADICIPTA BOGA INTI
2300009752;BI-FAST CR TRANSFER DR 028 ADICIPTA BOGA INTI
2300009752;BI-FAST CR TRANSFER DR 028 ADICIPTA BOGA INTI
2300009752;BI-FAST CR TRANSFER DR 028 ADICIPTA BOGA INTI
2300018175;BI-FAST CR TRANSFER DR 008 POLA RASA NUSANTAR
2300008905;BI-FAST CR TRANSFER DR 008 TABUNGAN BISNIS PU
2300008905;BI-FAST CR TRANSFER DR 008 TABUNGAN BISNIS PU
2300008905;BI-FAST CR TRANSFER DR 008 TABUNGAN BISNIS PU
2300008929;BI-FAST CR TRANSFER DR 008 YUDHO WANDONO ANGG
2300017901;BI-FAST CR TRANSFER DR 009 RFA KHARISMA INTER
2300013780;BI-FAST CR TRANSFER DR 008 JEDO ABADI LESTARI
2300016910;BI-FAST CR TRANSFER DR 009 ARSA AMERTA NUGRAH
2300016167;BI-FAST CR TRANSFER DR 028 HIOE MELANIE PRAST
2300016665;BI-FAST CR TRANSFER DR 008 OCTAVIANI
2300016603;BI-FAST CR TRANSFER DR 008 DWI PUSPITA ANGGRA
2300016249;BI-FAST CR TRANSFER DR 008 TAFIA PUTRI S. RAM
2300017034;BI-FAST CR TRANSFER DR 002 TEZAR MAULANA ZAKY
2300006925;BI-FAST CR TRANSFER DR 009 VIDYANTI
2300013207;BI-FAST CR TRANSFER DR 002 Q-THA SURYA PRATAM
2300017409;BI-FAST CR TRANSFER DR 008 SARAH AFIFAH AZ ZA
2300012106;BI-FAST CR TRANSFER DR 213 EVIELINA HERMAWATY
2300018393;BI-FAST CR TRANSFER DR 008 M SHOKHI
2300016860;BI-FAST CR TRANSFER DR 008 HIRES KREASI PRATA
2300016346;BI-FAST CR TRANSFER DR 022 RUDY KURNIA SEJATI
2300016346;BI-FAST CR TRANSFER DR 022 RUDY KURNIA SEJATI
2300018607;BI-FAST CR TRANSFER DR 501 Carlos Daniel
2300013876;BI-FAST CR TRANSFER DR 002 COTTA TERRA PRIMA
2300017069;BI-FAST CR TRANSFER DR 535 GENTA RAMA SUFIS
2300017078;BI-FAST CR TRANSFER DR 501 Rafly Rihza Arrohi
2300018416;BI-FAST CR TRANSFER DR 451 ADHIYANUARTRIKURNI
2300012044;BI-FAST CR TRANSFER DR 008 DIPURI SELARAS MEM
2300016989;BI-FAST CR TRANSFER DR 501 Armand Hermansyah
2300017079;BI-FAST CR TRANSFER DR 501 Ridwan Riswandi
2300015633;BI-FAST CR TRANSFER DR 028 GABRIELLA GUSTIAWA
2300008929;BI-FAST CR TRANSFER DR 008 YUDHO WANDONO ANGG
2300015012;BI-FAST CR TRANSFER DR 501 Susanti Dewijana
2300016533;BI-FAST CR TRANSFER DR 009 FAISAL HAFIZ MAHAK
2300009752;BI-FAST CR TRANSFER DR 028 ADICIPTA BOGA INTI
2300009752;BI-FAST CR TRANSFER DR 028 ADICIPTA BOGA INTI
2300009752;BI-FAST CR TRANSFER DR 028 ADICIPTA BOGA INTI
2300009752;BI-FAST CR TRANSFER DR 028 ADICIPTA BOGA INTI
2300009752;BI-FAST CR TRANSFER DR 028 ADICIPTA BOGA INTI
2300009752;BI-FAST CR TRANSFER DR 028 ADICIPTA BOGA INTI
2300009752;BI-FAST CR TRANSFER DR 028 ADICIPTA BOGA INTI
2300017967;BI-FAST CR TRANSFER DR 542 SAMUEL OKVRIANTO
2300018072;BI-FAST CR TRANSFER DR 002 MAHENDRA DICKY SAP
2300015833;BI-FAST CR TRANSFER DR 009 ANDHIKA NUR PRATAM
2300015249;BI-FAST CR TRANSFER DR 008 HAYKAL DZAKRY WIDJ
2300015919;BI-FAST CR TRANSFER DR 002 GEDUNG PINANG SELA
2300013650;BI-FAST CR TRANSFER DR 009 SIMSEM PAYROLL BNI
2300018697;BI-FAST CR TRANSFER DR 008 OKTORIANUS ZEBUA
2300015997;BI-FAST CR TRANSFER DR 022 DEANDI PRIMOSAPUTE
2300018174;BI-FAST CR TRANSFER DR 535 FEBBI FAUZIAH
2300018416;BI-FAST CR TRANSFER DR 451 ADHIYANUARTRIKURNI
2300017838;BI-FAST CR TRANSFER DR 013 NURYANI
2300017570;BI-FAST CR TRANSFER DR 008 AGREYA BERKAH INDO
2300014999;BI-FAST CR TRANSFER DR 002 APRILIYANTO DANIEL
2300017279;BI-FAST CR TRANSFER DR 008 RAHMAT GOZALI
2300018040;BI-FAST CR TRANSFER DR 008 IRWAN HERMAWAN
2300017936;BI-FAST CR TRANSFER DR 008 TERIGU TELUR GULA
2300017911;BI-FAST CR TRANSFER DR 008 CAKRA MAJU JAYA
2300015533;BI-FAST CR TRANSFER DR 008 POLARIS INSTRUMENT
2300017922;BI-FAST CR TRANSFER DR 008 DINARRI
2300018203;BI-FAST CR TRANSFER DR 008 ELISABETH FISKARAN
2300018504;BI-FAST CR TRANSFER DR 008 DEDE GUNAWAN
2300015435;BI-FAST CR TRANSFER DR 008 PUTRA JAYUSA
2300014933;BI-FAST CR TRANSFER DR 451 KOPKARSYAHBSIQQKRW
2300011370;BI-FAST CR TRANSFER DR 023 WANATA JAYA CIPTA,
2300017079;BI-FAST CR TRANSFER DR 501 Ridwan Riswandi
2300015661;BI-FAST CR TRANSFER DR 002 PT SAYAP SUKSES SE
2300017428;BI-FAST CR TRANSFER DR 009 TIGO TUNGKU SAHATI
2300017901;BI-FAST CR TRANSFER DR 009 RFA KHARISMA INTER
2300016837;BI-FAST CR TRANSFER DR 426 MAWAR SARI MAKMUR
2300016167;BI-FAST CR TRANSFER DR 028 HIOE MELANIE PRAST
2300016603;BI-FAST CR TRANSFER DR 008 DWI PUSPITA ANGGRA
2300001043;BI-FAST CR TRANSFER DR 426 TRANS COFFEE
2300010687;BI-FAST CR TRANSFER DR 002 AGUNG PRASETYO
2300017156;BI-FAST CR TRANSFER DR 028 RIVA LAURITZ
2300018120;BI-FAST CR TRANSFER DR 008 RISSA AULIA
2300017184;BI-FAST CR TRANSFER DR 008 FEDERASI KANAL
2300016738;BI-FAST CR TRANSFER DR 002 PT TIGA SEKAWAN SA
2300011768;BI-FAST CR TRANSFER DR 031 PT TRAVELOKA INDON
2300014697;BI-FAST CR TRANSFER DR 031 PT TRINUSA TRAVELI
2300010936;BI-FAST CR TRANSFER DR 022 KAKIATNA AGRO INDO
2300010936;BI-FAST CR TRANSFER DR 022 KAKIATNA AGRO INDO
2300017034;BI-FAST CR TRANSFER DR 002 TEZAR MAULANA ZAKY
2300015452;BI-FAST CR TRANSFER DR 009 JEL JAYA LESTARI
2300007028;BI-FAST CR TRANSFER DR 013 RITA SUKMAWANGI,SE
2300014898;BI-FAST CR TRANSFER DR 002 NUR RATIH KUSUMANI
2300016056;BI-FAST CR TRANSFER DR 213 AGUR HARJANTO
2300011554;BI-FAST CR TRANSFER DR 009 ADIRAI SUMBER REJE
2300018371;BI-FAST CR TRANSFER DR 426 TERRY YULIANTO VEN
2300017085;BI-FAST CR TRANSFER DR 023 ALEXANDRA CORRADIN
2300016538;BI-FAST CR TRANSFER DR 002 MUTAALIDA
2300014329;BI-FAST CR TRANSFER DR 153 CV CATUR NIAGA SEN
2300015209;BI-FAST CR TRANSFER DR 153 CV BARU TANJAKAN
2300015209;BI-FAST CR TRANSFER DR 153 CV BARU TANJAKAN
2300007137;BI-FAST CR TRANSFER DR 032 PT Kerry Ingredien
2300018659;BI-FAST CR TRANSFER DR 535 RIRIK KAFILA
2300016167;BI-FAST CR TRANSFER DR 028 HIOE MELANIE PRAST
2300015723;BI-FAST CR TRANSFER DR 009 SIMSEM PAYROLL BNI
2300015092;BI-FAST CR TRANSFER DR 008 RAJASA INTAMA
2300016996;BI-FAST CR TRANSFER DR 002 POCUT AMANDA SYAHR
2300017289;BI-FAST CR TRANSFER DR 008 MITRA DAGANG MADAN
2300018272;BI-FAST CR TRANSFER DR 002 FEBRIKA RIZKI FANO
2300014944;BI-FAST CR TRANSFER DR 153 CV MADI MARI BERJA
2300015777;BI-FAST CR TRANSFER DR 022 ROSSI SOFIAH HARDI
2300009192;BI-FAST CR TRANSFER DR 022 CLASSIC FINE FOODS
2300017448;BI-FAST CR TRANSFER DR 002 KEENAN ARDYANTO
2300015203;BI-FAST CR TRANSFER DR 022 GENESIS INDONESIA
2300015203;BI-FAST CR TRANSFER DR 022 GENESIS INDONESIA
2300013646;BI-FAST CR TRANSFER DR 008 LAILUL MUFARIDAH
2300017069;BI-FAST CR TRANSFER DR 535 GENTA RAMA SUFIS
2300017136;BI-FAST CR TRANSFER DR 008 SARAH AZZAHRA
2300018066;BI-FAST CR TRANSFER DR 002 Fadlu Rochman
2300008929;BI-FAST CR TRANSFER DR 008 YUDHO WANDONO ANGG
2300016910;BI-FAST CR TRANSFER DR 009 ARSA AMERTA NUGRAH
2300015427;BI-FAST CR TRANSFER DR 008 AMARTA KARYA SEJAH
2300011370;BI-FAST CR TRANSFER DR 023 WANATA JAYA CIPTA,
2300017872;BI-FAST CR TRANSFER DR 008 JASA KREASI SETRIA
2300018508;BI-FAST CR TRANSFER DR 022 NDAN MASBON USARI
2300017044;BI-FAST CR TRANSFER DR 490 ANASTALISIA KUSUMA
2300016201;BI-FAST CR TRANSFER DR 028 FENNY
2300015203;BI-FAST CR TRANSFER DR 022 GENESIS INDONESIA
2300016665;BI-FAST CR TRANSFER DR 008 OCTAVIANI
2300017044;BI-FAST CR TRANSFER DR 490 ANASTALISIA KUSUMA
2300018273;BI-FAST CR TRANSFER DR 008 KELOLA SARANA JAYA
2300014400;BI-FAST CR TRANSFER DR 002 FILOSOFI KOPI SEJA
2300018393;BI-FAST CR TRANSFER DR 008 M SHOKHI
2300017652;BI-FAST CR TRANSFER DR 008 DAVID ROMANO L
2300017570;BI-FAST CR TRANSFER DR 008 AGREYA BERKAH INDO
2300017215;BI-FAST CR TRANSFER DR 002 ANDREAS
2300017168;BI-FAST CR TRANSFER DR 022 KREASI ABADI SELAR
2300016664;BI-FAST CR TRANSFER DR 008 BERKAH BOGA MANDIR
2300010936;BI-FAST CR TRANSFER DR 022 KAKIATNA AGRO INDO
2300010936;BI-FAST CR TRANSFER DR 022 KAKIATNA AGRO INDO
2300000838;BI-FAST CR TRANSFER DR 022 KITCHENETTE LESTAR
2300018393;BI-FAST CR TRANSFER DR 008 M SHOKHI
2300018444;BI-FAST CR TRANSFER DR 002 LESTARI
2300018312;BI-FAST CR TRANSFER DR 002 DIASTIKA SEPHIRA A
2300012801;BI-FAST CR TRANSFER DR 008 UMIATY HASANAH
2300015155;BI-FAST CR TRANSFER DR 008 FIRDAUS NIKMATULLA
2300016423;BI-FAST CR TRANSFER DR 008 DEA UMYATI
2300017885;BI-FAST CR TRANSFER DR 013 EKO NURCAHYANTO
2300015919;BI-FAST CR TRANSFER DR 002 GEDUNG PINANG SELA
2300018714;BI-FAST CR TRANSFER DR 008 YUNUS RANTE TANDUN
2300018604;BI-FAST CR TRANSFER DR 008 MAUDREY ALESIA
2300017079;BI-FAST CR TRANSFER DR 501 Ridwan Riswandi
2300017079;BI-FAST CR TRANSFER DR 501 Ridwan Riswandi
2300017079;BI-FAST CR TRANSFER DR 501 Ridwan Riswandi
2300013780;BI-FAST CR TRANSFER DR 008 JEDO ABADI LESTARI
2300018515;BI-FAST CR TRANSFER DR 008 ERHAN
2300018622;BI-FAST CR TRANSFER DR 008 SENADA SEJAHTERA B
2300013595;BI-FAST CR TRANSFER DR 009 SUASANA KREATIF IN
2300018203;BI-FAST CR TRANSFER DR 008 ELISABETH FISKARAN
2300017653;BI-FAST CR TRANSFER DR 008 AGUS CHANDRA WAHYU
2300018363;BI-FAST CR TRANSFER DR 008 NUSAPALA SARANA KR
2300017817;BI-FAST CR TRANSFER DR 008 FINCENT EHUD LAWRE
2300016885;BI-FAST CR TRANSFER DR 535 LENNY WONGSODIHARD
2300014642;BI-FAST CR TRANSFER DR 542 VITA DIAN PUTRI
2300018671;BI-FAST CR TRANSFER DR 008 EZRA NEHEMIA PARDE
2300017079;BI-FAST CR TRANSFER DR 501 Ridwan Riswandi
2300017079;BI-FAST CR TRANSFER DR 501 Ridwan Riswandi
2300016346;BI-FAST CR TRANSFER DR 022 RUDY KURNIA SEJATI
2300016346;BI-FAST CR TRANSFER DR 022 RUDY KURNIA SEJATI
2300017069;BI-FAST CR TRANSFER DR 535 GENTA RAMA SUFIS
2300014606;BI-FAST CR TRANSFER DR 013 DEBORA NG
2300008706;BI-FAST CR TRANSFER DR 008 ANDIKA AJIESASTRA
2300016062;BI-FAST CR TRANSFER DR 008 CAHAYA INDAH ASIA
2300015833;BI-FAST CR TRANSFER DR 009 ANDHIKA NUR PRATAM
2300016883;BI-FAST CR TRANSFER DR 002 PT BUGAR JIWA RAGA
2300018165;BI-FAST CR TRANSFER DR 009 MOOKIE TITIK TERAN
2300017123;BI-FAST CR TRANSFER DR 008 I GST AYU AGUNG MA
2300015012;BI-FAST CR TRANSFER DR 501 Susanti Dewijana
2300018463;BI-FAST CR TRANSFER DR 008 FAJRI ADDAILAMI TR
2300016215;BI-FAST CR TRANSFER DR 002 ACHMAD JUPRI
2300018483;BI-FAST CR TRANSFER DR 451 WINDAARINAWATI
2300017262;BI-FAST CR TRANSFER DR 008 KOPERASI KONSUMEN
2300010936;BI-FAST CR TRANSFER DR 022 KAKIATNA AGRO INDO
2300010936;BI-FAST CR TRANSFER DR 022 KAKIATNA AGRO INDO
2300018416;BI-FAST CR TRANSFER DR 451 ADHIYANUARTRIKURNI
2300018079;BI-FAST CR TRANSFER DR 501 Jessica Kwong
2300018079;BI-FAST CR TRANSFER DR 501 Jessica Kwong
2300008929;BI-FAST CR TRANSFER DR 008 YUDHO WANDONO ANGG
2300015533;BI-FAST CR TRANSFER DR 008 POLARIS INSTRUMENT
2300001305;BI-FAST CR TRANSFER DR 008 RAJA RASA ALAMI
2300016623;BI-FAST CR TRANSFER DR 535 RATIH
2300016167;BI-FAST CR TRANSFER DR 028 HIOE MELANIE PRAST
2300016960;BI-FAST CR TRANSFER DR 002 FAJAR RAHMAT ALAMS
2300015092;BI-FAST CR TRANSFER DR 008 RAJASA INTAMA
2300015092;BI-FAST CR TRANSFER DR 008 RAJASA INTAMA
2300016122;BI-FAST CR TRANSFER DR 523 EXPAT Roasters
2300018053;BI-FAST CR TRANSFER DR 008 TRI SUBAGYO
2300012660;BI-FAST CR TRANSFER DR 046 BELLY YUMMY FOODS
2300014642;BI-FAST CR TRANSFER DR 542 VITA DIAN PUTRI
2300015931;BI-FAST CR TRANSFER DR 028 ISYE FITRIYULIASTU
2300017930;BI-FAST CR TRANSFER DR 009 AMINAH NUR HAYATI
2300017936;BI-FAST CR TRANSFER DR 008 TERIGU TELUR GULA
2300017262;BI-FAST CR TRANSFER DR 008 KOPERASI KONSUMEN
2300017034;BI-FAST CR TRANSFER DR 002 TEZAR MAULANA ZAKY
2300017079;BI-FAST CR TRANSFER DR 501 Ridwan Riswandi
2300017079;BI-FAST CR TRANSFER DR 501 Ridwan Riswandi
2300017389;BI-FAST CR TRANSFER DR 008 ANANDA EKA WIJAYA
2300016890;BI-FAST CR TRANSFER DR 002 MOHAMAD FIRMAN SYA
2300017901;BI-FAST CR TRANSFER DR 009 RFA KHARISMA INTER
2300017428;BI-FAST CR TRANSFER DR 009 TIGO TUNGKU SAHATI
2300018181;BI-FAST CR TRANSFER DR 019 PERKASA MITRA CE
2300016665;BI-FAST CR TRANSFER DR 008 OCTAVIANI
2300014808;BI-FAST CR TRANSFER DR 008 DICKY MAULANA HARS
2300012940;BI-FAST CR TRANSFER DR 008 SELLY STEPANI
2300016603;BI-FAST CR TRANSFER DR 008 DWI PUSPITA ANGGRA
2300007109;BI-FAST CR TRANSFER DR 028 MAXIM JAYADI ABADI
2300007109;BI-FAST CR TRANSFER DR 028 MAXIM JAYADI ABADI
2300007137;BI-FAST CR TRANSFER DR 032 PT Kerry Ingredien
2300017156;BI-FAST CR TRANSFER DR 028 RIVA LAURITZ
2300017215;BI-FAST CR TRANSFER DR 002 ANDREAS
2300011768;BI-FAST CR TRANSFER DR 031 PT TRAVELOKA INDON
2000066431;BI-FAST CR TRANSFER DR 008 YUMMY FOOD UTAMA
2300014697;BI-FAST CR TRANSFER DR 031 PT TRINUSA TRAVELI
2300016259;BI-FAST CR TRANSFER DR 008 HANA RIZKA EFRILIA
2300010936;BI-FAST CR TRANSFER DR 022 KAKIATNA AGRO INDO
2300010936;BI-FAST CR TRANSFER DR 022 KAKIATNA AGRO INDO
2300009307;BI-FAST CR TRANSFER DR 009 SATRIA MAJU BERSAM
2300014786;BI-FAST CR TRANSFER DR 002 HAVA CREATION INTE
2300015016;BI-FAST CR TRANSFER DR 008 MAULANA AULIA RAHM
2300017382;BI-FAST CR TRANSFER DR 542 FARIS BUDIMAN ANNA
2300014933;BI-FAST CR TRANSFER DR 451 KOPKARSYAHBSIQQKRW
2300017085;BI-FAST CR TRANSFER DR 023 ALEXANDRA CORRADIN
2300018175;BI-FAST CR TRANSFER DR 008 POLA RASA NUSANTAR
2300016611;BI-FAST CR TRANSFER DR 022 RIA SRI WOELANDARI
2300016611;BI-FAST CR TRANSFER DR 022 RIA SRI WOELANDARI
2300016611;BI-FAST CR TRANSFER DR 022 RIA SRI WOELANDARI
2300016611;BI-FAST CR TRANSFER DR 022 RIA SRI WOELANDARI
2300018191;BI-FAST CR TRANSFER DR 028 KARYA ANAK UNGGUL
2300018191;BI-FAST CR TRANSFER DR 028 KARYA ANAK UNGGUL
2300011370;BI-FAST CR TRANSFER DR 023 WANATA JAYA CIPTA,
2300008929;BI-FAST CR TRANSFER DR 008 YUDHO WANDONO ANGG
2300018604;BI-FAST CR TRANSFER DR 008 MAUDREY ALESIA
2300018416;BI-FAST CR TRANSFER DR 451 ADHIYANUARTRIKURNI
2300017409;BI-FAST CR TRANSFER DR 008 SARAH AFIFAH AZ ZA
2300011171;BI-FAST CR TRANSFER DR 002 PUNCAK LEMBAH HIJA
2300017079;BI-FAST CR TRANSFER DR 501 Ridwan Riswandi
2300018165;BI-FAST CR TRANSFER DR 009 MOOKIE TITIK TERAN
2300015777;BI-FAST CR TRANSFER DR 022 ROSSI SOFIAH HARDI
2300004907;BI-FAST CR TRANSFER DR 008 KETJIL KREASI SIGN
2300015203;BI-FAST CR TRANSFER DR 022 GENESIS INDONESIA
2300016133;BI-FAST CR TRANSFER DR 008 SUSI SULASTRI
2300015203;BI-FAST CR TRANSFER DR 022 GENESIS INDONESIA
2300017184;BI-FAST CR TRANSFER DR 008 MUSHAB ALI
2300017184;BI-FAST CR TRANSFER DR 008 MUSHAB ALI
2300013650;BI-FAST CR TRANSFER DR 009 SIMSEM PAYROLL BNI
2300017184;BI-FAST CR TRANSFER DR 008 FEDERASI KANAL
2300009192;BI-FAST CR TRANSFER DR 022 CLASSIC FINE FOODS
2300016910;BI-FAST CR TRANSFER DR 009 ARSA AMERTA NUGRAH
2300017901;BI-FAST CR TRANSFER DR 009 RFA KHARISMA INTER
2300017872;BI-FAST CR TRANSFER DR 008 JASA KREASI SETRIA
2300015427;BI-FAST CR TRANSFER DR 008 AMARTA KARYA SEJAH
2300016248;BI-FAST CR TRANSFER DR 008 DJUWITA FANYWATI S
2300017302;BI-FAST CR TRANSFER DR 008 YOLLIE WAURAN
2300002944;BI-FAST CR TRANSFER DR 002 JAKARTA SENTRA ARO
2300009771;BI-FAST CR TRANSFER DR 028 KOPITAGRAM SERUPUT
2300013152;BI-FAST CR TRANSFER DR 426 GABRIELLA ASTITI H
2300001305;BI-FAST CR TRANSFER DR 008 RAJA RASA ALAMI
2300016837;BI-FAST CR TRANSFER DR 426 MAWAR SARI MAKMUR
2300016837;BI-FAST CR TRANSFER DR 426 MAWAR SARI MAKMUR
2300012106;BI-FAST CR TRANSFER DR 213 EVIELINA HERMAWATY
2300017069;BI-FAST CR TRANSFER DR 472 GENTA RAMA SUFIS
2300000838;BI-FAST CR TRANSFER DR 022 KITCHENETTE LESTAR
2300005430;BI-FAST CR TRANSFER DR 008 JALAN SALURAN BERK
2300010936;BI-FAST CR TRANSFER DR 022 KAKIATNA AGRO INDO
2300010936;BI-FAST CR TRANSFER DR 022 KAKIATNA AGRO INDO
2300008929;BI-FAST CR TRANSFER DR 008 YUDHO WANDONO ANGG
2300015833;BI-FAST CR TRANSFER DR 009 ANDHIKA NUR PRATAM
2300018714;BI-FAST CR TRANSFER DR 008 YUNUS RANTE TANDUN
2300015630;BI-FAST CR TRANSFER DR 002 DINI INDRIYANI
2300015919;BI-FAST CR TRANSFER DR 002 GEDUNG PINANG SELA
2300010516;BI-FAST CR TRANSFER DR 022 DCIKA PRIMA MAHKOT
2300018508;BI-FAST CR TRANSFER DR 022 NDAN MASBON USARI
2300018348;BI-FAST CR TRANSFER DR 002 RICKY YANSEN
2300018750;BI-FAST CR TRANSFER DR 008 KREASI ABADI JAYAT
2300018120;BI-FAST CR TRANSFER DR 008 RISSA AULIA
2300016664;BI-FAST CR TRANSFER DR 008 BERKAH BOGA MANDIR
2000066431;BI-FAST CR TRANSFER DR 008 YUMMY FOOD UTAMA
2300017570;BI-FAST CR TRANSFER DR 008 AGREYA BERKAH INDO
2300017570;BI-FAST CR TRANSFER DR 008 AGREYA BERKAH INDO
2300011782;BI-FAST CR TRANSFER DR 535 VEGA DIAN ISTIQOMA
2300008905;BI-FAST CR TRANSFER DR 008 TABUNGAN BISNIS PU
2300013780;BI-FAST CR TRANSFER DR 008 JEDO ABADI LESTARI
2300010531;BI-FAST CR TRANSFER DR 022 SEPULUH SEPULUH ST
2300016167;BI-FAST CR TRANSFER DR 028 HIOE MELANIE PRAST
2300017079;BI-FAST CR TRANSFER DR 501 Ridwan Riswandi
2300017079;BI-FAST CR TRANSFER DR 501 Ridwan Riswandi
2300017079;BI-FAST CR TRANSFER DR 501 Ridwan Riswandi
2300018219;BI-FAST CR TRANSFER DR 013 FELICIA APRILIANY
2300013207;BI-FAST CR TRANSFER DR 002 Q-THA SURYA PRATAM
2300008929;BI-FAST CR TRANSFER DR 008 YUDHO WANDONO ANGG
2300007215;BI-FAST CR TRANSFER DR 087 HADIPUTRANTO HADIN
2300017652;BI-FAST CR TRANSFER DR 008 DAVID ROMANO L
2300016346;BI-FAST CR TRANSFER DR 022 RUDY KURNIA SEJATI
2300018416;BI-FAST CR TRANSFER DR 451 ADHIYANUARTRIKURNI
2300016167;BI-FAST CR TRANSFER DR 028 HIOE MELANIE PRAST
2300014642;BI-FAST CR TRANSFER DR 542 VITA DIAN PUTRI
2300014642;BI-FAST CR TRANSFER DR 542 VITA DIAN PUTRI
2300018444;BI-FAST CR TRANSFER DR 002 LESTARI
2300016603;BI-FAST CR TRANSFER DR 008 DWI PUSPITA ANGGRA
2300017562;BI-FAST CR TRANSFER DR 036 EASTERN EXPANDING
2300017838;BI-FAST CR TRANSFER DR 008 NURYANI
2300016196;BI-FAST CR TRANSFER DR 535 ANGGI ADELIA FEBRI
2300018393;BI-FAST CR TRANSFER DR 008 M SHOKHI
2300012954;BI-FAST CR TRANSFER DR 535 MUHAMMAD ALI FAJAR
2300016062;BI-FAST CR TRANSFER DR 008 CAHAYA INDAH ASIA
2300008929;BI-FAST CR TRANSFER DR 008 YUDHO WANDONO ANGG
2300015533;BI-FAST CR TRANSFER DR 008 POLARIS INSTRUMENT
2300018203;BI-FAST CR TRANSFER DR 008 ELISABETH FISKARAN
2300010687;BI-FAST CR TRANSFER DR 002 AGUNG PRASETYO
2300010936;BI-FAST CR TRANSFER DR 022 KAKIATNA AGRO INDO
2300010936;BI-FAST CR TRANSFER DR 022 KAKIATNA AGRO INDO
2300018445;BI-FAST CR TRANSFER DR 009 DELLA ANANDA DAMAY
2300016943;BI-FAST CR TRANSFER DR 426 SRI AULIA FITRI
2300017289;BI-FAST CR TRANSFER DR 008 MITRA DAGANG MADAN
2300015149;BI-FAST CR TRANSFER DR 008 MOMENTUM MENUJU KE
2300013650;BI-FAST CR TRANSFER DR 009 SIMSEM PAYROLL BNI
2300017279;BI-FAST CR TRANSFER DR 008 RAHMAT GOZALI
2300018126;BI-FAST CR TRANSFER DR 009 ANDRI DWIANTO IRAW
2300017514;BI-FAST CR TRANSFER DR 008 KORI-HABITAT UNTUK
2300017514;BI-FAST CR TRANSFER DR 008 SAOLA-HABITAT UNTU
2300017448;BI-FAST CR TRANSFER DR 002 KEENAN ARDYANTO
2300012660;BI-FAST CR TRANSFER DR 046 BELLY YUMMY FOODS
2300017034;BI-FAST CR TRANSFER DR 002 TEZAR MAULANA ZAKY
2300017069;BI-FAST CR TRANSFER DR 472 GENTA RAMA SUFIS
2300018175;BI-FAST CR TRANSFER DR 008 POLA RASA NUSANTAR
2300017936;BI-FAST CR TRANSFER DR 008 TERIGU TELUR GULA
2300017262;BI-FAST CR TRANSFER DR 008 KOPERASI KONSUMEN
2300017079;BI-FAST CR TRANSFER DR 501 Ridwan Riswandi
2300017079;BI-FAST CR TRANSFER DR 501 Ridwan Riswandi
2300017079;BI-FAST CR TRANSFER DR 501 Ridwan Riswandi
2300018504;BI-FAST CR TRANSFER DR 008 DEDE GUNAWAN
2300016346;BI-FAST CR TRANSFER DR 022 RUDY KURNIA SEJATI
2300016346;BI-FAST CR TRANSFER DR 022 RUDY KURNIA SEJATI
2300018483;BI-FAST CR TRANSFER DR 451 WINDAARINAWATI
2300017789;BI-FAST CR TRANSFER DR 008 AGUNG BUDI UTOMO
2300007109;BI-FAST CR TRANSFER DR 028 MAXIM JAYADI ABADI
2300007109;BI-FAST CR TRANSFER DR 028 MAXIM JAYADI ABADI
2300015992;BI-FAST CR TRANSFER DR 002 DWI URIP SUGIYANTO
2300018079;BI-FAST CR TRANSFER DR 501 Jessica Kwong
2300018312;BI-FAST CR TRANSFER DR 002 DIASTIKA SEPHIRA A
2300013207;BI-FAST CR TRANSFER DR 002 Q-THA SURYA PRATAM
2300018192;BI-FAST CR TRANSFER DR 008 N K MUH IBRAHIM KU
2300015092;BI-FAST CR TRANSFER DR 008 RAJASA INTAMA
2300016665;BI-FAST CR TRANSFER DR 008 OCTAVIANI
2300017317;BI-FAST CR TRANSFER DR 548 RIBKA BRILLYAND AN
2300017400;BI-FAST CR TRANSFER DR 002 VIVI ANGELINA
2300016422;BI-FAST CR TRANSFER DR 008 MUHAMAD ARIGHI
2300016167;BI-FAST CR TRANSFER DR 028 HIOE MELANIE PRAST
2300016858;BI-FAST CR TRANSFER DR 009 ELSA VERLY TAMBUNA
2300008691;BI-FAST CR TRANSFER DR 022 HERBERT TANUDJAJA
2300008691;BI-FAST CR TRANSFER DR 022 HERBERT TANUDJAJA
2300008691;BI-FAST CR TRANSFER DR 022 HERBERT TANUDJAJA
2300011768;BI-FAST CR TRANSFER DR 031 PT TRAVELOKA INDON
2300015452;BI-FAST CR TRANSFER DR 009 JEL JAYA LESTARI
2300010936;BI-FAST CR TRANSFER DR 022 KAKIATNA AGRO INDO
2300010936;BI-FAST CR TRANSFER DR 022 KAKIATNA AGRO INDO
2300018272;BI-FAST CR TRANSFER DR 002 FEBRIKA RIZKI FANO
2300007215;BI-FAST CR TRANSFER DR 087 HADIPUTRANTO HADIN
2300010105;BI-FAST CR TRANSFER DR 008 KOPKAR MADANI ASTR
2300017168;BI-FAST CR TRANSFER DR 022 KREASI ABADI SELAR
2300015777;BI-FAST CR TRANSFER DR 022 ROSSI SOFIAH HARDI
2000066431;BI-FAST CR TRANSFER DR 008 YUMMY FOOD UTAMA
2300015209;BI-FAST CR TRANSFER DR 153 CV BARU TANJAKAN
2300014329;BI-FAST CR TRANSFER DR 153 CV CATUR NIAGA SEN
2300017922;BI-FAST CR TRANSFER DR 008 DINARRI
2300011289;BI-FAST CR TRANSFER DR 008 NOVA ANGGRAINI
2300009183;BI-FAST CR TRANSFER DR 501 Diajeng Nurulita N
2300009183;BI-FAST CR TRANSFER DR 501 Diajeng Nurulita N
2300009183;BI-FAST CR TRANSFER DR 501 Diajeng Nurulita N
2300017847;BI-FAST CR TRANSFER DR 451 ALIRAHMAT
2300009183;BI-FAST CR TRANSFER DR 501 Diajeng Nurulita N
2300017509;BI-FAST CR TRANSFER DR 008 FIRMAN ARVINDRA S
2300008491;BI-FAST CR TRANSFER DR 008 ENDRESS+HAUSER IND
2300001531;BI-FAST CR TRANSFER DR 087 YAYASAN BRITISH SC
2300018371;BI-FAST CR TRANSFER DR 426 TERRY YULIANTO VEN
2300018445;BI-FAST CR TRANSFER DR 009 DELLA ANANDA DAMAY
2300013646;BI-FAST CR TRANSFER DR 008 LAILUL MUFARIDAH
2300016738;BI-FAST CR TRANSFER DR 002 PT TIGA SEKAWAN SA
2300016824;BI-FAST CR TRANSFER DR 022 MAKASSAR TENE
2300010936;BI-FAST CR TRANSFER DR 022 KAKIATNA AGRO INDO
2300010936;BI-FAST CR TRANSFER DR 022 KAKIATNA AGRO INDO
2300016664;BI-FAST CR TRANSFER DR 008 BERKAH BOGA MANDIR
2300017079;BI-FAST CR TRANSFER DR 501 Ridwan Riswandi
2300008929;BI-FAST CR TRANSFER DR 008 YUDHO WANDONO ANGG
2300009192;BI-FAST CR TRANSFER DR 022 CLASSIC FINE FOODS
2300004907;BI-FAST CR TRANSFER DR 008 KETJIL KREASI SIGN
2300016423;BI-FAST CR TRANSFER DR 008 DEA UMYATI
2300015203;BI-FAST CR TRANSFER DR 022 GENESIS INDONESIA
2300018463;BI-FAST CR TRANSFER DR 008 FAJRI ADDAILAMI TR
2300016910;BI-FAST CR TRANSFER DR 009 ARSA AMERTA NUGRAH
2300017872;BI-FAST CR TRANSFER DR 008 JASA KREASI SETRIA
2300018273;BI-FAST CR TRANSFER DR 008 KELOLA SARANA JAYA
2300014933;BI-FAST CR TRANSFER DR 451 KOPKARSYAHBSIQQKRW
2300015533;BI-FAST CR TRANSFER DR 008 POLARIS INSTRUMENT
2300017069;BI-FAST CR TRANSFER DR 472 GENTA RAMA SUFIS
2300016890;BI-FAST CR TRANSFER DR 002 MOHAMAD FIRMAN SYA
2000066431;BI-FAST CR TRANSFER DR 008 YUMMY FOOD UTAMA
2300018202;BI-FAST CR TRANSFER DR 008 IBRAHIM AZHAR
2300018066;BI-FAST CR TRANSFER DR 002 Fadlu Rochman
2300015661;BI-FAST CR TRANSFER DR 002 PT SAYAP SUKSES SE
2300018659;BI-FAST CR TRANSFER DR 535 RIRIK KAFILA
2300011171;BI-FAST CR TRANSFER DR 002 PUNCAK LEMBAH HIJA
2300016906;BI-FAST CR TRANSFER DR 008 WAHYU KURNIA
2300017570;BI-FAST CR TRANSFER DR 008 AGREYA BERKAH INDO
2300016729;BI-FAST CR TRANSFER DR 002 KAMMI GLOBAL NUSAN
2300017079;BI-FAST CR TRANSFER DR 501 Ridwan Riswandi
2300015012;BI-FAST CR TRANSFER DR 501 Susanti Dewijana
2300018444;BI-FAST CR TRANSFER DR 002 LESTARI
2300018495;BI-FAST CR TRANSFER DR 008 MUAMMAR FASYARI
2300018756;BI-FAST CR TRANSFER DR 008 MUHAMAD FERIZAL YU
2300012432;BI-FAST CR TRANSFER DR 023 HENGKY PRASETYO
2300017492;BI-FAST CR TRANSFER DR 009 M SJAHIRUL ALIM
2300017652;BI-FAST CR TRANSFER DR 008 DAVID ROMANO L
2300018416;BI-FAST CR TRANSFER DR 451 ADHIYANUARTRIKURNI
2300008929;BI-FAST CR TRANSFER DR 008 YUDHO WANDONO ANGG
2300017492;BI-FAST CR TRANSFER DR 009 M SJAHIRUL ALIM
2300016167;BI-FAST CR TRANSFER DR 028 HIOE MELANIE PRAST
2300018416;BI-FAST CR TRANSFER DR 451 ADHIYANUARTRIKURNI
2300017409;BI-FAST CR TRANSFER DR 008 SARAH AFIFAH AZ ZA
2300017079;BI-FAST CR TRANSFER DR 501 Ridwan Riswandi
2300013646;BI-FAST CR TRANSFER DR 008 LAILUL MUFARIDAH
2300017034;BI-FAST CR TRANSFER DR 002 TEZAR MAULANA ZAKY
2300012502;BI-FAST CR TRANSFER DR 008 MUHAMMAD OVIE PALK
2300017069;BI-FAST CR TRANSFER DR 472 GENTA RAMA SUFIS
2300012940;BI-FAST CR TRANSFER DR 008 SELLY STEPANI
2300016253;BI-FAST CR TRANSFER DR 008 MITRA LOKACIPTA SE
2300018040;BI-FAST CR TRANSFER DR 008 IRWAN HERMAWAN
2300018393;BI-FAST CR TRANSFER DR 008 M SHOKHI
2300016259;BI-FAST CR TRANSFER DR 008 HANA RIZKA EFRILIA
2300012980;BI-FAST CR TRANSFER DR 002 AFRIDA FATHARANI
2300017289;BI-FAST CR TRANSFER DR 008 MITRA DAGANG MADAN
2300016032;BI-FAST CR TRANSFER DR 451 STEVIFEBRIANTO
2300017112;BI-FAST CR TRANSFER DR 037 FADLY LILAH ILHAM
2300018604;BI-FAST CR TRANSFER DR 008 MAUDREY ALESIA
2300017930;BI-FAST CR TRANSFER DR 009 AMINAH NUR HAYATI
2300012954;BI-FAST CR TRANSFER DR 535 MUHAMMAD ALI FAJAR
2300010936;BI-FAST CR TRANSFER DR 022 KAKIATNA AGRO INDO
2300010936;BI-FAST CR TRANSFER DR 022 KAKIATNA AGRO INDO
2300008929;BI-FAST CR TRANSFER DR 008 YUDHO WANDONO ANGG
2300017085;BI-FAST CR TRANSFER DR 023 ALEXANDRA CORRADIN
2300018072;BI-FAST CR TRANSFER DR 002 MAHENDRA DICKY SAP
2300018272;BI-FAST CR TRANSFER DR 002 FEBRIKA RIZKI FANO
2300017653;BI-FAST CR TRANSFER DR 008 AGUS CHANDRA WAHYU
2300018203;BI-FAST CR TRANSFER DR 008 ELISABETH FISKARAN
2300015106;BI-FAST CR TRANSFER DR 008 NVT SAKTI INDONESI
2300017215;BI-FAST CR TRANSFER DR 002 ANDREAS
2300018564;BI-FAST CR TRANSFER DR 002 MULTI ALAM NUSANTA
2300017899;BI-FAST CR TRANSFER DR 046 SUROSO SP
2300017899;BI-FAST CR TRANSFER DR 046 SUROSO SP
2300017899;BI-FAST CR TRANSFER DR 046 SUROSO SP
2300018776;BI-FAST CR TRANSFER DR 008 RAISYA GISTIANI SE
2300017166;BI-FAST CR TRANSFER DR 002 KULINER PRIMA VIDY
2300016623;BI-FAST CR TRANSFER DR 535 RATIH
2300015709;BI-FAST CR TRANSFER DR 008 DEMPO NIPAH ANDALA
2300018068;BI-FAST CR TRANSFER DR 009 MAULANA LATISETIAD
2300016293;BI-FAST CR TRANSFER DR 501 Ridwan Riswandi
2300018371;BI-FAST CR TRANSFER DR 426 TERRY YULIANTO VEN
2300017078;BI-FAST CR TRANSFER DR 501 Rafly Rihza Arrohi
2300015833;BI-FAST CR TRANSFER DR 009 ANDHIKA NUR PRATAM
2300017425;BI-FAST CR TRANSFER DR 008 AKHMAD RIZKY WICAK
2300018165;BI-FAST CR TRANSFER DR 009 MOOKIE TITIK TERAN
2300012106;BI-FAST CR TRANSFER DR 213 EVIELINA HERMAWATY
2300016738;BI-FAST CR TRANSFER DR 002 PT TIGA SEKAWAN SA
2300009307;BI-FAST CR TRANSFER DR 009 SATRIA MAJU BERSAM
2300009307;BI-FAST CR TRANSFER DR 009 SATRIA MAJU BERSAM
2300012044;BI-FAST CR TRANSFER DR 008 DIPURI SELARAS MEM
2300012659;BI-FAST CR TRANSFER DR 046 BELLY YUMMY FOODS
2300017911;BI-FAST CR TRANSFER DR 008 CAKRA MAJU JAYA
2300015155;BI-FAST CR TRANSFER DR 008 FIRDAUS NIKMATULLA
2300015452;BI-FAST CR TRANSFER DR 009 JEL JAYA LESTARI
2300018750;BI-FAST CR TRANSFER DR 008 KREASI ABADI JAYAT
2300018363;BI-FAST CR TRANSFER DR 008 NUSAPALA SARANA KR
2300018348;BI-FAST CR TRANSFER DR 002 RICKY YANSEN
2300015149;BI-FAST CR TRANSFER DR 008 MOMENTUM MENUJU KE
2300016167;BI-FAST CR TRANSFER DR 028 HIOE MELANIE PRAST
2300015997;BI-FAST CR TRANSFER DR 022 DEANDI PRIMOSAPUTE
2300018363;BI-FAST CR TRANSFER DR 008 NUSAPALA SARANA KR
2300016665;BI-FAST CR TRANSFER DR 008 OCTAVIANI
2300017044;BI-FAST CR TRANSFER DR 490 ANASTALISIA KUSUMA
2300007109;BI-FAST CR TRANSFER DR 028 MAXIM JAYADI ABADI
2300007109;BI-FAST CR TRANSFER DR 028 MAXIM JAYADI ABADI
2300018627;BI-FAST CR TRANSFER DR 008 FARHAN RABBANI DAR
2300008984;BI-FAST CR TRANSFER DR 022 NI KETUT ASTUTY
2300007137;BI-FAST CR TRANSFER DR 032 PT Kerry Ingredien
2300016297;BI-FAST CR TRANSFER DR 008 GUNAWAN
2300018794;BI-FAST CR TRANSFER DR 451 MURSIDAH
2300008490;BI-FAST CR TRANSFER DR 542 Junita Sahara
2300010936;BI-FAST CR TRANSFER DR 022 KAKIATNA AGRO INDO
2300010936;BI-FAST CR TRANSFER DR 022 KAKIATNA AGRO INDO
2300015852;BI-FAST CR TRANSFER DR 501 Maria Magdalena Pe
2300016215;BI-FAST CR TRANSFER DR 002 ACHMAD JUPRI
2300015919;BI-FAST CR TRANSFER DR 002 GEDUNG PINANG SELA
2300015012;BI-FAST CR TRANSFER DR 501 Susanti Dewijana
2300009752;BI-FAST CR TRANSFER DR 028 ADICIPTA BOGA INTI
2300009752;BI-FAST CR TRANSFER DR 028 ADICIPTA BOGA INTI
2300009752;BI-FAST CR TRANSFER DR 028 ADICIPTA BOGA INTI
2300009752;BI-FAST CR TRANSFER DR 028 ADICIPTA BOGA INTI
2300009752;BI-FAST CR TRANSFER DR 028 ADICIPTA BOGA INTI
2300009752;BI-FAST CR TRANSFER DR 028 ADICIPTA BOGA INTI
2300009752;BI-FAST CR TRANSFER DR 028 ADICIPTA BOGA INTI
2300009752;BI-FAST CR TRANSFER DR 028 ADICIPTA BOGA INTI
2300015249;BI-FAST CR TRANSFER DR 008 HAYKAL DZAKRY WIDJ
2300007137;BI-FAST CR TRANSFER DR 032 PT Kerry Ingredien
2300018416;BI-FAST CR TRANSFER DR 451 ADHIYANUARTRIKURNI
2300016293;BI-FAST CR TRANSFER DR 501 Ridwan Riswandi
2300016293;BI-FAST CR TRANSFER DR 501 Ridwan Riswandi
2300016293;BI-FAST CR TRANSFER DR 501 Ridwan Riswandi
2300006554;BI-FAST CR TRANSFER DR 022 PRIMA ISMAYA SEJAH
2300018120;BI-FAST CR TRANSFER DR 008 RISSA AULIA
2300015203;BI-FAST CR TRANSFER DR 022 GENESIS INDONESIA
2300018625;BI-FAST CR TRANSFER DR 008 VARIANTO GUNAWAN
2300017936;BI-FAST CR TRANSFER DR 008 TERIGU TELUR GULA
2300010687;BI-FAST CR TRANSFER DR 002 AGUNG PRASETYO
2300015777;BI-FAST CR TRANSFER DR 022 ROSSI SOFIAH HARDI
2300008929;BI-FAST CR TRANSFER DR 008 YUDHO WANDONO ANGG
2300009192;BI-FAST CR TRANSFER DR 022 CLASSIC FINE FOODS
2300016538;BI-FAST CR TRANSFER DR 002 MUTAALIDA
2300014979;BI-FAST CR TRANSFER DR 008 ATON YULIANTO
2300001056;BI-FAST CR TRANSFER DR 008 GEETEE ROSEN TANUW
2300018393;BI-FAST CR TRANSFER DR 008 M SHOKHI
2300018508;BI-FAST CR TRANSFER DR 022 NDAN MASBON USARI
2300009771;BI-FAST CR TRANSFER DR 028 KOPITAGRAM SERUPUT
2300017156;BI-FAST CR TRANSFER DR 028 RIVA LAURITZ
2300017156;BI-FAST CR TRANSFER DR 028 RIVA LAURITZ
2300015092;BI-FAST CR TRANSFER DR 008 RAJASA INTAMA
2300015203;BI-FAST CR TRANSFER DR 022 GENESIS INDONESIA
2300014808;BI-FAST CR TRANSFER DR 008 DICKY MAULANA HARS
2300016167;BI-FAST CR TRANSFER DR 028 HIOE MELANIE PRAST
2300018053;BI-FAST CR TRANSFER DR 008 TRI SUBAGYO
2300016664;BI-FAST CR TRANSFER DR 008 BERKAH BOGA MANDIR
2300018735;BI-FAST CR TRANSFER DR 008 NEYSA SOFIANA
2300016664;BI-FAST CR TRANSFER DR 008 BERKAH BOGA MANDIR
2300016664;BI-FAST CR TRANSFER DR 008 BERKAH BOGA MANDIR
2300014642;BI-FAST CR TRANSFER DR 542 VITA DIAN PUTRI
2300010936;BI-FAST CR TRANSFER DR 022 KAKIATNA AGRO INDO
2300010936;BI-FAST CR TRANSFER DR 022 KAKIATNA AGRO INDO
2300014400;BI-FAST CR TRANSFER DR 002 FILOSOFI KOPI SEJA
2300016346;BI-FAST CR TRANSFER DR 022 RUDY KURNIA SEJATI
2300017562;BI-FAST CR TRANSFER DR 036 EASTERN EXPANDING
2300016423;BI-FAST CR TRANSFER DR 008 DEA UMYATI
2300017922;BI-FAST CR TRANSFER DR 008 DINARRI
2300016293;BI-FAST CR TRANSFER DR 501 Ridwan Riswandi
2300016293;BI-FAST CR TRANSFER DR 501 Ridwan Riswandi
2300018203;BI-FAST CR TRANSFER DR 008 ELISABETH FISKARAN
2300016062;BI-FAST CR TRANSFER DR 008 CAHAYA INDAH ASIA
2300018393;BI-FAST CR TRANSFER DR 008 M SHOKHI
2300008905;BI-FAST CR TRANSFER DR 008 TABUNGAN BISNIS PU
2300008905;BI-FAST CR TRANSFER DR 008 TABUNGAN BISNIS PU
2300018714;BI-FAST CR TRANSFER DR 008 YUNUS RANTE TANDUN
2300018053;BI-FAST CR TRANSFER DR 008 TRI SUBAGYO
2300016603;BI-FAST CR TRANSFER DR 008 DWI PUSPITA ANGGRA
2300010531;BI-FAST CR TRANSFER DR 022 SEPULUH SEPULUH ST
2300013595;BI-FAST CR TRANSFER DR 009 SUASANA KREATIF IN
2300011171;BI-FAST CR TRANSFER DR 002 PUNCAK LEMBAH HIJA
2300017570;BI-FAST CR TRANSFER DR 008 AGREYA BERKAH INDO
2300016858;BI-FAST CR TRANSFER DR 009 ELSA VERLY TAMBUNA
2300017034;BI-FAST CR TRANSFER DR 002 TEZAR MAULANA ZAKY
2300016249;BI-FAST CR TRANSFER DR 008 TAFIA PUTRI S. RAM
2300012967;BI-FAST CR TRANSFER DR 009 BERKAT LARIS GEMIL
2300016167;BI-FAST CR TRANSFER DR 028 HIOE MELANIE PRAST
2300008929;BI-FAST CR TRANSFER DR 008 YUDHO WANDONO ANGG
2300013666;BI-FAST CR TRANSFER DR 002 GITA DJOEANG SEJAH
2300018607;BI-FAST CR TRANSFER DR 501 Carlos Daniel
2300017382;BI-FAST CR TRANSFER DR 542 FARIS BUDIMAN ANNA
2300006273;BI-FAST CR TRANSFER DR 009 RANU PRATAMA EFEND
2300018483;BI-FAST CR TRANSFER DR 451 WINDAARINAWATI
2300016890;BI-FAST CR TRANSFER DR 002 MOHAMAD FIRMAN SYA
2300008929;BI-FAST CR TRANSFER DR 008 YUDHO WANDONO ANGG
2300016890;BI-FAST CR TRANSFER DR 002 MOHAMAD FIRMAN SYA
2300018454;BI-FAST CR TRANSFER DR 009 OKTA DEWI ANGGREIN
2300018175;BI-FAST CR TRANSFER DR 008 POLA RASA NUSANTAR
2300013207;BI-FAST CR TRANSFER DR 002 Q-THA SURYA PRATAM
2300010936;BI-FAST CR TRANSFER DR 022 KAKIATNA AGRO INDO
2300010936;BI-FAST CR TRANSFER DR 022 KAKIATNA AGRO INDO
2300010936;BI-FAST CR TRANSFER DR 022 KAKIATNA AGRO INDO
2300018405;BI-FAST CR TRANSFER DR 002 LINTANG CAHYANING
2300017302;BI-FAST CR TRANSFER DR 008 YOLLIE WAURAN
2300017562;BI-FAST CR TRANSFER DR 036 EASTERN EXPANDING
2300017085;BI-FAST CR TRANSFER DR 023 ALEXANDRA CORRADIN
2300012399;BI-FAST CR TRANSFER DR 002 TIGA KAWA MITRA
2300014933;BI-FAST CR TRANSFER DR 451 KOPKARSYAHBSIQQKRW
2300017184;BI-FAST CR TRANSFER DR 008 MUSHAB ALI
2300017184;BI-FAST CR TRANSFER DR 008 MUSHAB ALI
2300011370;BI-FAST CR TRANSFER DR 023 WANATA JAYA CIPTA,
2300016293;BI-FAST CR TRANSFER DR 501 Ridwan Riswandi
2300016293;BI-FAST CR TRANSFER DR 501 Ridwan Riswandi
2300016293;BI-FAST CR TRANSFER DR 501 Ridwan Riswandi
2300017514;BI-FAST CR TRANSFER DR 008 SAOLA-HABITAT UNTU
2300017514;BI-FAST CR TRANSFER DR 008 KORI-HABITAT UNTUK
2300018416;BI-FAST CR TRANSFER DR 451 ADHIYANUARTRIKURNI
2300017022;BI-FAST CR TRANSFER DR 008 HARI NUGROHO
2300016623;BI-FAST CR TRANSFER DR 535 RATIH
2300013650;BI-FAST CR TRANSFER DR 009 SIMSEM PAYROLL BNI
2300017289;BI-FAST CR TRANSFER DR 008 MITRA DAGANG MADAN
2300016738;BI-FAST CR TRANSFER DR 002 PT TIGA SEKAWAN SA
2300006571;BI-FAST CR TRANSFER DR 009 PISON RESTOKOPI PR
2300006571;BI-FAST CR TRANSFER DR 009 PISON ANUGERAH PR
2300016346;BI-FAST CR TRANSFER DR 022 RUDY KURNIA SEJATI
2300017936;BI-FAST CR TRANSFER DR 008 TERIGU TELUR GULA
2300017435;BI-FAST CR TRANSFER DR 002 NUNUNG SOBIATY
2300016883;BI-FAST CR TRANSFER DR 002 PT BUGAR JIWA RAGA
2300012659;BI-FAST CR TRANSFER DR 046 BELLY YUMMY FOODS
2300018463;BI-FAST CR TRANSFER DR 008 FAJRI ADDAILAMI TR
2300010516;BI-FAST CR TRANSFER DR 028 DCIKA PRIMA MAHKOT
2300014642;BI-FAST CR TRANSFER DR 542 VITA DIAN PUTRI
2300014642;BI-FAST CR TRANSFER DR 542 VITA DIAN PUTRI
2300017901;BI-FAST CR TRANSFER DR 009 RFA KHARISMA INTER
2300017390;BI-FAST CR TRANSFER DR 008 NINDI ELESTI
2300016665;BI-FAST CR TRANSFER DR 008 OCTAVIANI
2300018756;BI-FAST CR TRANSFER DR 008 MUHAMAD FERIZAL YU
2300012940;BI-FAST CR TRANSFER DR 008 SELLY STEPANI
2300015092;BI-FAST CR TRANSFER DR 008 RAJASA INTAMA
2300016293;BI-FAST CR TRANSFER DR 501 Ridwan Riswandi
2300016293;BI-FAST CR TRANSFER DR 501 Ridwan Riswandi
2300008691;BI-FAST CR TRANSFER DR 022 HERBERT TANUDJAJA
2300008691;BI-FAST CR TRANSFER DR 022 HERBERT TANUDJAJA
2300018363;BI-FAST CR TRANSFER DR 008 NUSAPALA SARANA KR
2300010936;BI-FAST CR TRANSFER DR 022 KAKIATNA AGRO INDO
2300010936;BI-FAST CR TRANSFER DR 022 KAKIATNA AGRO INDO
2300007215;BI-FAST CR TRANSFER DR 087 HADIPUTRANTO HADIN
2300017215;BI-FAST CR TRANSFER DR 002 ANDREAS
2300018079;BI-FAST CR TRANSFER DR 501 Jessica Kwong
2300018191;BI-FAST CR TRANSFER DR 028 KARYA ANAK UNGGUL
2300018191;BI-FAST CR TRANSFER DR 028 KARYA ANAK UNGGUL
2300007432;BI-FAST CR TRANSFER DR 002 RITA ROSLINA
2300018348;BI-FAST CR TRANSFER DR 002 RICKY YANSEN
2300010105;BI-FAST CR TRANSFER DR 008 KOPKAR MADANI ASTR
2300007137;BI-FAST CR TRANSFER DR 032 PT Kerry Ingredien
2300008929;BI-FAST CR TRANSFER DR 008 YUDHO WANDONO ANGG
2300014987;BI-FAST CR TRANSFER DR 441 KIM JU HEE
2300018750;BI-FAST CR TRANSFER DR 008 KREASI ABADI JAYAT
2300013152;BI-FAST CR TRANSFER DR 426 GABRIELLA ASTITI H
2300011476;BI-FAST CR TRANSFER DR 022 NUSAE BEUNGHAR BER
2300016623;BI-FAST CR TRANSFER DR 535 RATIH
2300015911;BI-FAST CR TRANSFER DR 008 UNITED MEDIA
2300007137;BI-FAST CR TRANSFER DR 032 PT Kerry Ingredien
2300016167;BI-FAST CR TRANSFER DR 028 HIOE MELANIE PRAST
2300016167;BI-FAST CR TRANSFER DR 028 HIOE MELANIE PRAST
2300018416;BI-FAST CR TRANSFER DR 451 ADHIYANUARTRIKURNI
2300011554;BI-FAST CR TRANSFER DR 009 ADIRAI SUMBER REJE
2300018794;BI-FAST CR TRANSFER DR 451 MURSIDAH
2300018273;BI-FAST CR TRANSFER DR 008 KELOLA SARANA JAYA
2300012654;BI-FAST CR TRANSFER DR 008 RAHMITA
2300014697;BI-FAST CR TRANSFER DR 031 PT TRINUSA TRAVELI
2300009307;BI-FAST CR TRANSFER DR 009 SATRIA MAJU BERSAM
2300015203;BI-FAST CR TRANSFER DR 022 GENESIS INDONESIA
2300015777;BI-FAST CR TRANSFER DR 022 ROSSI SOFIAH HARDI
2300018393;BI-FAST CR TRANSFER DR 008 M SHOKHI
2300011370;BI-FAST CR TRANSFER DR 023 WANATA JAYA CIPTA,
2300012044;BI-FAST CR TRANSFER DR 008 DIPURI SELARAS MEM
2300015833;BI-FAST CR TRANSFER DR 009 ANDHIKA NUR PRATAM
2300016910;BI-FAST CR TRANSFER DR 009 ARSA AMERTA NUGRAH
2300016611;BI-FAST CR TRANSFER DR 022 RIA SRI WOELANDARI
2300016611;BI-FAST CR TRANSFER DR 022 RIA SRI WOELANDARI
2300016611;BI-FAST CR TRANSFER DR 022 RIA SRI WOELANDARI
2300016611;BI-FAST CR TRANSFER DR 022 RIA SRI WOELANDARI
2300016611;BI-FAST CR TRANSFER DR 022 RIA SRI WOELANDARI
2300016133;BI-FAST CR TRANSFER DR 008 SUSI SULASTRI
2300016342;BI-FAST CR TRANSFER DR 002 ERLINNA SUCIAYADI
2300013207;BI-FAST CR TRANSFER DR 002 Q-THA SURYA PRATAM
2300018192;BI-FAST CR TRANSFER DR 008 N K MUH IBRAHIM KU
2300001531;BI-FAST CR TRANSFER DR 087 YAYASAN BRITISH SC
2300016603;BI-FAST CR TRANSFER DR 008 DWI PUSPITA ANGGRA
2300018221;BI-FAST CR TRANSFER DR 008 MOHAMAD RIVAL
2300013650;BI-FAST CR TRANSFER DR 009 SIMSEM PAYROLL BNI
2300008491;BI-FAST CR TRANSFER DR 008 ENDRESS+HAUSER IND
2300017156;BI-FAST CR TRANSFER DR 028 RIVA LAURITZ
2300017872;BI-FAST CR TRANSFER DR 008 JASA KREASI SETRIA
2300000838;BI-FAST CR TRANSFER DR 022 KITCHENETTE LESTAR
2300018120;BI-FAST CR TRANSFER DR 008 RISSA AULIA
2300016664;BI-FAST CR TRANSFER DR 008 BERKAH BOGA MANDIR
2300016664;BI-FAST CR TRANSFER DR 008 BERKAH BOGA MANDIR
2300017652;BI-FAST CR TRANSFER DR 008 DAVID ROMANO L
2300017034;BI-FAST CR TRANSFER DR 002 TEZAR MAULANA ZAKY
2300010936;BI-FAST CR TRANSFER DR 022 KAKIATNA AGRO INDO
2300010936;BI-FAST CR TRANSFER DR 022 KAKIATNA AGRO INDO
2300017570;BI-FAST CR TRANSFER DR 008 AGREYA BERKAH INDO
2300017168;BI-FAST CR TRANSFER DR 022 KREASI ABADI SELAR
2300017262;BI-FAST CR TRANSFER DR 008 KOPERASI KONSUMEN
2300017262;BI-FAST CR TRANSFER DR 008 KOPERASI KONSUMEN
2300008929;BI-FAST CR TRANSFER DR 008 YUDHO WANDONO ANGG
2300016196;BI-FAST CR TRANSFER DR 535 ANGGI ADELIA FEBRI
2300015919;BI-FAST CR TRANSFER DR 002 GEDUNG PINANG SELA
2300018203;BI-FAST CR TRANSFER DR 008 ELISABETH FISKARAN
2300017653;BI-FAST CR TRANSFER DR 008 AGUS CHANDRA WAHYU
2000066431;BI-FAST CR TRANSFER DR 008 YUMMY FOOD UTAMA
2300018348;BI-FAST CR TRANSFER DR 002 RICKY YANSEN
2300012456;BI-FAST CR TRANSFER DR 002 RINO BAGUS PRASETY
2300018181;BI-FAST CR TRANSFER DR 019 PERKASA MITRA CE
2300010531;BI-FAST CR TRANSFER DR 022 SEPULUH SEPULUH ST
2300012954;BI-FAST CR TRANSFER DR 535 MUHAMMAD ALI FAJAR
2300016293;BI-FAST CR TRANSFER DR 501 Ridwan Riswandi
2300016293;BI-FAST CR TRANSFER DR 501 Ridwan Riswandi
2300016293;BI-FAST CR TRANSFER DR 501 Ridwan Riswandi
2300016293;BI-FAST CR TRANSFER DR 501 Ridwan Riswandi
2300018312;BI-FAST CR TRANSFER DR 002 DIASTIKA SEPHIRA A
2300017044;BI-FAST CR TRANSFER DR 490 ANASTALISIA KUSUMA
2300018066;BI-FAST CR TRANSFER DR 002 Fadlu Rochman
2300017123;BI-FAST CR TRANSFER DR 008 I GST AYU AGUNG MA
2300018714;BI-FAST CR TRANSFER DR 008 YUNUS RANTE TANDUN
2300016603;BI-FAST CR TRANSFER DR 008 DWI PUSPITA ANGGRA
2300017044;BI-FAST CR TRANSFER DR 490 ANASTALISIA KUSUMA
2300017115;BI-FAST CR TRANSFER DR 008 ABIRAMA MAKMUR SED
2300018444;BI-FAST CR TRANSFER DR 002 LESTARI
2300017069;BI-FAST CR TRANSFER DR 472 GENTA RAMA SUFIS
2300013876;BI-FAST CR TRANSFER DR 002 COTTA TERRA PRIMA
2300017156;BI-FAST CR TRANSFER DR 028 RIVA LAURITZ
2300018066;BI-FAST CR TRANSFER DR 002 Fadlu Rochman
2300018454;BI-FAST CR TRANSFER DR 009 OKTA DEWI ANGGREIN
2300014786;BI-FAST CR TRANSFER DR 002 HAVA CREATION INTE
2300010936;BI-FAST CR TRANSFER DR 022 KAKIATNA AGRO INDO
2300010936;BI-FAST CR TRANSFER DR 022 KAKIATNA AGRO INDO
GI;BI-FAST CR TRANSFER DR 451 HANIFAH
2300008929;BI-FAST CR TRANSFER DR 008 YUDHO WANDONO ANGG
2300016062;BI-FAST CR TRANSFER DR 008 CAHAYA INDAH ASIA
2300018627;BI-FAST CR TRANSFER DR 008 FARHAN RABBANI DAR
2300014786;BI-FAST CR TRANSFER DR 002 HAVA CREATION INTE
2300013666;BI-FAST CR TRANSFER DR 002 GITA DJOEANG SEJAH
2300015435;BI-FAST CR TRANSFER DR 008 PUTRA JAYUSA
2300017184;BI-FAST CR TRANSFER DR 008 MUSHAB ALI
2300017289;BI-FAST CR TRANSFER DR 008 MITRA DAGANG MADAN
2300016346;BI-FAST CR TRANSFER DR 022 RUDY KURNIA SEJATI
2300017838;BI-FAST CR TRANSFER DR 002 NURYANI
2300008984;BI-FAST CR TRANSFER DR 022 NI KETUT ASTUTY
2300013780;BI-FAST CR TRANSFER DR 008 JEDO ABADI LESTARI
2300017514;BI-FAST CR TRANSFER DR 008 SAOLA-HABITAT UNTU
2300017514;BI-FAST CR TRANSFER DR 008 KORI-HABITAT UNTUK
2300016837;BI-FAST CR TRANSFER DR 426 MAWAR SARI MAKMUR
2300016422;BI-FAST CR TRANSFER DR 008 MUHAMAD ARIGHI
2300006328;BI-FAST CR TRANSFER DR 022 ANUGRAH BERKAT AND
2300013666;BI-FAST CR TRANSFER DR 002 GITA DJOEANG SEJAH
2300018416;BI-FAST CR TRANSFER DR 451 ADHIYANUARTRIKURNI
2300012659;BI-FAST CR TRANSFER DR 046 BELLY YUMMY FOODS
2300015533;BI-FAST CR TRANSFER DR 008 POLARIS INSTRUMENT
2300016215;BI-FAST CR TRANSFER DR 002 ACHMAD JUPRI
2300017085;BI-FAST CR TRANSFER DR 023 ALEXANDRA CORRADIN
2300007109;BI-FAST CR TRANSFER DR 028 MAXIM JAYADI ABADI
2300007109;BI-FAST CR TRANSFER DR 028 MAXIM JAYADI ABADI
2300004325;BI-FAST CR TRANSFER DR 022 BOGA PUTRA SANTOSO
2300007215;BI-FAST CR TRANSFER DR 087 HADIPUTRANTO HADIN
2300011033;BI-FAST CR TRANSFER DR 008 DEMPO NIPAH ANDALA
2300018445;BI-FAST CR TRANSFER DR 009 DELLA ANANDA DAMAY
2300004214;BI-FAST CR TRANSFER DR 002 SEJAHTERA EKA MAND
2300011768;BI-FAST CR TRANSFER DR 031 PT TRAVELOKA INDON
2300014697;BI-FAST CR TRANSFER DR 031 PT TRINUSA TRAVELI
2300008929;BI-FAST CR TRANSFER DR 008 YUDHO WANDONO ANGG
2300017885;BI-FAST CR TRANSFER DR 013 EKO NURCAHYANTO
2300016032;BI-FAST CR TRANSFER DR 451 STEVIFEBRIANTO
2300018115;BI-FAST CR TRANSFER DR 008 SISKA MULYA UTAMA
2300010936;BI-FAST CR TRANSFER DR 022 KAKIATNA AGRO INDO
2300010936;BI-FAST CR TRANSFER DR 022 KAKIATNA AGRO INDO
2300017922;BI-FAST CR TRANSFER DR 008 DINARRI
2300015977;BI-FAST CR TRANSFER DR 008 BERKAT INTI SELARA
2300018393;BI-FAST CR TRANSFER DR 008 M SHOKHI
2300013646;BI-FAST CR TRANSFER DR 008 LAILUL MUFARIDAH
2300015209;BI-FAST CR TRANSFER DR 153 CV BARU TANJAKAN
2300016729;BI-FAST CR TRANSFER DR 002 KAMMI GLOBAL NUSAN
2300016665;BI-FAST CR TRANSFER DR 008 OCTAVIANI
2300016253;BI-FAST CR TRANSFER DR 008 MITRA LOKACIPTA SE
2300013015;BI-FAST CR TRANSFER DR 008 ANDIKA PRADANA
2300016623;BI-FAST CR TRANSFER DR 535 RATIH
2300017514;BI-FAST CR TRANSFER DR 008 SAOLA-HABITAT UNTU
2300017078;BI-FAST CR TRANSFER DR 501 Rafly Rihza Arrohi
2300014642;BI-FAST CR TRANSFER DR 542 VITA DIAN PUTRI
2300014642;BI-FAST CR TRANSFER DR 542 VITA DIAN PUTRI
2300014642;BI-FAST CR TRANSFER DR 542 VITA DIAN PUTRI
2300016293;BI-FAST CR TRANSFER DR 501 Ridwan Riswandi
2300016293;BI-FAST CR TRANSFER DR 501 Ridwan Riswandi
2300017936;BI-FAST CR TRANSFER DR 008 TERIGU TELUR GULA
2300018889;BI-FAST CR TRANSFER DR 008 ISMAWAN PAMUDJI
2300009307;BI-FAST CR TRANSFER DR 009 SATRIA MAJU BERSAM
2300018604;BI-FAST CR TRANSFER DR 008 MAUDREY ALESIA
2300015777;BI-FAST CR TRANSFER DR 022 ROSSI SOFIAH HARDI
2300015203;BI-FAST CR TRANSFER DR 022 GENESIS INDONESIA
2300015203;BI-FAST CR TRANSFER DR 022 GENESIS INDONESIA
2300009192;BI-FAST CR TRANSFER DR 022 CLASSIC FINE FOODS
2300015630;BI-FAST CR TRANSFER DR 002 DINI INDRIYANI
2300018483;BI-FAST CR TRANSFER DR 451 WINDAARINAWATI
2300018483;BI-FAST CR TRANSFER DR 451 WINDAARINAWATI
2300002944;BI-FAST CR TRANSFER DR 002 JAKARTA SENTRA ARO
2300015155;BI-FAST CR TRANSFER DR 008 FIRDAUS NIKMATULLA
2300018357;BI-FAST CR TRANSFER DR 087 PT COPIA NETWORK I
2300014400;BI-FAST CR TRANSFER DR 002 FILOSOFI KOPI SEJA
2300016538;BI-FAST CR TRANSFER DR 002 MUTAALIDA
2300015203;BI-FAST CR TRANSFER DR 022 GENESIS INDONESIA
2300015203;BI-FAST CR TRANSFER DR 022 GENESIS INDONESIA
2300012940;BI-FAST CR TRANSFER DR 008 SELLY STEPANI
2300016662;BI-FAST CR TRANSFER DR 008 DINA ANDRIANI
2300017492;BI-FAST CR TRANSFER DR 009 MAYA JOESTITA ROCH
2300010531;BI-FAST CR TRANSFER DR 022 SEPULUH SEPULUH ST
2300001531;BI-FAST CR TRANSFER DR 087 YAYASAN BRITISH SC
2300000838;BI-FAST CR TRANSFER DR 022 KITCHENETTE LESTAR
2300016249;BI-FAST CR TRANSFER DR 008 TAFIA PUTRI S. RAM
2300016910;BI-FAST CR TRANSFER DR 009 ARSA AMERTA NUGRAH
2300016664;BI-FAST CR TRANSFER DR 008 BERKAH BOGA MANDIR
2300016664;BI-FAST CR TRANSFER DR 008 BERKAH BOGA MANDIR
2300016664;BI-FAST CR TRANSFER DR 008 BERKAH BOGA MANDIR
2300015833;BI-FAST CR TRANSFER DR 009 ANDHIKA NUR PRATAM
2300017562;BI-FAST CR TRANSFER DR 036 EASTERN EXPANDING
2300016423;BI-FAST CR TRANSFER DR 008 DEA UMYATI
2300010936;BI-FAST CR TRANSFER DR 022 KAKIATNA AGRO INDO
2300010936;BI-FAST CR TRANSFER DR 022 KAKIATNA AGRO INDO
2300017911;BI-FAST CR TRANSFER DR 008 CAKRA MAJU JAYA
2300018166;BI-FAST CR TRANSFER DR 022 LOLLIPOP INDONESIA
2300008905;BI-FAST CR TRANSFER DR 008 TABUNGAN BISNIS PU
2300017289;BI-FAST CR TRANSFER DR 008 MITRA DAGANG MADAN
2300015149;BI-FAST CR TRANSFER DR 008 MOMENTUM MENUJU KE
2300016167;BI-FAST CR TRANSFER DR 028 HIOE MELANIE PRAST
2300015875;BI-FAST CR TRANSFER DR 008 DES DAN ROTI ARTIS
2300018393;BI-FAST CR TRANSFER DR 008 M SHOKHI
2300018444;BI-FAST CR TRANSFER DR 002 LESTARI
2300018404;BI-FAST CR TRANSFER DR 022 MAKANAN LEZAT INDO
2300008929;BI-FAST CR TRANSFER DR 008 YUDHO WANDONO ANGG
2300017570;BI-FAST CR TRANSFER DR 008 AGREYA BERKAH INDO
2300018714;BI-FAST CR TRANSFER DR 008 EKA GABEMA SEMESTA
2300018756;BI-FAST CR TRANSFER DR 008 MUHAMAD FERIZAL YU
2300017509;BI-FAST CR TRANSFER DR 008 FIRMAN ARVINDRA S
2300015651;BI-FAST CR TRANSFER DR 009 AMELIA NOVITA WAHY
2300013207;BI-FAST CR TRANSFER DR 002 Q-THA SURYA PRATAM
2300017156;BI-FAST CR TRANSFER DR 028 RIVA LAURITZ
2300014898;BI-FAST CR TRANSFER DR 002 NUR RATIH KUSUMANI
2300016293;BI-FAST CR TRANSFER DR 501 Ridwan Riswandi
2300016293;BI-FAST CR TRANSFER DR 501 Ridwan Riswandi
2300016293;BI-FAST CR TRANSFER DR 501 Ridwan Riswandi
2300018794;BI-FAST CR TRANSFER DR 451 MURSIDAH
2300015919;BI-FAST CR TRANSFER DR 002 GEDUNG PINANG SELA
2300018454;BI-FAST CR TRANSFER DR 009 OKTA DEWI ANGGREIN
2300012044;BI-FAST CR TRANSFER DR 008 DIPURI SELARAS MEM
2300017085;BI-FAST CR TRANSFER DR 023 ALEXANDRA CORRADIN
2300010936;BI-FAST CR TRANSFER DR 022 KAKIATNA AGRO INDO
2300010936;BI-FAST CR TRANSFER DR 022 KAKIATNA AGRO INDO
2300018625;BI-FAST CR TRANSFER DR 008 VARIANTO GUNAWAN
2300015533;BI-FAST CR TRANSFER DR 008 POLARIS INSTRUMENT
2300017789;BI-FAST CR TRANSFER DR 008 AGUNG BUDI UTOMO
2000066431;BI-FAST CR TRANSFER DR 008 YUMMY FOOD UTAMA
2300018203;BI-FAST CR TRANSFER DR 008 ELISABETH FISKARAN
2300016837;BI-FAST CR TRANSFER DR 426 MAWAR SARI MAKMUR
2300014808;BI-FAST CR TRANSFER DR 008 DICKY MAULANA HARS
2300013666;BI-FAST CR TRANSFER DR 002 GITA DJOEANG SEJAH
2300012660;BI-FAST CR TRANSFER DR 046 BELLY YUMMY FOODS
2300018126;BI-FAST CR TRANSFER DR 009 ANDRI DWIANTO IRAW
2300017817;BI-FAST CR TRANSFER DR 008 FINCENT EHUD LAWRE
2300018203;BI-FAST CR TRANSFER DR 008 ELISABETH FISKARAN
2300007215;BI-FAST CR TRANSFER DR 087 HADIPUTRANTO HADIN
2300017184;BI-FAST CR TRANSFER DR 008 FEDERASI KANAL
2300017184;BI-FAST CR TRANSFER DR 008 FEDERASI KANAL
2300015267;BI-FAST CR TRANSFER DR 008 DELI ARTISAN INTER
2300018561;BI-FAST CR TRANSFER DR 008 ARTISAN SOLA MAKMU
2300015537;BI-FAST CR TRANSFER DR 008 JAKARTA ARTISAN PA
2300004325;BI-FAST CR TRANSFER DR 022 BOGA PUTRA SANTOSO
2300014548;BI-FAST CR TRANSFER DR 009 ERY WIDYSULISTYO
2300018175;BI-FAST CR TRANSFER DR 008 POLA RASA NUSANTAR
2300016285;BI-FAST CR TRANSFER DR 037 GROOCERIES CITY IN
2300016665;BI-FAST CR TRANSFER DR 008 OCTAVIANI
2300015092;BI-FAST CR TRANSFER DR 008 RAJASA INTAMA
2300016167;BI-FAST CR TRANSFER DR 028 HIOE MELANIE PRAST
2300010953;BI-FAST CR TRANSFER DR 008 ARIFIN
2300011476;BI-FAST CR TRANSFER DR 022 NUSAE BEUNGHAR BER
2300015997;BI-FAST CR TRANSFER DR 022 DEANDI PRIMOSAPUTE
2300007137;BI-FAST CR TRANSFER DR 032 PT Kerry Ingredien
2300016248;BI-FAST CR TRANSFER DR 008 DJUWITA FANYWATI S
2300005372;BI-FAST CR TRANSFER DR 008 NITRO MAKMUR JAYAM
2300018416;BI-FAST CR TRANSFER DR 451 ADHIYANUARTRIKURNI
2300012171;BI-FAST CR TRANSFER DR 028 SUDO BREW NARATAMA
2300018709;BI-FAST CR TRANSFER DR 426 BEE BEE WIJAYA
2300016259;BI-FAST CR TRANSFER DR 008 HANA RIZKA EFRILIA
2300018120;BI-FAST CR TRANSFER DR 008 RISSA AULIA
2300011768;BI-FAST CR TRANSFER DR 031 PT TRAVELOKA INDON
2300010936;BI-FAST CR TRANSFER DR 022 KAKIATNA AGRO INDO
2300010936;BI-FAST CR TRANSFER DR 022 KAKIATNA AGRO INDO
2300017838;BI-FAST CR TRANSFER DR 002 NURYANI
2300018463;BI-FAST CR TRANSFER DR 008 FAJRI ADDAILAMI TR
2300018393;BI-FAST CR TRANSFER DR 008 M SHOKHI
2300018708;BI-FAST CR TRANSFER DR 501 ELSHA FARA
2300017514;BI-FAST CR TRANSFER DR 008 KORI-HABITAT UNTUK
2300011370;BI-FAST CR TRANSFER DR 023 WANATA JAYA CIPTA,
2300016293;BI-FAST CR TRANSFER DR 501 Ridwan Riswandi
2300016293;BI-FAST CR TRANSFER DR 501 Ridwan Riswandi
2300016293;BI-FAST CR TRANSFER DR 501 Ridwan Riswandi
2300017059;BI-FAST CR TRANSFER DR 002 STEVEN SAUT MARTUA
2300014400;BI-FAST CR TRANSFER DR 002 FILOSOFI KOPI SEJA
2300005430;BI-FAST CR TRANSFER DR 008 JALAN SALURAN BERK
2300017069;BI-FAST CR TRANSFER DR 472 GENTA RAMA SUFIS
2300018907;BI-FAST CR TRANSFER DR 008 INDRA YUDHA PRATAM
2300008929;BI-FAST CR TRANSFER DR 008 YUDHO WANDONO ANGG
2300017514;BI-FAST CR TRANSFER DR 008 SAOLA-HABITAT UNTU
2300015777;BI-FAST CR TRANSFER DR 022 ROSSI SOFIAH HARDI
2300015875;BI-FAST CR TRANSFER DR 008 DES DAN ROTI ARTIS
2300016611;BI-FAST CR TRANSFER DR 022 RIA SRI WOELANDARI
2300016611;BI-FAST CR TRANSFER DR 022 RIA SRI WOELANDARI
2300016611;BI-FAST CR TRANSFER DR 022 RIA SRI WOELANDARI
2300016611;BI-FAST CR TRANSFER DR 022 RIA SRI WOELANDARI
2300015203;BI-FAST CR TRANSFER DR 022 GENESIS INDONESIA
2300016611;BI-FAST CR TRANSFER DR 022 RIA SRI WOELANDARI
2300015203;BI-FAST CR TRANSFER DR 022 GENESIS INDONESIA
2300016890;BI-FAST CR TRANSFER DR 002 MOHAMAD FIRMAN SYA
2300017936;BI-FAST CR TRANSFER DR 008 TERIGU TELUR GULA
2300016538;BI-FAST CR TRANSFER DR 002 MUTAALIDA
2300018019;BI-FAST CR TRANSFER DR 008 MUHAMMAD ERDITANTO
2300010687;BI-FAST CR TRANSFER DR 002 AGUNG PRASETYO
2300002944;BI-FAST CR TRANSFER DR 002 JAKARTA SENTRA ARO
2300016097;BI-FAST CR TRANSFER DR 008 RUWANDA SELERA ABA
2300011370;BI-FAST CR TRANSFER DR 023 WANATA JAYA CIPTA,
2300017570;BI-FAST CR TRANSFER DR 008 AGREYA BERKAH INDO
2300017872;BI-FAST CR TRANSFER DR 008 JASA KREASI SETRIA
2300015203;BI-FAST CR TRANSFER DR 022 GENESIS INDONESIA
2300016603;BI-FAST CR TRANSFER DR 008 DWI PUSPITA ANGGRA
2300017641;BI-FAST CR TRANSFER DR 008 ESA KARYA BEVERAGE
2300012171;BI-FAST CR TRANSFER DR 028 SUDO BREW NARATAMA
2300016293;BI-FAST CR TRANSFER DR 501 Ridwan Riswandi
2300015203;BI-FAST CR TRANSFER DR 008 PT GENESIS INDONES
2300016664;BI-FAST CR TRANSFER DR 008 BERKAH BOGA MANDIR
2300010936;BI-FAST CR TRANSFER DR 022 KAKIATNA AGRO INDO
2300010936;BI-FAST CR TRANSFER DR 022 KAKIATNA AGRO INDO
2300017676;BI-FAST CR TRANSFER DR 013 KIMBERLEY ADONIA G
2300017930;BI-FAST CR TRANSFER DR 009 REZA ZIA UL RAHMAN
2300018604;BI-FAST CR TRANSFER DR 008 MAUDREY ALESIA
2300017652;BI-FAST CR TRANSFER DR 008 DAVID ROMANO L
2300016423;BI-FAST CR TRANSFER DR 008 DEA UMYATI
2300018736;BI-FAST CR TRANSFER DR 008 CV YHWH BERKATI
2300017215;BI-FAST CR TRANSFER DR 002 ANDREAS
2300017922;BI-FAST CR TRANSFER DR 008 DINARRI
2300018794;BI-FAST CR TRANSFER DR 451 MURSIDAH
2300018393;BI-FAST CR TRANSFER DR 008 M SHOKHI
2300017289;BI-FAST CR TRANSFER DR 008 MITRA DAGANG MADAN
2300015919;BI-FAST CR TRANSFER DR 002 GEDUNG PINANG SELA
2300004325;BI-FAST CR TRANSFER DR 022 BOGA PUTRA SANTOSO
2300016346;BI-FAST CR TRANSFER DR 022 RUDY KURNIA SEJATI
2300005759;BI-FAST CR TRANSFER DR 042 KANEMORY FOOD SERV
2300016603;BI-FAST CR TRANSFER DR 008 DWI PUSPITA ANGGRA
2300015203;BI-FAST CR TRANSFER DR 008 PT GENESIS INDONES
2300016837;BI-FAST CR TRANSFER DR 426 MAWAR SARI MAKMUR
2300016623;BI-FAST CR TRANSFER DR 535 RATIH
2300010531;BI-FAST CR TRANSFER DR 022 SEPULUH SEPULUH ST
2300005759;BI-FAST CR TRANSFER DR 042 KANEMORY FOOD SERV
2300008691;BI-FAST CR TRANSFER DR 022 R LESTARI TUTWURI
2300008691;BI-FAST CR TRANSFER DR 022 HERBERT TANUDJAJA
2300008691;BI-FAST CR TRANSFER DR 022 R LESTARI TUTWURI
2300013650;BI-FAST CR TRANSFER DR 009 SIMSEM PAYROLL BNI
2300018348;BI-FAST CR TRANSFER DR 002 RICKY YANSEN
2300008929;BI-FAST CR TRANSFER DR 008 YUDHO WANDONO ANGG
2300017227;BI-FAST CR TRANSFER DR 501 Maria Magdalena Pe
2300016591;BI-FAST CR TRANSFER DR 002 PROMART BKN
2300018714;BI-FAST CR TRANSFER DR 008 YUNUS RANTE TANDUN
2300017428;BI-FAST CR TRANSFER DR 009 TIGO TUNGKU SAHATI
2300017899;BI-FAST CR TRANSFER DR 008 SUROSO
2300017653;BI-FAST CR TRANSFER DR 008 AGUS CHANDRA WAHYU
2300017156;BI-FAST CR TRANSFER DR 028 RIVA LAURITZ
2300018454;BI-FAST CR TRANSFER DR 009 OKTA DEWI ANGGREIN
2300018627;BI-FAST CR TRANSFER DR 008 FARHAN RABBANI DAR
2300016890;BI-FAST CR TRANSFER DR 002 MOHAMAD FIRMAN SYA
2300015149;BI-FAST CR TRANSFER DR 008 MOMENTUM MENUJU KE
2300015533;BI-FAST CR TRANSFER DR 008 POLARIS INSTRUMENT
2300016293;BI-FAST CR TRANSFER DR 501 Ridwan Riswandi
2300010936;BI-FAST CR TRANSFER DR 022 KAKIATNA AGRO INDO
2300010936;BI-FAST CR TRANSFER DR 022 KAKIATNA AGRO INDO
2300017514;BI-FAST CR TRANSFER DR 008 KORI-HABITAT UNTUK
2300017184;BI-FAST CR TRANSFER DR 008 FEDERASI KANAL
2300012916;BI-FAST CR TRANSFER DR 008 FEDERASI KANAL
2300011370;BI-FAST CR TRANSFER DR 023 WANATA JAYA CIPTA,
2300001305;BI-FAST CR TRANSFER DR 008 RAJA RASA ALAMI
2300001305;BI-FAST CR TRANSFER DR 008 RAJA RASA ALAMI
2300017069;BI-FAST CR TRANSFER DR 472 GENTA RAMA SUFIS
2300015188;BI-FAST CR TRANSFER DR 008 DANADIPA SAMBOGA I
2300012954;BI-FAST CR TRANSFER DR 535 MUHAMMAD ALI FAJAR
2300017428;BI-FAST CR TRANSFER DR 009 TIGO TUNGKU SAHATI
2000066431;BI-FAST CR TRANSFER DR 008 YUMMY FOOD UTAMA
2300018416;BI-FAST CR TRANSFER DR 451 ADHIYANUARTRIKURNI
2300011511;BI-FAST CR TRANSFER DR 002 NADYA SAFIRA UTARI
2300013595;BI-FAST CR TRANSFER DR 009 SUASANA KREATIF IN
2300013666;BI-FAST CR TRANSFER DR 002 GITA DJOEANG SEJAH
2300017570;BI-FAST CR TRANSFER DR 008 AGREYA BERKAH INDO
2300009183;BI-FAST CR TRANSFER DR 501 Diajeng Nurulita N
2300009183;BI-FAST CR TRANSFER DR 501 Diajeng Nurulita N
2300009183;BI-FAST CR TRANSFER DR 501 Diajeng Nurulita N
2300009183;BI-FAST CR TRANSFER DR 501 Diajeng Nurulita N
2300009183;BI-FAST CR TRANSFER DR 501 Diajeng Nurulita N
2300009183;BI-FAST CR TRANSFER DR 501 Diajeng Nurulita N
2300009183;BI-FAST CR TRANSFER DR 501 Diajeng Nurulita N
2300009183;BI-FAST CR TRANSFER DR 501 Diajeng Nurulita N
2300009183;BI-FAST CR TRANSFER DR 501 Diajeng Nurulita N
2300009183;BI-FAST CR TRANSFER DR 501 Diajeng Nurulita N
2300009183;BI-FAST CR TRANSFER DR 501 Diajeng Nurulita N
2300009183;BI-FAST CR TRANSFER DR 501 Diajeng Nurulita N
2300017757;BI-FAST CR TRANSFER DR 002 ASHA MITRA NUSANTA
2300014642;BI-FAST CR TRANSFER DR 542 VITA DIAN PUTRI
2300017215;BI-FAST CR TRANSFER DR 002 ANDREAS
2300015155;BI-FAST CR TRANSFER DR 008 FIRDAUS NIKMATULLA
2300018191;BI-FAST CR TRANSFER DR 028 KARYA ANAK UNGGUL
2300012044;BI-FAST CR TRANSFER DR 008 DIPURI SELARAS MEM
2300016259;BI-FAST CR TRANSFER DR 008 HANA RIZKA EFRILIA
2300012106;BI-FAST CR TRANSFER DR 213 EVIELINA HERMAWATY
2300011370;BI-FAST CR TRANSFER DR 023 WANATA JAYA CIPTA,
2300017936;BI-FAST CR TRANSFER DR 008 TERIGU TELUR GULA
2300012967;BI-FAST CR TRANSFER DR 009 BERKAT LARIS GEMIL
2300015209;BI-FAST CR TRANSFER DR 153 CV BARU TANJAKAN
2300018040;BI-FAST CR TRANSFER DR 008 IRWAN HERMAWAN
2300018167;BI-FAST CR TRANSFER DR 002 MINUM KOPI BERSAMA
2300017901;BI-FAST CR TRANSFER DR 009 RFA KHARISMA INTER
2300016167;BI-FAST CR TRANSFER DR 028 HIOE MELANIE PRAST
2300016665;BI-FAST CR TRANSFER DR 008 OCTAVIANI
2300008929;BI-FAST CR TRANSFER DR 008 YUDHO WANDONO ANGG
2300016293;BI-FAST CR TRANSFER DR 501 Ridwan Riswandi
2300016293;BI-FAST CR TRANSFER DR 501 Ridwan Riswandi
2300015777;BI-FAST CR TRANSFER DR 022 ROSSI SOFIAH HARDI
2300009307;BI-FAST CR TRANSFER DR 009 SATRIA MAJU BERSAM
2300009307;BI-FAST CR TRANSFER DR 009 SATRIA MAJU BERSAM
2300010936;BI-FAST CR TRANSFER DR 022 KAKIATNA AGRO INDO
2300010936;BI-FAST CR TRANSFER DR 022 KAKIATNA AGRO INDO
2300014697;BI-FAST CR TRANSFER DR 031 PT TRINUSA TRAVELI
2300014772;BI-FAST CR TRANSFER DR 008 IMAS MASFUFAH
2300017789;BI-FAST CR TRANSFER DR 008 AGUNG BUDI UTOMO
2300013646;BI-FAST CR TRANSFER DR 008 LAILUL MUFARIDAH
2300017289;BI-FAST CR TRANSFER DR 008 MITRA DAGANG MADAN
2300017044;BI-FAST CR TRANSFER DR 490 ANASTALISIA KUSUMA
2300017514;BI-FAST CR TRANSFER DR 008 SAOLA-HABITAT UNTU
2300007137;BI-FAST CR TRANSFER DR 032 PT Kerry Ingredien
2300016167;BI-FAST CR TRANSFER DR 028 HIOE MELANIE PRAST
2300015092;BI-FAST CR TRANSFER DR 008 RAJASA INTAMA
2300016623;BI-FAST CR TRANSFER DR 535 RATIH
2300011476;BI-FAST CR TRANSFER DR 022 NUSAE BEUNGHAR BER
2300008491;BI-FAST CR TRANSFER DR 008 ENDRESS+HAUSER IND
2300017044;BI-FAST CR TRANSFER DR 490 ANASTALISIA KUSUMA
2300017059;BI-FAST CR TRANSFER DR 002 STEVEN SAUT MARTUA
2300018564;BI-FAST CR TRANSFER DR 002 MULTI ALAM NUSANTA
2300017079;BI-FAST CR TRANSFER DR 501 Ridwan Riswandi
2300010936;BI-FAST CR TRANSFER DR 022 KAKIATNA AGRO INDO
2300018483;BI-FAST CR TRANSFER DR 451 WINDAARINAWATI
2300015203;BI-FAST CR TRANSFER DR 022 GENESIS INDONESIA
2300008929;BI-FAST CR TRANSFER DR 008 YUDHO WANDONO ANGG
2300009192;BI-FAST CR TRANSFER DR 022 CLASSIC FINE FOODS
2300016032;BI-FAST CR TRANSFER DR 451 STEVIFEBRIANTO
2300018203;BI-FAST CR TRANSFER DR 008 ELISABETH FISKARAN
2300018120;BI-FAST CR TRANSFER DR 008 RISSA AULIA
2300017615;BI-FAST CR TRANSFER DR 022 PRIMA FENOMENA JAY
2300016665;BI-FAST CR TRANSFER DR 008 OCTAVIANI
2300015203;BI-FAST CR TRANSFER DR 022 GENESIS INDONESIA
2300017156;BI-FAST CR TRANSFER DR 028 RIVA LAURITZ
2300017156;BI-FAST CR TRANSFER DR 028 RIVA LAURITZ
2300017156;BI-FAST CR TRANSFER DR 028 RIVA LAURITZ
2300012171;BI-FAST CR TRANSFER DR 028 SUDO BREW NARATAMA
2300017069;BI-FAST CR TRANSFER DR 472 GENTA RAMA SUFIS
2300016097;BI-FAST CR TRANSFER DR 008 RUWANDA SELERA ABA
2300015833;BI-FAST CR TRANSFER DR 009 ANDHIKA NUR PRATAM
2300017085;BI-FAST CR TRANSFER DR 023 ALEXANDRA CORRADIN
2300016664;BI-FAST CR TRANSFER DR 008 BERKAH BOGA MANDIR
2300018924;BI-FAST CR TRANSFER DR 008 NWANSA PANJANG UMU
2300016664;BI-FAST CR TRANSFER DR 008 BERKAH BOGA MANDIR
2300010936;BI-FAST CR TRANSFER DR 022 KAKIATNA AGRO INDO
2300010936;BI-FAST CR TRANSFER DR 022 KAKIATNA AGRO INDO
2300010936;BI-FAST CR TRANSFER DR 022 KAKIATNA AGRO INDO
2300012432;BI-FAST CR TRANSFER DR 023 HENGKY PRASETYO
2300017382;BI-FAST CR TRANSFER DR 542 FARIS BUDIMAN ANNA
2300016249;BI-FAST CR TRANSFER DR 008 TAFIA PUTRI S. RAM
2300017432;BI-FAST CR TRANSFER DR 008 BAGJA JAYA SENTOSA
2300016285;BI-FAST CR TRANSFER DR 037 GROOCERIES CITY IN
2300018907;BI-FAST CR TRANSFER DR 008 INDRA YUDHA PRATAM
2300014933;BI-FAST CR TRANSFER DR 451 KOPKARSYAHBSIQQKRW
2300018907;BI-FAST CR TRANSFER DR 008 INDRA YUDHA PRATAM
2300018181;BI-FAST CR TRANSFER DR 019 PERKASA MITRA CE
2300016400;BI-FAST CR TRANSFER DR 008 RELUNG KOPI NUSANT
2300007109;BI-FAST CR TRANSFER DR 028 MAXIM JAYADI ABADI
2300007109;BI-FAST CR TRANSFER DR 028 MAXIM JAYADI ABADI
2300007109;BI-FAST CR TRANSFER DR 028 MAXIM JAYADI ABADI
2300007109;BI-FAST CR TRANSFER DR 028 MAXIM JAYADI ABADI
2300015919;BI-FAST CR TRANSFER DR 002 GEDUNG PINANG SELA
2300017262;BI-FAST CR TRANSFER DR 008 KOPERASI KONSUMEN
2300017262;BI-FAST CR TRANSFER DR 008 KOPERASI KONSUMEN
2300018495;BI-FAST CR TRANSFER DR 008 MUAMMAR FASYARI
2300016062;BI-FAST CR TRANSFER DR 008 CAHAYA INDAH ASIA
2300013650;BI-FAST CR TRANSFER DR 009 SIMSEM PAYROLL BNI
2300016253;BI-FAST CR TRANSFER DR 008 MITRA LOKACIPTA SE
2300012940;BI-FAST CR TRANSFER DR 008 SELLY STEPANI
2300017078;BI-FAST CR TRANSFER DR 501 Rafly Rihza Arrohi
2300017838;BI-FAST CR TRANSFER DR 013 NURYANI
2300008929;BI-FAST CR TRANSFER DR 008 YUDHO WANDONO ANGG
2300013780;BI-FAST CR TRANSFER DR 008 JEDO ABADI LESTARI
2300016860;BI-FAST CR TRANSFER DR 008 HIRES KREASI PRATA
2300018165;BI-FAST CR TRANSFER DR 009 MOOKIE TITIK TERAN
2300016297;BI-FAST CR TRANSFER DR 008 GUNAWAN
2300017570;BI-FAST CR TRANSFER DR 008 AGREYA BERKAH INDO
2300017570;BI-FAST CR TRANSFER DR 008 AGREYA BERKAH INDO
2300018416;BI-FAST CR TRANSFER DR 451 ADHIYANUARTRIKURNI
2300013207;BI-FAST CR TRANSFER DR 002 Q-THA SURYA PRATAM
2300018751;BI-FAST CR TRANSFER DR 008 UNGGUL WICAKSONO I
2300014642;BI-FAST CR TRANSFER DR 542 VITA DIAN PUTRI
2300017079;BI-FAST CR TRANSFER DR 501 Ridwan Riswandi
2300017079;BI-FAST CR TRANSFER DR 501 Ridwan Riswandi
2300017079;BI-FAST CR TRANSFER DR 501 Ridwan Riswandi
2300016883;BI-FAST CR TRANSFER DR 002 PT BUGAR JIWA RAGA
2300018794;BI-FAST CR TRANSFER DR 451 MURSIDAH
2300015992;BI-FAST CR TRANSFER DR 002 DWI URIP SUGIYANTO
2300012044;BI-FAST CR TRANSFER DR 008 DIPURI SELARAS MEM
2300018393;BI-FAST CR TRANSFER DR 008 M SHOKHI
2300018454;BI-FAST CR TRANSFER DR 009 OKTA DEWI ANGGREIN
2300008691;BI-FAST CR TRANSFER DR 022 HERBERT TANUDJAJA
2300008691;BI-FAST CR TRANSFER DR 022 HERBERT TANUDJAJA
2300010936;BI-FAST CR TRANSFER DR 022 KAKIATNA AGRO INDO
2300010936;BI-FAST CR TRANSFER DR 022 KAKIATNA AGRO INDO
2300018416;BI-FAST CR TRANSFER DR 451 ADHIYANUARTRIKURNI
2300018857;BI-FAST CR TRANSFER DR 542 Graha Pramudita
2300018561;BI-FAST CR TRANSFER DR 008 ARTISAN SOLA MAKMU
2300006571;BI-FAST CR TRANSFER DR 009 PISON ANUGERAH PR
2300015530;BI-FAST CR TRANSFER DR 009 PISON RESTOKOPI PR
2300008490;BI-FAST CR TRANSFER DR 542 Junita Sahara
2300018847;BI-FAST CR TRANSFER DR 009 POINBALL GIM INDON
2300008929;BI-FAST CR TRANSFER DR 008 YUDHO WANDONO ANGG
2300013876;BI-FAST CR TRANSFER DR 002 COTTA TERRA PRIMA
2300016837;BI-FAST CR TRANSFER DR 426 MAWAR SARI MAKMUR
2300016837;BI-FAST CR TRANSFER DR 426 MAWAR SARI MAKMUR
2300017641;BI-FAST CR TRANSFER DR 008 ESA KARYA BEVERAGE
2300008490;BI-FAST CR TRANSFER DR 542 Junita Sahara
2300013595;BI-FAST CR TRANSFER DR 009 SUASANA KREATIF IN
2300017112;BI-FAST CR TRANSFER DR 037 FADLY LILAH ILHAM
2300018625;BI-FAST CR TRANSFER DR 008 VARIANTO GUNAWAN
2300018779;BI-FAST CR TRANSFER DR 008 MAHARAJADI USAHA B
2300018192;BI-FAST CR TRANSFER DR 008 N K MUH IBRAHIM KU
2300018165;BI-FAST CR TRANSFER DR 009 MOOKIE TITIK TERAN
2300018824;BI-FAST CR TRANSFER DR 002 ZAHRAH RAMADHIAN
2300018273;BI-FAST CR TRANSFER DR 008 KELOLA SARANA JAYA
2300015991;BI-FAST CR TRANSFER DR 008 ARTISAN PANGAN INT
2300018992;BI-FAST CR TRANSFER DR 028 MELISSA LEONARDI
2300016890;BI-FAST CR TRANSFER DR 002 MOHAMAD FIRMAN SYA
2300015533;BI-FAST CR TRANSFER DR 008 POLARIS INSTRUMENT
2300019054;BI-FAST CR TRANSFER DR 008 ALDI RADITI RIZKIE
2300007109;BI-FAST CR TRANSFER DR 028 MAXIM JAYADI ABADI
2300014933;BI-FAST CR TRANSFER DR 451 KOPKARSYAHBSIQQKRW
2300012456;BI-FAST CR TRANSFER DR 002 RINO BAGUS PRASETY
2300013666;BI-FAST CR TRANSFER DR 002 GITA DJOEANG SEJAH
2300015661;BI-FAST CR TRANSFER DR 002 PT SAYAP SUKSES SE
2300008905;BI-FAST CR TRANSFER DR 008 TABUNGAN BISNIS PU
2300008905;BI-FAST CR TRANSFER DR 008 TABUNGAN BISNIS PU
2300015092;BI-FAST CR TRANSFER DR 008 RAJASA INTAMA
2300016906;BI-FAST CR TRANSFER DR 008 WAHYU KURNIA
2300011476;BI-FAST CR TRANSFER DR 022 NUSAE BEUNGHAR BER
2300016422;BI-FAST CR TRANSFER DR 008 MUHAMAD ARIGHI
2300017156;BI-FAST CR TRANSFER DR 028 RIVA LAURITZ
2300007137;BI-FAST CR TRANSFER DR 032 PT Kerry Ingredien
2300018604;BI-FAST CR TRANSFER DR 008 MAUDREY ALESIA
2300014697;BI-FAST CR TRANSFER DR 031 PT TRINUSA TRAVELI
2300010936;BI-FAST CR TRANSFER DR 022 KAKIATNA AGRO INDO
2300010936;BI-FAST CR TRANSFER DR 022 KAKIATNA AGRO INDO
2300010687;BI-FAST CR TRANSFER DR 002 AGUNG PRASETYO
2300011768;BI-FAST CR TRANSFER DR 031 PT TRAVELOKA INDON
2300018126;BI-FAST CR TRANSFER DR 009 ANDRI DWIANTO IRAW
2300016538;BI-FAST CR TRANSFER DR 002 MUTAALIDA
2300015630;BI-FAST CR TRANSFER DR 002 DINI INDRIYANI
2300016346;BI-FAST CR TRANSFER DR 022 RUDY KURNIA SEJATI
2300002944;BI-FAST CR TRANSFER DR 002 JAKARTA SENTRA ARO
2300017514;BI-FAST CR TRANSFER DR 008 KORI-HABITAT UNTUK
2300017514;BI-FAST CR TRANSFER DR 008 SAOLA-HABITAT UNTU
2300012502;BI-FAST CR TRANSFER DR 008 MUHAMMAD OVIE PALK
2300018607;BI-FAST CR TRANSFER DR 501 Carlos Daniel
2300014329;BI-FAST CR TRANSFER DR 153 CV CATUR NIAGA SEN
2300018416;BI-FAST CR TRANSFER DR 451 ADHIYANUARTRIKURNI
2300007137;BI-FAST CR TRANSFER DR 032 PT Kerry Ingredien
2300015997;BI-FAST CR TRANSFER DR 022 DEANDI PRIMOSAPUTE
2300016603;BI-FAST CR TRANSFER DR 008 DWI PUSPITA ANGGRA
2300016623;BI-FAST CR TRANSFER DR 535 RATIH
2300018708;BI-FAST CR TRANSFER DR 501 ELSHA FARA
2300016293;BI-FAST CR TRANSFER DR 501 Ridwan Riswandi
2300016293;BI-FAST CR TRANSFER DR 501 Ridwan Riswandi
2300016293;BI-FAST CR TRANSFER DR 501 Ridwan Riswandi
2300015777;BI-FAST CR TRANSFER DR 022 ROSSI SOFIAH HARDI
2300015203;BI-FAST CR TRANSFER DR 022 GENESIS INDONESIA
2300017184;BI-FAST CR TRANSFER DR 008 MUSHAB ALI
2300015203;BI-FAST CR TRANSFER DR 022 GENESIS INDONESIA
2300018774;BI-FAST CR TRANSFER DR 022 VOMAYA SEJAHTERA I
2300017448;BI-FAST CR TRANSFER DR 002 KEENAN ARDYANTO
2300017615;BI-FAST CR TRANSFER DR 022 PRIMA FENOMENA JAY
2300009192;BI-FAST CR TRANSFER DR 022 CLASSIC FINE FOODS
2300016910;BI-FAST CR TRANSFER DR 009 ARSA AMERTA NUGRAH
2300017872;BI-FAST CR TRANSFER DR 008 JASA KREASI SETRIA
2300016097;BI-FAST CR TRANSFER DR 008 RUWANDA SELERA ABA
2300008929;BI-FAST CR TRANSFER DR 008 YUDHO WANDONO ANGG
2300011370;BI-FAST CR TRANSFER DR 023 WANATA JAYA CIPTA,
2300018312;BI-FAST CR TRANSFER DR 002 DIASTIKA SEPHIRA A
2300017652;BI-FAST CR TRANSFER DR 008 DAVID ROMANO L
2300016665;BI-FAST CR TRANSFER DR 008 OCTAVIANI
2300015203;BI-FAST CR TRANSFER DR 022 GENESIS INDONESIA
2300017284;BI-FAST CR TRANSFER DR 002 FAJAR RAHMAT ALAMS
2300016723;BI-FAST CR TRANSFER DR 009 WIRA KARYAWAN PLTU
2300016664;BI-FAST CR TRANSFER DR 008 BERKAH BOGA MANDIR
2300018393;BI-FAST CR TRANSFER DR 008 M SHOKHI
2300010936;BI-FAST CR TRANSFER DR 022 KAKIATNA AGRO INDO
2300010936;BI-FAST CR TRANSFER DR 022 KAKIATNA AGRO INDO
2300017085;BI-FAST CR TRANSFER DR 023 ALEXANDRA CORRADIN
2300016423;BI-FAST CR TRANSFER DR 008 DEA UMYATI
2300018907;BI-FAST CR TRANSFER DR 008 INDRA YUDHA PRATAM
2300018907;BI-FAST CR TRANSFER DR 008 INDRA YUDHA PRATAM
2300010516;BI-FAST CR TRANSFER DR 022 DCIKA PRIMA MAHKOT
2300014400;BI-FAST CR TRANSFER DR 002 FILOSOFI KOPI SEJA
2300015977;BI-FAST CR TRANSFER DR 008 BERKAT INTI SELARA
2300016133;BI-FAST CR TRANSFER DR 008 SUSI SULASTRI
2300016693;BI-FAST CR TRANSFER DR 028 ASTA BUMI CIPTA
2300013650;BI-FAST CR TRANSFER DR 009 SIMSEM PAYROLL BNI
2300017435;BI-FAST CR TRANSFER DR 002 NUNUNG SOBIATY
2300018181;BI-FAST CR TRANSFER DR 019 PERKASA MITRA CE
2300018404;BI-FAST CR TRANSFER DR 022 MAKANAN LEZAT INDO
2300014642;BI-FAST CR TRANSFER DR 542 VITA DIAN PUTRI
2300014642;BI-FAST CR TRANSFER DR 542 VITA DIAN PUTRI
2300018416;BI-FAST CR TRANSFER DR 451 ADHIYANUARTRIKURNI
2300015919;BI-FAST CR TRANSFER DR 002 GEDUNG PINANG SELA
2300018191;BI-FAST CR TRANSFER DR 028 KARYA ANAK UNGGUL
2300014642;BI-FAST CR TRANSFER DR 542 VITA DIAN PUTRI
2300018924;BI-FAST CR TRANSFER DR 008 NWANSA PANJANG UMU
2300017653;BI-FAST CR TRANSFER DR 008 AGUS CHANDRA WAHYU
2300013780;BI-FAST CR TRANSFER DR 008 JEDO ABADI LESTARI
2300018751;BI-FAST CR TRANSFER DR 008 UNGGUL WICAKSONO I
2300008929;BI-FAST CR TRANSFER DR 008 YUDHO WANDONO ANGG
2300016253;BI-FAST CR TRANSFER DR 008 MITRA LOKACIPTA SE
2300017936;BI-FAST CR TRANSFER DR 008 TERIGU TELUR GULA
2300017936;BI-FAST CR TRANSFER DR 008 TERIGU TELUR GULA
2300015209;BI-FAST CR TRANSFER DR 153 CV BARU TANJAKAN
2300018604;BI-FAST CR TRANSFER DR 008 MAUDREY ALESIA
2300017078;BI-FAST CR TRANSFER DR 501 Rafly Rihza Arrohi
2300011668;BI-FAST CR TRANSFER DR 200 KOPERASI PEGAWAI B
2300017069;BI-FAST CR TRANSFER DR 472 GENTA RAMA SUFIS
2300018794;BI-FAST CR TRANSFER DR 451 MURSIDAH
2300018120;BI-FAST CR TRANSFER DR 008 RISSA AULIA
2300010936;BI-FAST CR TRANSFER DR 022 KAKIATNA AGRO INDO
2300010936;BI-FAST CR TRANSFER DR 022 KAKIATNA AGRO INDO
2300015992;BI-FAST CR TRANSFER DR 002 DWI URIP SUGIYANTO
2300017425;BI-FAST CR TRANSFER DR 008 AKHMAD RIZKY WICAK
2300018824;BI-FAST CR TRANSFER DR 002 ZAHRAH RAMADHIAN
2300010105;BI-FAST CR TRANSFER DR 008 KOPKAR MADANI ASTR
2300018714;BI-FAST CR TRANSFER DR 008 YUNUS RANTE TANDUN
2300018067;BI-FAST CR TRANSFER DR 009 TOKU OISHI PERKASA
2300018175;BI-FAST CR TRANSFER DR 008 POLA RASA NUSANTAR
2300018766;BI-FAST CR TRANSFER DR 008 RIO FANDY AZHAR
2300016837;BI-FAST CR TRANSFER DR 426 MAWAR SARI MAKMUR
2300018834;BI-FAST CR TRANSFER DR 023 NOVENNY
2300015833;BI-FAST CR TRANSFER DR 009 ANDHIKA NUR PRATAM
2300018627;BI-FAST CR TRANSFER DR 008 FARHAN RABBANI DAR
2300018165;BI-FAST CR TRANSFER DR 009 MOOKIE TITIK TERAN
2300015533;BI-FAST CR TRANSFER DR 008 POLARIS INSTRUMENT
2300017079;BI-FAST CR TRANSFER DR 501 Ridwan Riswandi
2300016293;BI-FAST CR TRANSFER DR 501 Ridwan Riswandi
2300008929;BI-FAST CR TRANSFER DR 008 YUDHO WANDONO ANGG
2300018246;BI-FAST CR TRANSFER DR 008 MUTIARA PROKLAMASI
2300012044;BI-FAST CR TRANSFER DR 008 DIPURI SELARAS MEM
2300018312;BI-FAST CR TRANSFER DR 002 DIASTIKA SEPHIRA A
2300017911;BI-FAST CR TRANSFER DR 008 CAKRA MAJU JAYA
2300013780;BI-FAST CR TRANSFER DR 008 JEDO ABADI LESTARI
2300018924;BI-FAST CR TRANSFER DR 008 NWANSA PANJANG UMU
2300018348;BI-FAST CR TRANSFER DR 002 RICKY YANSEN
2300011370;BI-FAST CR TRANSFER DR 023 WANATA JAYA CIPTA,
2300017652;BI-FAST CR TRANSFER DR 008 DAVID ROMANO L
2300017428;BI-FAST CR TRANSFER DR 009 TIGO TUNGKU SAHATI
2300017570;BI-FAST CR TRANSFER DR 008 AGREYA BERKAH INDO
2300016665;BI-FAST CR TRANSFER DR 008 OCTAVIANI
2300018710;BI-FAST CR TRANSFER DR 008 ALAWINSIA ALINDA M
2300017156;BI-FAST CR TRANSFER DR 028 RIVA LAURITZ
2300017156;BI-FAST CR TRANSFER DR 028 RIVA LAURITZ
2300017156;BI-FAST CR TRANSFER DR 028 RIVA LAURITZ
2300011668;BI-FAST CR TRANSFER DR 200 KOPERASI PEGAWAI B
2300011768;BI-FAST CR TRANSFER DR 031 PT TRAVELOKA INDON
2300011768;BI-FAST CR TRANSFER DR 031 PT TRINUSA TRAVELI
2300018257;BI-FAST CR TRANSFER DR 535 ESTER VERONICA ERN
2300007137;BI-FAST CR TRANSFER DR 032 PT Kerry Ingredien
2300018079;BI-FAST CR TRANSFER DR 501 Jessica Kwong
2300018079;BI-FAST CR TRANSFER DR 501 Jessica Kwong
2300010936;BI-FAST CR TRANSFER DR 022 KAKIATNA AGRO INDO
2300010936;BI-FAST CR TRANSFER DR 022 KAKIATNA AGRO INDO
2300016538;BI-FAST CR TRANSFER DR 002 MUTAALIDA
2000066431;BI-FAST CR TRANSFER DR 008 YUMMY FOOD UTAMA
2300013666;BI-FAST CR TRANSFER DR 002 GITA DJOEANG SEJAH
2300016603;BI-FAST CR TRANSFER DR 008 DWI PUSPITA ANGGRA
2300007137;BI-FAST CR TRANSFER DR 032 PT Kerry Ingredien
2300016623;BI-FAST CR TRANSFER DR 535 RATIH
2300011476;BI-FAST CR TRANSFER DR 022 NUSAE BEUNGHAR BER
2300007109;BI-FAST CR TRANSFER DR 028 MAXIM JAYADI ABADI
2300007109;BI-FAST CR TRANSFER DR 028 MAXIM JAYADI ABADI
2300013611;BI-FAST CR TRANSFER DR 008 KULINER INDONESIA
2300016097;BI-FAST CR TRANSFER DR 008 RUWANDA SELERA ABA
2300018955;BI-FAST CR TRANSFER DR 542 Lawrence
2300018955;BI-FAST CR TRANSFER DR 542 Lawrence
2300018219;BI-FAST CR TRANSFER DR 013 FELICIA APRILIANY
2300015012;BI-FAST CR TRANSFER DR 501 Susanti Dewijana
2300017936;BI-FAST CR TRANSFER DR 008 TERIGU TELUR GULA
2300015777;BI-FAST CR TRANSFER DR 022 ROSSI SOFIAH HARDI
2300014933;BI-FAST CR TRANSFER DR 451 KOPKARSYAHBSIQQKRW
2300018460;BI-FAST CR TRANSFER DR 002 ACHMAD JUPRI
2300018203;BI-FAST CR TRANSFER DR 008 ELISABETH FISKARAN
2300015203;BI-FAST CR TRANSFER DR 022 GENESIS INDONESIA
2300010936;BI-FAST CR TRANSFER DR 022 KAKIATNA AGRO INDO
2300015203;BI-FAST CR TRANSFER DR 022 GENESIS INDONESIA
2300010936;BI-FAST CR TRANSFER DR 022 KAKIATNA AGRO INDO
2300018703;BI-FAST CR TRANSFER DR 013 FLIPTECH LENTERA I
2300018703;BI-FAST CR TRANSFER DR 013 FLIPTECH LENTERA I
2300012954;BI-FAST CR TRANSFER DR 535 MUHAMMAD ALI FAJAR
2300014642;BI-FAST CR TRANSFER DR 542 VITA DIAN PUTRI
2300009307;BI-FAST CR TRANSFER DR 009 SATRIA MAJU BERSAM
2300013650;BI-FAST CR TRANSFER DR 009 SIMSEM PAYROLL BNI
2300004393;BI-FAST CR TRANSFER DR 008 MONICA
2300008929;BI-FAST CR TRANSFER DR 008 YUDHO WANDONO ANGG
2300018604;BI-FAST CR TRANSFER DR 008 MAUDREY ALESIA
2300017901;BI-FAST CR TRANSFER DR 009 RFA KHARISMA INTER
2300017901;BI-FAST CR TRANSFER DR 009 RFA KHARISMA INTER
2300015092;BI-FAST CR TRANSFER DR 008 RAJASA INTAMA
2300014808;BI-FAST CR TRANSFER DR 008 DICKY MAULANA HARS
2300016996;BI-FAST CR TRANSFER DR 002 POCUT AMANDA SYAHR
2300017872;BI-FAST CR TRANSFER DR 008 JASA KREASI SETRIA
2300017184;BI-FAST CR TRANSFER DR 008 MUSHAB ALI
2300016664;BI-FAST CR TRANSFER DR 008 BERKAH BOGA MANDIR
2300017262;BI-FAST CR TRANSFER DR 008 KOPERASI KONSUMEN
2300017262;BI-FAST CR TRANSFER DR 008 KOPERASI KONSUMEN
2300007215;BI-FAST CR TRANSFER DR 087 HADIPUTRANTO HADIN
2300013654;BI-FAST CR TRANSFER DR 022 KITCHENETTE LESTAR
2300015533;BI-FAST CR TRANSFER DR 008 POLARIS INSTRUMENT
2300018794;BI-FAST CR TRANSFER DR 451 MURSIDAH
2300018393;BI-FAST CR TRANSFER DR 008 M SHOKHI
2300015149;BI-FAST CR TRANSFER DR 008 MOMENTUM MENUJU KE
2300015149;BI-FAST CR TRANSFER DR 008 MOMENTUM MENUJU KE
2300015149;BI-FAST CR TRANSFER DR 008 MOMENTUM MENUJU KE
2300017838;BI-FAST CR TRANSFER DR 002 NURYANI
2300014400;BI-FAST CR TRANSFER DR 002 FILOSOFI KOPI SEJA
2300017562;BI-FAST CR TRANSFER DR 036 EASTERN EXPANDING
2300016611;BI-FAST CR TRANSFER DR 022 RIA SRI WOELANDARI
2300016611;BI-FAST CR TRANSFER DR 022 RIA SRI WOELANDARI
2300016611;BI-FAST CR TRANSFER DR 022 RIA SRI WOELANDARI
2300018416;BI-FAST CR TRANSFER DR 451 ADHIYANUARTRIKURNI
2300002944;BI-FAST CR TRANSFER DR 002 JAKARTA SENTRA ARO
2300014906;BI-FAST CR TRANSFER DR 022 BOGA PUTRA SANTOSO
2300014906;BI-FAST CR TRANSFER DR 022 BOGA PUTRA SANTOSO
2300017523;BI-FAST CR TRANSFER DR 002 CV SAMBOGA ABADI J
2300018067;BI-FAST CR TRANSFER DR 009 TOKU OISHI PERKASA
2300001056;BI-FAST CR TRANSFER DR 008 GEETEE ROSEN TANUW
2300018281;BI-FAST CR TRANSFER DR 008 DEBORA DEBBY WAGE
2300017044;BI-FAST CR TRANSFER DR 490 ANASTALISIA KUSUMA
2300013650;BI-FAST CR TRANSFER DR 009 SIMSEM PAYROLL BNI
2300016241;BI-FAST CR TRANSFER DR 008 UPEKKHA ARIYAPUTER
2300008929;BI-FAST CR TRANSFER DR 008 YUDHO WANDONO ANGG
2300018986;BI-FAST CR TRANSFER DR 008 SOFRA RASA TURKI
2300018857;BI-FAST CR TRANSFER DR 542 Graha Pramudita
2300011554;BI-FAST CR TRANSFER DR 009 ADIRAI SUMBER REJE
2300010936;BI-FAST CR TRANSFER DR 022 KAKIATNA AGRO INDO
2300010936;BI-FAST CR TRANSFER DR 022 KAKIATNA AGRO INDO
2300018454;BI-FAST CR TRANSFER DR 009 OKTA DEWI ANGGREIN
2300016293;BI-FAST CR TRANSFER DR 501 Ridwan Riswandi
2300016293;BI-FAST CR TRANSFER DR 501 Ridwan Riswandi
2300016293;BI-FAST CR TRANSFER DR 501 Ridwan Riswandi
2300016293;BI-FAST CR TRANSFER DR 501 Ridwan Riswandi
2300016346;BI-FAST CR TRANSFER DR 022 RUDY KURNIA SEJATI
2300008691;BI-FAST CR TRANSFER DR 022 HERBERT TANUDJAJA
2300008691;BI-FAST CR TRANSFER DR 022 HERBERT TANUDJAJA
2300008691;BI-FAST CR TRANSFER DR 022 HERBERT TANUDJAJA
2300019116;BI-FAST CR TRANSFER DR 484 GCM HERO FNB
2300017069;BI-FAST CR TRANSFER DR 472 GENTA RAMA SUFIS
2300017514;BI-FAST CR TRANSFER DR 008 KORI-HABITAT UNTUK
2300004907;BI-FAST CR TRANSFER DR 008 KETJIL KREASI SIGN
2300016346;BI-FAST CR TRANSFER DR 022 RUDY KURNIA SEJATI
2300015249;BI-FAST CR TRANSFER DR 008 HAYKAL DZAKRY WIDJ
2300015249;BI-FAST CR TRANSFER DR 008 HAYKAL DZAKRY WIDJ
2300018202;BI-FAST CR TRANSFER DR 008 IBRAHIM AZHAR
2300012954;BI-FAST CR TRANSFER DR 535 MUHAMMAD ALI FAJAR
2300013595;BI-FAST CR TRANSFER DR 009 SUASANA KREATIF IN
2300017514;BI-FAST CR TRANSFER DR 008 SAOLA-HABITAT UNTU
2300018165;BI-FAST CR TRANSFER DR 009 MOOKIE TITIK TERAN
2300012660;BI-FAST CR TRANSFER DR 046 BELLY YUMMY FOODS
2300007028;BI-FAST CR TRANSFER DR 013 RITA SUKMAWANGI,SE
2300016346;BI-FAST CR TRANSFER DR 022 RUDY KURNIA SEJATI
2300015537;BI-FAST CR TRANSFER DR 008 JAKARTA ARTISAN PA
2300017184;BI-FAST CR TRANSFER DR 008 FEDERASI KANAL
2300017184;BI-FAST CR TRANSFER DR 008 FEDERASI KANAL
2300018708;BI-FAST CR TRANSFER DR 501 ELSHA FARA
2300017432;BI-FAST CR TRANSFER DR 008 BAGJA JAYA SENTOSA
2300017382;BI-FAST CR TRANSFER DR 542 FARIS BUDIMAN ANNA
2300014906;BI-FAST CR TRANSFER DR 022 BOGA PUTRA SANTOSO
2300014906;BI-FAST CR TRANSFER DR 022 BOGA PUTRA SANTOSO
2300018604;BI-FAST CR TRANSFER DR 008 MAUDREY ALESIA
2300018120;BI-FAST CR TRANSFER DR 008 RISSA AULIA
2300017030;BI-FAST CR TRANSFER DR 008 ALI HASANUDIN
2000066431;BI-FAST CR TRANSFER DR 008 YUMMY FOOD UTAMA
2000165636;BI-FAST CR TRANSFER DR 009 RISTA MINAR SIAHAA
2300016167;BI-FAST CR TRANSFER DR 028 HIOE MELANIE PRAST
2300004435;BI-FAST CR TRANSFER DR 008 AROMA HARUM LESTAR
2300016167;BI-FAST CR TRANSFER DR 028 HIOE MELANIE PRAST
2300011476;BI-FAST CR TRANSFER DR 022 NUSAE BEUNGHAR BER
2300017156;BI-FAST CR TRANSFER DR 028 RIVA LAURITZ
2300018844;BI-FAST CR TRANSFER DR 002 DWI YONO SEPTIRAHH
2300012171;BI-FAST CR TRANSFER DR 028 SUDO BREW NARATAMA
2300015931;BI-FAST CR TRANSFER DR 028 ISYE FITRIYULIASTU
2300012432;BI-FAST CR TRANSFER DR 023 HENGKY PRASETYO
2300018483;BI-FAST CR TRANSFER DR 451 WINDAARINAWATI
2300016285;BI-FAST CR TRANSFER DR 037 GROOCERIES CITY IN
2300011768;BI-FAST CR TRANSFER DR 031 PT TRAVELOKA INDON
2300015833;BI-FAST CR TRANSFER DR 009 ANDHIKA NUR PRATAM
2300014697;BI-FAST CR TRANSFER DR 031 PT TRINUSA TRAVELI
2300018674;BI-FAST CR TRANSFER DR 451 ALFIANDIMASSAPUTRA
2300010936;BI-FAST CR TRANSFER DR 022 KAKIATNA AGRO INDO
2300010936;BI-FAST CR TRANSFER DR 022 KAKIATNA AGRO INDO
2300017789;BI-FAST CR TRANSFER DR 008 AGUNG BUDI UTOMO
2300018815;BI-FAST CR TRANSFER DR 008 LUCKY HERIYANTO
2300017289;BI-FAST CR TRANSFER DR 008 MITRA DAGANG MADAN
2300007215;BI-FAST CR TRANSFER DR 087 HADIPUTRANTO HADIN
2300007137;BI-FAST CR TRANSFER DR 032 PT Kerry Ingredien
2300018040;BI-FAST CR TRANSFER DR 008 IRWAN HERMAWAN
2300008905;BI-FAST CR TRANSFER DR 008 TABUNGAN BISNIS PU
2300008905;BI-FAST CR TRANSFER DR 008 TABUNGAN BISNIS PU
2300008905;BI-FAST CR TRANSFER DR 008 TABUNGAN BISNIS PU
2300016883;BI-FAST CR TRANSFER DR 002 PT BUGAR JIWA RAGA
2300009183;BI-FAST CR TRANSFER DR 501 Diajeng Nurulita N
2300009183;BI-FAST CR TRANSFER DR 501 Diajeng Nurulita N
2300009183;BI-FAST CR TRANSFER DR 501 Diajeng Nurulita N
2300017570;BI-FAST CR TRANSFER DR 008 AGREYA BERKAH INDO
2300007137;BI-FAST CR TRANSFER DR 032 PT Kerry Ingredien
2300017641;BI-FAST CR TRANSFER DR 008 ESA KARYA BEVERAGE
2300015092;BI-FAST CR TRANSFER DR 008 RAJASA INTAMA
2300006313;BI-FAST CR TRANSFER DR 008 YAOMBE BANYU LESTA
2300018191;BI-FAST CR TRANSFER DR 028 KARYA ANAK UNGGUL
2300018126;BI-FAST CR TRANSFER DR 009 ANDRI DWIANTO IRAW
2300016862;BI-FAST CR TRANSFER DR 016 WIRIYA SANTOSO
2300010936;BI-FAST CR TRANSFER DR 022 KAKIATNA AGRO INDO
2300010936;BI-FAST CR TRANSFER DR 022 KAKIATNA AGRO INDO
2300015203;BI-FAST CR TRANSFER DR 022 GENESIS INDONESIA
2300015203;BI-FAST CR TRANSFER DR 022 GENESIS INDONESIA
2300009192;BI-FAST CR TRANSFER DR 022 CLASSIC FINE FOODS
2300017184;BI-FAST CR TRANSFER DR 008 FEDERASI KANAL
2300017184;BI-FAST CR TRANSFER DR 008 FEDERASI KANAL
2300014933;BI-FAST CR TRANSFER DR 451 KOPKARSYAHBSIQQKRW
2300017615;BI-FAST CR TRANSFER DR 022 PRIMA FENOMENA JAY
2300018067;BI-FAST CR TRANSFER DR 009 TOKU OISHI PERKASA
2300015661;BI-FAST CR TRANSFER DR 002 PT SAYAP SUKSES SE
2300017872;BI-FAST CR TRANSFER DR 008 JASA KREASI SETRIA
2300014642;BI-FAST CR TRANSFER DR 542 VITA DIAN PUTRI
2300018750;BI-FAST CR TRANSFER DR 008 KREASI ABADI JAYAT
2300018847;BI-FAST CR TRANSFER DR 009 POINBALL GIM INDON
2300018847;BI-FAST CR TRANSFER DR 008 POINBALL GIM INDON
2300017227;BI-FAST CR TRANSFER DR 501 Maria Magdalena Pe
2300016837;BI-FAST CR TRANSFER DR 426 MAWAR SARI MAKMUR
2300017641;BI-FAST CR TRANSFER DR 008 ESA KARYA BEVERAGE
2300016603;BI-FAST CR TRANSFER DR 008 DWI PUSPITA ANGGRA
2300016342;BI-FAST CR TRANSFER DR 002 ERLINNA SUCIAYADI
2300017167;BI-FAST CR TRANSFER DR 022 FKS LAND INDONESIA
2300014400;BI-FAST CR TRANSFER DR 002 FILOSOFI KOPI SEJA
2300018794;BI-FAST CR TRANSFER DR 451 MURSIDAH
2300017676;BI-FAST CR TRANSFER DR 501 Kimberley Adonia G
2300018192;BI-FAST CR TRANSFER DR 008 N K MUH IBRAHIM KU
2300015369;BI-FAST CR TRANSFER DR 013 JUSUF SUKIMAN
2300017085;BI-FAST CR TRANSFER DR 023 ALEXANDRA CORRADIN
2300017432;BI-FAST CR TRANSFER DR 008 BAGJA JAYA SENTOSA
2300017432;BI-FAST CR TRANSFER DR 008 BAGJA JAYA SENTOSA
2300015977;BI-FAST CR TRANSFER DR 008 BERKAT INTI SELARA
2300018533;BI-FAST CR TRANSFER DR 013 MAMMA MIA GLOBAL
2300018751;BI-FAST CR TRANSFER DR 008 UNGGUL WICAKSONO I
2300015209;BI-FAST CR TRANSFER DR 153 CV BARU TANJAKAN
2300015209;BI-FAST CR TRANSFER DR 153 CV BARU TANJAKAN
2300008491;BI-FAST CR TRANSFER DR 008 ENDRESS+HAUSER IND
2300018416;BI-FAST CR TRANSFER DR 451 ADHIYANUARTRIKURNI
2300010531;BI-FAST CR TRANSFER DR 022 SEPULUH SEPULUH ST
2300017994;BI-FAST CR TRANSFER DR 501 Raka Ardiwan
2300016993;BI-FAST CR TRANSFER DR 451 TRIAMINDOWATI
2300006925;BI-FAST CR TRANSFER DR 009 VIDYANTI
2300018797;BI-FAST CR TRANSFER DR 008 YANG HUI
2300017570;BI-FAST CR TRANSFER DR 008 AGREYA BERKAH INDO
2300017570;BI-FAST CR TRANSFER DR 008 AGREYA BERKAH INDO
2300008929;BI-FAST CR TRANSFER DR 008 YUDHO WANDONO ANGG
2300015482;BI-FAST CR TRANSFER DR 002 ROY GUSERNI
2300016293;BI-FAST CR TRANSFER DR 501 Ridwan Riswandi
2300018454;BI-FAST CR TRANSFER DR 009 OKTA DEWI ANGGREIN
2300009526;BI-FAST CR TRANSFER DR 535 ILHAM HADI PRASETI
2300018066;BI-FAST CR TRANSFER DR 002 Fadlu Rochman
2300016890;BI-FAST CR TRANSFER DR 002 MOHAMAD FIRMAN SYA
2300018714;BI-FAST CR TRANSFER DR 008 YUNUS RANTE TANDUN
2300007871;BI-FAST CR TRANSFER DR 008 ALI HASANUDIN
2300018302;BI-FAST CR TRANSFER DR 008 MANYSTAR FOOD SUPP
2300018302;BI-FAST CR TRANSFER DR 008 MANYSTAR FOOD SUPP
2300008929;BI-FAST CR TRANSFER DR 008 YUDHO WANDONO ANGG
2300010936;BI-FAST CR TRANSFER DR 022 KAKIATNA AGRO INDO
2300010936;BI-FAST CR TRANSFER DR 022 KAKIATNA AGRO INDO
2300017085;BI-FAST CR TRANSFER DR 023 ALEXANDRA CORRADIN
2300015992;BI-FAST CR TRANSFER DR 002 DWI URIP SUGIYANTO
2300018175;BI-FAST CR TRANSFER DR 008 POLA RASA NUSANTAR
2300017262;BI-FAST CR TRANSFER DR 008 KOPERASI KONSUMEN
2300017262;BI-FAST CR TRANSFER DR 008 KOPERASI KONSUMEN
2300017262;BI-FAST CR TRANSFER DR 008 KOPERASI KONSUMEN
2300018416;BI-FAST CR TRANSFER DR 451 ADHIYANUARTRIKURNI
2300001305;BI-FAST CR TRANSFER DR 008 RAJA RASA ALAMI
2300015149;BI-FAST CR TRANSFER DR 008 MOMENTUM MENUJU KE
2300015919;BI-FAST CR TRANSFER DR 002 GEDUNG PINANG SELA
2000066431;BI-FAST CR TRANSFER DR 008 YUMMY FOOD UTAMA
2300016032;BI-FAST CR TRANSFER DR 451 STEVIFEBRIANTO
2300016997;BI-FAST CR TRANSFER DR 013 FEBRIAN LITHA AYU
2300009183;BI-FAST CR TRANSFER DR 501 Diajeng Nurulita N
2300009183;BI-FAST CR TRANSFER DR 501 Diajeng Nurulita N
2300009183;BI-FAST CR TRANSFER DR 501 Diajeng Nurulita N
2300013595;BI-FAST CR TRANSFER DR 009 SUASANA KREATIF IN
2300013650;BI-FAST CR TRANSFER DR 009 SIMSEM PAYROLL BNI
2300017562;BI-FAST CR TRANSFER DR 036 EASTERN EXPANDING
2300017930;BI-FAST CR TRANSFER DR 009 REZA ZIA UL RAHMAN
2300018273;BI-FAST CR TRANSFER DR 008 KELOLA SARANA JAYA
2300018175;BI-FAST CR TRANSFER DR 008 POLA RASA NUSANTAR
2300018165;BI-FAST CR TRANSFER DR 009 MOOKIE TITIK TERAN
2300018120;BI-FAST CR TRANSFER DR 008 RISSA AULIA
2300011658;BI-FAST CR TRANSFER DR 002 MAHENDRA DICKY SAP
2300017289;BI-FAST CR TRANSFER DR 008 MITRA DAGANG MADAN
2300009752;BI-FAST CR TRANSFER DR 028 ADICIPTA BOGA INTI
2300009752;BI-FAST CR TRANSFER DR 028 ADICIPTA BOGA INTI
2300009752;BI-FAST CR TRANSFER DR 028 ADICIPTA BOGA INTI
2300009752;BI-FAST CR TRANSFER DR 028 ADICIPTA BOGA INTI
2300009752;BI-FAST CR TRANSFER DR 028 ADICIPTA BOGA INTI
2300009752;BI-FAST CR TRANSFER DR 028 ADICIPTA BOGA INTI
2300009752;BI-FAST CR TRANSFER DR 028 ADICIPTA BOGA INTI
2300009752;BI-FAST CR TRANSFER DR 028 ADICIPTA BOGA INTI
2300009752;BI-FAST CR TRANSFER DR 028 ADICIPTA BOGA INTI
2300009752;BI-FAST CR TRANSFER DR 028 ADICIPTA BOGA INTI
2300009752;BI-FAST CR TRANSFER DR 028 ADICIPTA BOGA INTI
2300009752;BI-FAST CR TRANSFER DR 028 ADICIPTA BOGA INTI
2300009752;BI-FAST CR TRANSFER DR 028 ADICIPTA BOGA INTI
2300009752;BI-FAST CR TRANSFER DR 028 ADICIPTA BOGA INTI
2300009752;BI-FAST CR TRANSFER DR 028 ADICIPTA BOGA INTI
2300009752;BI-FAST CR TRANSFER DR 028 ADICIPTA BOGA INTI
2300009752;BI-FAST CR TRANSFER DR 028 ADICIPTA BOGA INTI
2300009752;BI-FAST CR TRANSFER DR 028 ADICIPTA BOGA INTI
2300009752;BI-FAST CR TRANSFER DR 028 ADICIPTA BOGA INTI
2300009752;BI-FAST CR TRANSFER DR 028 ADICIPTA BOGA INTI
2300009752;BI-FAST CR TRANSFER DR 028 ADICIPTA BOGA INTI
2300009752;BI-FAST CR TRANSFER DR 028 ADICIPTA BOGA INTI
2300009752;BI-FAST CR TRANSFER DR 028 ADICIPTA BOGA INTI
2300009752;BI-FAST CR TRANSFER DR 028 ADICIPTA BOGA INTI
2300009752;BI-FAST CR TRANSFER DR 028 ADICIPTA BOGA INTI
2300009752;BI-FAST CR TRANSFER DR 028 ADICIPTA BOGA INTI
2300017428;BI-FAST CR TRANSFER DR 009 TIGO TUNGKU SAHATI
2300017901;BI-FAST CR TRANSFER DR 009 RFA KHARISMA INTER
2300016665;BI-FAST CR TRANSFER DR 008 OCTAVIANI
2300010531;BI-FAST CR TRANSFER DR 022 SEPULUH SEPULUH ST
2300011476;BI-FAST CR TRANSFER DR 022 NUSAE BEUNGHAR BER
2300015012;BI-FAST CR TRANSFER DR 501 Susanti Dewijana
2300007109;BI-FAST CR TRANSFER DR 028 MAXIM JAYADI ABADI
2300007109;BI-FAST CR TRANSFER DR 028 MAXIM JAYADI ABADI
2300017570;BI-FAST CR TRANSFER DR 008 AGREYA BERKAH INDO
2300017570;BI-FAST CR TRANSFER DR 008 AGREYA BERKAH INDO
2300017570;BI-FAST CR TRANSFER DR 008 AGREYA BERKAH INDO
2300016241;BI-FAST CR TRANSFER DR 008 UPEKKHA ARIYAPUTER
2300016293;BI-FAST CR TRANSFER DR 501 Ridwan Riswandi
2300016293;BI-FAST CR TRANSFER DR 501 Ridwan Riswandi
2300011668;BI-FAST CR TRANSFER DR 200 KOPERASI PEGAWAI B
2300014697;BI-FAST CR TRANSFER DR 031 PT TRINUSA TRAVELI
2300015630;BI-FAST CR TRANSFER DR 002 DINI INDRIYANI
2300018986;BI-FAST CR TRANSFER DR 008 SOFRA RASA TURKI
2300010936;BI-FAST CR TRANSFER DR 022 KAKIATNA AGRO INDO
2300010936;BI-FAST CR TRANSFER DR 022 KAKIATNA AGRO INDO
2300016346;BI-FAST CR TRANSFER DR 022 RUDY KURNIA SEJATI
2300019116;BI-FAST CR TRANSFER DR 484 GCM HERO FNB
2300015777;BI-FAST CR TRANSFER DR 022 ROSSI SOFIAH HARDI
2300015533;BI-FAST CR TRANSFER DR 008 POLARIS INSTRUMENT
2300014400;BI-FAST CR TRANSFER DR 002 FILOSOFI KOPI SEJA
2300004907;BI-FAST CR TRANSFER DR 008 KETJIL KREASI SIGN
2300014548;BI-FAST CR TRANSFER DR 009 ERY WIDYSULISTYO
2300017514;BI-FAST CR TRANSFER DR 008 SAOLA-HABITAT UNTU
2300016097;BI-FAST CR TRANSFER DR 008 RUWANDA SELERA ABA
2300017570;BI-FAST CR TRANSFER DR 008 AGREYA BERKAH INDO
2300015911;BI-FAST CR TRANSFER DR 008 UNITED MEDIA
2300018739;BI-FAST CR TRANSFER DR 008 CV.SRIWANGI DJAYA
2300013595;BI-FAST CR TRANSFER DR 009 SUASANA KREATIF IN
2300016603;BI-FAST CR TRANSFER DR 008 DWI PUSPITA ANGGRA
2300015203;BI-FAST CR TRANSFER DR 022 GENESIS INDONESIA
2300015997;BI-FAST CR TRANSFER DR 022 DEANDI PRIMOSAPUTE
2300017156;BI-FAST CR TRANSFER DR 028 RIVA LAURITZ
2300017156;BI-FAST CR TRANSFER DR 028 RIVA LAURITZ
2300018175;BI-FAST CR TRANSFER DR 008 POLA RASA NUSANTAR
2300018191;BI-FAST CR TRANSFER DR 028 KARYA ANAK UNGGUL
2300017911;BI-FAST CR TRANSFER DR 008 CAKRA MAJU JAYA
2300010936;BI-FAST CR TRANSFER DR 022 KAKIATNA AGRO INDO
2300010936;BI-FAST CR TRANSFER DR 022 KAKIATNA AGRO INDO
2300010687;BI-FAST CR TRANSFER DR 002 AGUNG PRASETYO
2300015203;BI-FAST CR TRANSFER DR 022 GENESIS INDONESIA
2300015203;BI-FAST CR TRANSFER DR 022 GENESIS INDONESIA
2300015833;BI-FAST CR TRANSFER DR 009 ANDHIKA NUR PRATAM
2300008929;BI-FAST CR TRANSFER DR 008 YUDHO WANDONO ANGG
2300009307;BI-FAST CR TRANSFER DR 009 SATRIA MAJU BERSAM
2300018067;BI-FAST CR TRANSFER DR 009 TOKU OISHI PERKASA
2300017872;BI-FAST CR TRANSFER DR 008 JASA KREASI SETRIA
2300018604;BI-FAST CR TRANSFER DR 008 MAUDREY ALESIA
2300017428;BI-FAST CR TRANSFER DR 009 TIGO TUNGKU SAHATI
2300019077;BI-FAST CR TRANSFER DR 451 WINDIDESRIANI
2300017653;BI-FAST CR TRANSFER DR 008 AGUS CHANDRA WAHYU
2300018393;BI-FAST CR TRANSFER DR 008 M SHOKHI
2300016729;BI-FAST CR TRANSFER DR 002 KAMMI GLOBAL NUSAN
2300005372;BI-FAST CR TRANSFER DR 008 NITRO MAKMUR JAYAM
2300017079;BI-FAST CR TRANSFER DR 501 Ridwan Riswandi
2300016664;BI-FAST CR TRANSFER DR 008 BERKAH BOGA MANDIR
2300016664;BI-FAST CR TRANSFER DR 008 BERKAH BOGA MANDIR
2300018203;BI-FAST CR TRANSFER DR 008 ELISABETH FISKARAN
2300018312;BI-FAST CR TRANSFER DR 002 DIASTIKA SEPHIRA A
2300016062;BI-FAST CR TRANSFER DR 008 CAHAYA INDAH ASIA
2300017215;BI-FAST CR TRANSFER DR 002 ANDREAS
2300017899;BI-FAST CR TRANSFER DR 046 SUROSO SP
2300017899;BI-FAST CR TRANSFER DR 008 SUROSO
2300017899;BI-FAST CR TRANSFER DR 008 SUROSO
2300012044;BI-FAST CR TRANSFER DR 008 DIPURI SELARAS MEM
2300018389;BI-FAST CR TRANSFER DR 008 GLOBAL SINERGI INV
2300015919;BI-FAST CR TRANSFER DR 002 GEDUNG PINANG SELA
2300017885;BI-FAST CR TRANSFER DR 013 EKO NURCAHYANTO
2300017885;BI-FAST CR TRANSFER DR 013 EKO NURCAHYANTO
2300018708;BI-FAST CR TRANSFER DR 501 ELSHA FARA
2300018495;BI-FAST CR TRANSFER DR 008 MUAMMAR FASYARI
2300016346;BI-FAST CR TRANSFER DR 022 RUDY KURNIA SEJATI
2300016346;BI-FAST CR TRANSFER DR 022 RUDY KURNIA SEJATI
2300018416;BI-FAST CR TRANSFER DR 451 ADHIYANUARTRIKURNI
2300018824;BI-FAST CR TRANSFER DR 002 ZAHRAH RAMADHIAN
2300017428;BI-FAST CR TRANSFER DR 009 TIGO TUNGKU SAHATI
2300017570;BI-FAST CR TRANSFER DR 008 AGREYA BERKAH INDO
2300008929;BI-FAST CR TRANSFER DR 008 YUDHO WANDONO ANGG
2300018174;BI-FAST CR TRANSFER DR 535 FEBBI FAUZIAH
2300016623;BI-FAST CR TRANSFER DR 535 RATIH
2300016167;BI-FAST CR TRANSFER DR 028 HIOE MELANIE PRAST
2300014856;BI-FAST CR TRANSFER DR 008 MOCHAMAD FHADEL LU
2300007137;BI-FAST CR TRANSFER DR 032 PT Kerry Ingredien
2300000925;BI-FAST CR TRANSFER DR 022 PRIMA ISMAYA SEJAH
2300015976;BI-FAST CR TRANSFER DR 008 BERKAT INTI SELARA
2300018847;BI-FAST CR TRANSFER DR 009 POINBALL GIM INDON
2300014786;BI-FAST CR TRANSFER DR 002 HAVA CREATION INTE
2300010531;BI-FAST CR TRANSFER DR 022 SEPULUH SEPULUH ST
2300008691;BI-FAST CR TRANSFER DR 022 HERBERT TANUDJAJA
2300012954;BI-FAST CR TRANSFER DR 535 MUHAMMAD ALI FAJAR
2300017339;BI-FAST CR TRANSFER DR 008 TRIWARNA PANGAN SE
2300017382;BI-FAST CR TRANSFER DR 542 FARIS BUDIMAN ANNA
2300017435;BI-FAST CR TRANSFER DR 002 NUNUNG SOBIATY
2300017184;BI-FAST CR TRANSFER DR 008 MUSHAB ALI
2300017184;BI-FAST CR TRANSFER DR 008 MUSHAB ALI
2300017514;BI-FAST CR TRANSFER DR 008 SAOLA-HABITAT UNTU
2300015833;BI-FAST CR TRANSFER DR 009 ANDHIKA NUR PRATAM
2300017570;BI-FAST CR TRANSFER DR 008 AGREYA BERKAH INDO
2300017570;BI-FAST CR TRANSFER DR 008 AGREYA BERKAH INDO
2300018667;BI-FAST CR TRANSFER DR 008 MANYSTAR FOOD SUPP
2300018272;BI-FAST CR TRANSFER DR 002 FEBRIKA RIZKI FANO
2300018739;BI-FAST CR TRANSFER DR 008 CV.SRIWANGI DJAYA
2300017641;BI-FAST CR TRANSFER DR 008 ESA KARYA BEVERAGE
2300007028;BI-FAST CR TRANSFER DR 013 RITA SUKMAWANGI,SE
2300017184;BI-FAST CR TRANSFER DR 008 FEDERASI KANAL
2300015992;BI-FAST CR TRANSFER DR 002 DWI URIP SUGIYANTO
2300018389;BI-FAST CR TRANSFER DR 008 GLOBAL SINERGI INV
2300017435;BI-FAST CR TRANSFER DR 002 NUNUNG SOBIATY
2300017435;BI-FAST CR TRANSFER DR 002 NUNUNG SOBIATY
2300014642;BI-FAST CR TRANSFER DR 542 VITA DIAN PUTRI
2300014642;BI-FAST CR TRANSFER DR 542 VITA DIAN PUTRI
2300010936;BI-FAST CR TRANSFER DR 022 KAKIATNA AGRO INDO
2300010936;BI-FAST CR TRANSFER DR 022 KAKIATNA AGRO INDO
2300008691;BI-FAST CR TRANSFER DR 022 HERBERT TANUDJAJA
2300015833;BI-FAST CR TRANSFER DR 009 ANDHIKA NUR PRATAM
2300018219;BI-FAST CR TRANSFER DR 013 FELICIA APRILIANY
2300016032;BI-FAST CR TRANSFER DR 451 STEVIFEBRIANTO
2300017079;BI-FAST CR TRANSFER DR 501 Ridwan Riswandi
2300017079;BI-FAST CR TRANSFER DR 501 Ridwan Riswandi
2300017079;BI-FAST CR TRANSFER DR 501 Ridwan Riswandi
2300016623;BI-FAST CR TRANSFER DR 535 RATIH
2300017930;BI-FAST CR TRANSFER DR 009 REZA ZIA UL RAHMAN
2300017652;BI-FAST CR TRANSFER DR 008 DAVID ROMANO L
2300014786;BI-FAST CR TRANSFER DR 002 HAVA CREATION INTE
2300017079;BI-FAST CR TRANSFER DR 501 Ridwan Riswandi
2300009752;BI-FAST CR TRANSFER DR 028 ADICIPTA BOGA INTI
2300017676;BI-FAST CR TRANSFER DR 501 Kimberley Adonia G
2300018824;BI-FAST CR TRANSFER DR 002 ZAHRAH RAMADHIAN
2300017523;BI-FAST CR TRANSFER DR 002 CV SAMBOGA ABADI J
2300018907;BI-FAST CR TRANSFER DR 008 INDRA YUDHA PRATAM
2300018907;BI-FAST CR TRANSFER DR 008 INDRA YUDHA PRATAM
2300018907;BI-FAST CR TRANSFER DR 008 INDRA YUDHA PRATAM
2300018907;BI-FAST CR TRANSFER DR 008 INDRA YUDHA PRATAM
2300016167;BI-FAST CR TRANSFER DR 028 HIOE MELANIE PRAST
2300011476;BI-FAST CR TRANSFER DR 022 NUSAE BEUNGHAR BER
2300017069;BI-FAST CR TRANSFER DR 472 GENTA RAMA SUFIS
2300010687;BI-FAST CR TRANSFER DR 002 AGUNG PRASETYO
2300016253;BI-FAST CR TRANSFER DR 008 MITRA LOKACIPTA SE
2300018066;BI-FAST CR TRANSFER DR 002 Fadlu Rochman
2300012940;BI-FAST CR TRANSFER DR 008 SELLY STEPANI
2300015335;BI-FAST CR TRANSFER DR 008 JASA KREASI SETRIA
2300018203;BI-FAST CR TRANSFER DR 008 ELISABETH FISKARAN
2300017079;BI-FAST CR TRANSFER DR 501 Ridwan Riswandi
2300017509;BI-FAST CR TRANSFER DR 008 FIRMAN ARVINDRA S
2300016167;BI-FAST CR TRANSFER DR 028 HIOE MELANIE PRAST
2300015533;BI-FAST CR TRANSFER DR 008 POLARIS INSTRUMENT
2300017069;BI-FAST CR TRANSFER DR 472 GENTA RAMA SUFIS
2300014642;BI-FAST CR TRANSFER DR 542 VITA DIAN PUTRI
2300018219;BI-FAST CR TRANSFER DR 013 FELICIA APRILIANY
2300018907;BI-FAST CR TRANSFER DR 008 INDRA YUDHA PRATAM
2300017817;BI-FAST CR TRANSFER DR 008 FINCENT EHUD LAWRE
2300017428;BI-FAST CR TRANSFER DR 009 TIGO TUNGKU SAHATI
2300017901;BI-FAST CR TRANSFER DR 009 RFA KHARISMA INTER
2300007137;BI-FAST CR TRANSFER DR 032 PT Kerry Ingredien
2300018191;BI-FAST CR TRANSFER DR 028 KARYA ANAK UNGGUL
2300018165;BI-FAST CR TRANSFER DR 009 MOOKIE TITIK TERAN
2300012044;BI-FAST CR TRANSFER DR 008 DIPURI SELARAS MEM
2300016259;BI-FAST CR TRANSFER DR 008 HANA RIZKA EFRILIA
2300008929;BI-FAST CR TRANSFER DR 008 YUDHO WANDONO ANGG
2300018079;BI-FAST CR TRANSFER DR 501 Jessica Kwong
2300014642;BI-FAST CR TRANSFER DR 542 VITA DIAN PUTRI
2300016993;BI-FAST CR TRANSFER DR 451 TRIAMINDOWATI
2300012456;BI-FAST CR TRANSFER DR 002 RINO BAGUS PRASETY
2300017615;BI-FAST CR TRANSFER DR 022 PRIMA FENOMENA JAY
2300016664;BI-FAST CR TRANSFER DR 008 BERKAH BOGA MANDIR
2300008929;BI-FAST CR TRANSFER DR 008 YUDHO WANDONO ANGG
2300008929;BI-FAST CR TRANSFER DR 008 YUDHO WANDONO ANGG
2300013207;BI-FAST CR TRANSFER DR 002 Q-THA SURYA PRATAM
2300012106;BI-FAST CR TRANSFER DR 213 EVIELINA HERMAWATY
2300016623;BI-FAST CR TRANSFER DR 535 RATIH
2300016320;BI-FAST CR TRANSFER DR 022 APRIZA HARYASANTI 
2000066431;BI-FAST CR TRANSFER DR 009 YUMMY FOOD UTAMA 
2300015168;BI-FAST CR TRANSFER DR 008 RAYYAN IDHO NAHDI 
2300011370;BI-FAST CR TRANSFER DR 023 WANATA JAYA CIPTA, 
2300011370;BI-FAST CR TRANSFER DR 023 WANATA JAYA CIPTA, 
2300011370;BI-FAST CR TRANSFER DR 023 WANATA JAYA CIPTA, 
2300014642;BI-FAST CR TRANSFER DR 542 VITA DIAN PUTRI 
2300012940;BI-FAST CR TRANSFER DR 008 SELLY STEPANI 
2300013646;BI-FAST CR TRANSFER DR 008 LAILUL MUFARIDAH 
2300008691;BI-FAST CR TRANSFER DR 022 HERBERT TANUDJAJA 
2300015586;BI-FAST CR TRANSFER DR 008 SHANUM MAJU INDONE 
2300018714;BI-FAST CR TRANSFER DR 008 YUNUS RANTE TANDUN
2300014987;BI-FAST CR TRANSFER DR 441 KIM JU HEE
2300010936;BI-FAST CR TRANSFER DR 022 KAKIATNA AGRO INDO
2300010936;BI-FAST CR TRANSFER DR 022 KAKIATNA AGRO INDO
2300009752;BI-FAST CR TRANSFER DR 028 ADICIPTA BOGA INTI
2300009752;BI-FAST CR TRANSFER DR 028 ADICIPTA BOGA INTI
2300009752;BI-FAST CR TRANSFER DR 028 ADICIPTA BOGA INTI
2300009752;BI-FAST CR TRANSFER DR 028 ADICIPTA BOGA INTI
2300009752;BI-FAST CR TRANSFER DR 028 ADICIPTA BOGA INTI
2300009752;BI-FAST CR TRANSFER DR 028 ADICIPTA BOGA INTI
2300009752;BI-FAST CR TRANSFER DR 028 ADICIPTA BOGA INTI
2300009752;BI-FAST CR TRANSFER DR 028 ADICIPTA BOGA INTI
2300009752;BI-FAST CR TRANSFER DR 028 ADICIPTA BOGA INTI
2300009752;BI-FAST CR TRANSFER DR 028 ADICIPTA BOGA INTI
2300009752;BI-FAST CR TRANSFER DR 028 ADICIPTA BOGA INTI
2300009752;BI-FAST CR TRANSFER DR 028 ADICIPTA BOGA INTI
2300009752;BI-FAST CR TRANSFER DR 028 ADICIPTA BOGA INTI
2300009752;BI-FAST CR TRANSFER DR 028 ADICIPTA BOGA INTI
2300009752;BI-FAST CR TRANSFER DR 028 ADICIPTA BOGA INTI
2300009752;BI-FAST CR TRANSFER DR 028 ADICIPTA BOGA INTI
2300009752;BI-FAST CR TRANSFER DR 028 ADICIPTA BOGA INTI
2300009752;BI-FAST CR TRANSFER DR 028 ADICIPTA BOGA INTI
2300009752;BI-FAST CR TRANSFER DR 028 ADICIPTA BOGA INTI
2300009752;BI-FAST CR TRANSFER DR 028 ADICIPTA BOGA INTI
2300009752;BI-FAST CR TRANSFER DR 028 ADICIPTA BOGA INTI
2300009752;BI-FAST CR TRANSFER DR 028 ADICIPTA BOGA INTI
2300009752;BI-FAST CR TRANSFER DR 028 ADICIPTA BOGA INTI
2300009752;BI-FAST CR TRANSFER DR 028 ADICIPTA BOGA INTI
2300009752;BI-FAST CR TRANSFER DR 028 ADICIPTA BOGA INTI
2300009752;BI-FAST CR TRANSFER DR 028 ADICIPTA BOGA INTI
2300009752;BI-FAST CR TRANSFER DR 028 ADICIPTA BOGA INTI
2300009752;BI-FAST CR TRANSFER DR 028 ADICIPTA BOGA INTI
2300009752;BI-FAST CR TRANSFER DR 028 ADICIPTA BOGA INTI
2300017615;BI-FAST CR TRANSFER DR 022 PRIMA FENOMENA JAY
2300018175;BI-FAST CR TRANSFER DR 008 POLA RASA NUSANTAR
2300014808;BI-FAST CR TRANSFER DR 008 DICKY MAULANA HARS
2300017936;BI-FAST CR TRANSFER DR 008 TERIGU TELUR GULA
2300017936;BI-FAST CR TRANSFER DR 008 TERIGU TELUR GULA
2300018067;BI-FAST CR TRANSFER DR 009 TOKU OISHI PERKASA
2300012801;BI-FAST CR TRANSFER DR 008 CHAIRUL ANAM
2300011668;BI-FAST CR TRANSFER DR 200 KOPERASI PEGAWAI B
2300009183;BI-FAST CR TRANSFER DR 501 Diajeng Nurulita N
2300009183;BI-FAST CR TRANSFER DR 501 Diajeng Nurulita N
2300009183;BI-FAST CR TRANSFER DR 501 Diajeng Nurulita N
2300015533;BI-FAST CR TRANSFER DR 008 POLARIS INSTRUMENT
2300010936;BI-FAST CR TRANSFER DR 022 KAKIATNA AGRO INDO
2300010936;BI-FAST CR TRANSFER DR 022 KAKIATNA AGRO INDO
2300015203;BI-FAST CR TRANSFER DR 022 GENESIS INDONESIA
2300015203;BI-FAST CR TRANSFER DR 022 GENESIS INDONESIA
2300012106;BI-FAST CR TRANSFER DR 213 EVIELINA HERMAWATY
2300015537;BI-FAST CR TRANSFER DR 008 JAKARTA ARTISAN PA
2300017570;BI-FAST CR TRANSFER DR 008 AGREYA BERKAH INDO
2300019107;BI-FAST CR TRANSFER DR 008 GEMBIRA LESTARI
2300018879;BI-FAST CR TRANSFER DR 008 TABLE AND MERCY
2300018736;BI-FAST CR TRANSFER DR 008 CV YHWH BERKATI
2300018714;BI-FAST CR TRANSFER DR 008 YUNUS RANTE TANDUN
2300018748;BI-FAST CR TRANSFER DR 008 MOEHAMAD FAIZ GANI
2300017995;BI-FAST CR TRANSFER DR 028 RIVA LAURITZ
2300017123;BI-FAST CR TRANSFER DR 008 I GST AYU AGUNG MA
2300016664;BI-FAST CR TRANSFER DR 008 BERKAH BOGA MANDIR
2300016664;BI-FAST CR TRANSFER DR 008 BERKAH BOGA MANDIR
2300017872;BI-FAST CR TRANSFER DR 008 JASA KREASI SETRIA
2300014808;BI-FAST CR TRANSFER DR 008 DICKY MAULANA HARS
2300010936;BI-FAST CR TRANSFER DR 022 KAKIATNA AGRO INDO
2300010936;BI-FAST CR TRANSFER DR 022 KAKIATNA AGRO INDO
2300014906;BI-FAST CR TRANSFER DR 022 BOGA PUTRA SANTOSO
2300017652;BI-FAST CR TRANSFER DR 008 DAVID ROMANO L
2300017034;BI-FAST CR TRANSFER DR 002 TEZAR MAULANA ZAKY
2300017838;BI-FAST CR TRANSFER DR 002 NURYANI
2300017382;BI-FAST CR TRANSFER DR 542 FARIS BUDIMAN ANNA
2300017828;BI-FAST CR TRANSFER DR 009 AMERTA JAYA GAUTAM
2300017653;BI-FAST CR TRANSFER DR 008 AGUS CHANDRA WAHYU
2300017262;BI-FAST CR TRANSFER DR 008 KOPERASI KONSUMEN
2300000838;BI-FAST CR TRANSFER DR 022 KITCHENETTE LESTAR
2000066431;BI-FAST CR TRANSFER DR 008 YUMMY FOOD UTAMA
2300016167;BI-FAST CR TRANSFER DR 028 HIOE MELANIE PRAST
2300017570;BI-FAST CR TRANSFER DR 008 AGREYA BERKAH INDO
2300017570;BI-FAST CR TRANSFER DR 008 AGREYA BERKAH INDO
2300018393;BI-FAST CR TRANSFER DR 008 M SHOKHI
2300018495;BI-FAST CR TRANSFER DR 008 MUAMMAR FASYARI
2300011370;BI-FAST CR TRANSFER DR 023 WANATA JAYA CIPTA,
2300018564;BI-FAST CR TRANSFER DR 002 MULTI ALAM NUSANTA
2300017112;BI-FAST CR TRANSFER DR 037 FADLY LILAH ILHAM
2300018120;BI-FAST CR TRANSFER DR 008 RISSA AULIA
2300017901;BI-FAST CR TRANSFER DR 009 RFA KHARISMA INTER
2300017034;BI-FAST CR TRANSFER DR 002 TEZAR MAULANA ZAKY
2000066431;BI-FAST CR TRANSFER DR 008 YUMMY FOOD UTAMA
2300009752;BI-FAST CR TRANSFER DR 028 ADICIPTA BOGA INTI
2300009752;BI-FAST CR TRANSFER DR 028 ADICIPTA BOGA INTI
2300009752;BI-FAST CR TRANSFER DR 028 ADICIPTA BOGA INTI
2300009752;BI-FAST CR TRANSFER DR 028 ADICIPTA BOGA INTI
2300015092;BI-FAST CR TRANSFER DR 008 RAJASA INTAMA
2000066431;BI-FAST CR TRANSFER DR 008 YUMMY FOOD UTAMA
2300018175;BI-FAST CR TRANSFER DR 008 POLA RASA NUSANTAR
2300017030;BI-FAST CR TRANSFER DR 008 ALI HASANUDIN
2300012044;BI-FAST CR TRANSFER DR 008 DIPURI SELARAS MEM
2300017262;BI-FAST CR TRANSFER DR 008 KOPERASI KONSUMEN
2300017262;BI-FAST CR TRANSFER DR 008 KOPERASI KONSUMEN
2300017262;BI-FAST CR TRANSFER DR 008 KOPERASI KONSUMEN
2300017262;BI-FAST CR TRANSFER DR 008 KOPERASI KONSUMEN
2300017262;BI-FAST CR TRANSFER DR 008 KOPERASI KONSUMEN
2300018751;BI-FAST CR TRANSFER DR 008 UNGGUL WICAKSONO I
2300017570;BI-FAST CR TRANSFER DR 008 AGREYA BERKAH INDO
2300017570;BI-FAST CR TRANSFER DR 008 AGREYA BERKAH INDO
2300014642;BI-FAST CR TRANSFER DR 542 VITA DIAN PUTRI
2300009183;BI-FAST CR TRANSFER DR 501 Diajeng Nurulita N
2300017570;BI-FAST CR TRANSFER DR 008 AGREYA BERKAH INDO
2300017570;BI-FAST CR TRANSFER DR 008 AGREYA BERKAH INDO
2300015195;BI-FAST CR TRANSFER DR 022 NI KETUT ASTUTY
2300018165;BI-FAST CR TRANSFER DR 009 MOOKIE TITIK TERAN
2300018272;BI-FAST CR TRANSFER DR 002 FEBRIKA RIZKI FANO
2300015249;BI-FAST CR TRANSFER DR 008 HAYKAL DZAKRY WIDJ
2300016538;BI-FAST CR TRANSFER DR 002 MUTAALIDA
2300017995;BI-FAST CR TRANSFER DR 028 RIVA LAURITZ
2300017437;BI-FAST CR TRANSFER DR 013 HELMI ZULFIKAR ALI
2300017069;BI-FAST CR TRANSFER DR 472 GENTA RAMA SUFIS
2300007529;BI-FAST CR TRANSFER DR 008 OCTAVIANI
2300008929;BI-FAST CR TRANSFER DR 008 YUDHO WANDONO ANGG
2300017079;BI-FAST CR TRANSFER DR 501 Ridwan Riswandi
2300015777;BI-FAST CR TRANSFER DR 022 ROSSI SOFIAH HARDI
2300017435;BI-FAST CR TRANSFER DR 002 NUNUNG SOBIATY
2300008929;BI-FAST CR TRANSFER DR 008 YUDHO WANDONO ANGG
2300017676;BI-FAST CR TRANSFER DR 501 Kimberley Adonia G
2300018907;BI-FAST CR TRANSFER DR 008 INDRA YUDHA PRATAM
2300018907;BI-FAST CR TRANSFER DR 008 INDRA YUDHA PRATAM
2300017828;BI-FAST CR TRANSFER DR 009 AMERTA JAYA GAUTAM
2300018924;BI-FAST CR TRANSFER DR 008 NWANSA PANJANG UMU
2300017757;BI-FAST CR TRANSFER DR 002 ASHA MITRA NUSANTA
2300016167;BI-FAST CR TRANSFER DR 028 HIOE MELANIE PRAST
2300009752;BI-FAST CR TRANSFER DR 028 ADICIPTA BOGA INTI
2300009752;BI-FAST CR TRANSFER DR 028 ADICIPTA BOGA INTI
2300009752;BI-FAST CR TRANSFER DR 028 ADICIPTA BOGA INTI
2300009752;BI-FAST CR TRANSFER DR 028 ADICIPTA BOGA INTI
2300009752;BI-FAST CR TRANSFER DR 028 ADICIPTA BOGA INTI
2300009752;BI-FAST CR TRANSFER DR 028 ADICIPTA BOGA INTI
2300009752;BI-FAST CR TRANSFER DR 028 ADICIPTA BOGA INTI
2300009752;BI-FAST CR TRANSFER DR 028 ADICIPTA BOGA INTI
2300009752;BI-FAST CR TRANSFER DR 028 ADICIPTA BOGA INTI
2300014642;BI-FAST CR TRANSFER DR 542 VITA DIAN PUTRI
2300016860;BI-FAST CR TRANSFER DR 008 HIRES KREASI PRATA
2300018907;BI-FAST CR TRANSFER DR 008 INDRA YUDHA PRATAM
2300017899;BI-FAST CR TRANSFER DR 008 SUROSO
2300018812;BI-FAST CR TRANSFER DR 008 KOPI MAKMUR NUSANT
2300008929;BI-FAST CR TRANSFER DR 008 YUDHO WANDONO ANGG
2300019130;BI-FAST CR TRANSFER DR 501 Julia Wijaya Anang
2300018067;BI-FAST CR TRANSFER DR 009 TOKU OISHI PERKASA
2000066431;BI-FAST CR TRANSFER DR 008 YUMMY FOOD UTAMA
2300017428;BI-FAST CR TRANSFER DR 009 TIGO TUNGKU SAHATI
2300011476;BI-FAST CR TRANSFER DR 022 NUSAE BEUNGHAR BER
2300007137;BI-FAST CR TRANSFER DR 032 PT Kerry Ingredien
2300019086;BI-FAST CR TRANSFER DR 008 FATMAH ALI NAGIB
2300004907;BI-FAST CR TRANSFER DR 008 KETJIL KREASI SIGN
2300012106;BI-FAST CR TRANSFER DR 213 EVIELINA HERMAWATY
2300018416;BI-FAST CR TRANSFER DR 451 ADHIYANUARTRIKURNI
2300017289;BI-FAST CR TRANSFER DR 008 MITRA DAGANG MADAN
2300018714;BI-FAST CR TRANSFER DR 008 YUNUS RANTE TANDUN
2300010936;BI-FAST CR TRANSFER DR 022 KAKIATNA AGRO INDO
2300010936;BI-FAST CR TRANSFER DR 022 KAKIATNA AGRO INDO
2300010531;BI-FAST CR TRANSFER DR 022 SEPULUH SEPULUH ST
2300018824;BI-FAST CR TRANSFER DR 002 ZAHRAH RAMADHIAN
2300018483;BI-FAST CR TRANSFER DR 451 WINDAARINAWATI
2300016423;BI-FAST CR TRANSFER DR 008 DEA UMYATI
2300017339;BI-FAST CR TRANSFER DR 008 TRIWARNA PANGAN SE
2300014894;BI-FAST CR TRANSFER DR 022 GENESIS INDONESIA
2300008929;BI-FAST CR TRANSFER DR 008 YUDHO WANDONO ANGG
2300004214;BI-FAST CR TRANSFER DR 002 SEJAHTERA EKA MAND
2300019086;BI-FAST CR TRANSFER DR 008 FATMAH ALI NAGIB
2300019230;BI-FAST CR TRANSFER DR 153 MINI
2300010936;BI-FAST CR TRANSFER DR 022 KAKIATNA AGRO INDO
2300010936;BI-FAST CR TRANSFER DR 022 KAKIATNA AGRO INDO
2300014894;BI-FAST CR TRANSFER DR 022 GENESIS INDONESIA
2300014894;BI-FAST CR TRANSFER DR 022 GENESIS INDONESIA
2300018604;BI-FAST CR TRANSFER DR 008 MAUDREY ALESIA
2300017428;BI-FAST CR TRANSFER DR 009 TIGO TUNGKU SAHATI
2300014894;BI-FAST CR TRANSFER DR 022 GENESIS INDONESIA
2300014894;BI-FAST CR TRANSFER DR 022 GENESIS INDONESIA
2300016890;BI-FAST CR TRANSFER DR 002 MOHAMAD FIRMAN SYA
2300016065;BI-FAST CR TRANSFER DR 501 Hadi Akbar
2300014786;BI-FAST CR TRANSFER DR 002 HAVA CREATION INTE
2300016065;BI-FAST CR TRANSFER DR 501 Hadi Akbar
2300018824;BI-FAST CR TRANSFER DR 002 ZAHRAH RAMADHIAN
2300018066;BI-FAST CR TRANSFER DR 002 Fadlu Rochman
2300011476;BI-FAST CR TRANSFER DR 022 NUSAE BEUNGHAR BER
2300014906;BI-FAST CR TRANSFER DR 022 BOGA PUTRA SANTOSO
2300014906;BI-FAST CR TRANSFER DR 022 BOGA PUTRA SANTOSO
2300014906;BI-FAST CR TRANSFER DR 022 BOGA PUTRA SANTOSO
2300014906;BI-FAST CR TRANSFER DR 022 BOGA PUTRA SANTOSO
2300015777;BI-FAST CR TRANSFER DR 022 ROSSI SOFIAH HARDI
2300013876;BI-FAST CR TRANSFER DR 002 COTTA TERRA PRIMA
2300017044;BI-FAST CR TRANSFER DR 490 ANASTALISIA KUSUMA
2300017936;BI-FAST CR TRANSFER DR 008 TERIGU TELUR GULA
2300017936;BI-FAST CR TRANSFER DR 008 TERIGU TELUR GULA
2300018175;BI-FAST CR TRANSFER DR 008 POLA RASA NUSANTAR
2300015267;BI-FAST CR TRANSFER DR 008 DELI ARTISAN INTER
2300018907;BI-FAST CR TRANSFER DR 008 INDRA YUDHA PRATAM
2300011055;BI-FAST CR TRANSFER DR 008 NUSA WIRA SEJAHTER
2000066431;BI-FAST CR TRANSFER DR 008 YUMMY FOOD UTAMA
2300018416;BI-FAST CR TRANSFER DR 451 ADHIYANUARTRIKURNI
2300008905;BI-FAST CR TRANSFER DR 008 TABUNGAN BISNIS PU
2300016837;BI-FAST CR TRANSFER DR 426 MAWAR SARI MAKMUR
2300016837;BI-FAST CR TRANSFER DR 426 MAWAR SARI MAKMUR
2300016167;BI-FAST CR TRANSFER DR 028 HIOE MELANIE PRAST
2300017044;BI-FAST CR TRANSFER DR 490 ANASTALISIA KUSUMA
2300015092;BI-FAST CR TRANSFER DR 008 RAJASA INTAMA
2300015997;BI-FAST CR TRANSFER DR 022 DEANDI PRIMOSAPUTE
2300018120;BI-FAST CR TRANSFER DR 008 RISSA AULIA
2300017454;BI-FAST CR TRANSFER DR 022 MINOR FOOD GROUP I
2300018191;BI-FAST CR TRANSFER DR 028 KARYA ANAK UNGGUL
2300017817;BI-FAST CR TRANSFER DR 008 FINCENT EHUD LAWRE
2300008929;BI-FAST CR TRANSFER DR 008 YUDHO WANDONO ANGG
2300017676;BI-FAST CR TRANSFER DR 501 Kimberley Adonia G
2300015992;BI-FAST CR TRANSFER DR 002 DWI URIP SUGIYANTO
2300015195;BI-FAST CR TRANSFER DR 022 NI KETUT ASTUTY
2300018126;BI-FAST CR TRANSFER DR 009 ANDRI DWIANTO IRAW
2300018794;BI-FAST CR TRANSFER DR 451 MURSIDAH
2300018454;BI-FAST CR TRANSFER DR 009 OKTA DEWI ANGGREIN
2300017079;BI-FAST CR TRANSFER DR 501 Ridwan Riswandi
2300018219;BI-FAST CR TRANSFER DR 013 FELICIA APRILIANY
2300010936;BI-FAST CR TRANSFER DR 022 KAKIATNA AGRO INDO
2300010936;BI-FAST CR TRANSFER DR 022 KAKIATNA AGRO INDO
2300015533;BI-FAST CR TRANSFER DR 008 POLARIS INSTRUMENT
2300015203;BI-FAST CR TRANSFER DR 022 GENESIS INDONESIA
2300018393;BI-FAST CR TRANSFER DR 008 M SHOKHI
2300018714;BI-FAST CR TRANSFER DR 008 YUNUS RANTE TANDUN
2300014933;BI-FAST CR TRANSFER DR 451 KOPKARSYAHBSIQQKRW
2300017514;BI-FAST CR TRANSFER DR 008 SAOLA-HABITAT UNTU
2300018357;BI-FAST CR TRANSFER DR 087 PT COPIA NETWORK I
2300017615;BI-FAST CR TRANSFER DR 022 PRIMA FENOMENA JAY
2300017936;BI-FAST CR TRANSFER DR 008 TERIGU TELUR GULA
2300010936;BI-FAST CR TRANSFER DR 022 KAKIATNA AGRO INDO
2300010936;BI-FAST CR TRANSFER DR 022 KAKIATNA AGRO INDO
2300007529;BI-FAST CR TRANSFER DR 008 OCTAVIANI
2300018079;BI-FAST CR TRANSFER DR 501 Jessica Kwong
2300016423;BI-FAST CR TRANSFER DR 008 DEA UMYATI
2300009752;BI-FAST CR TRANSFER DR 028 ADICIPTA BOGA INTI
2300009752;BI-FAST CR TRANSFER DR 028 ADICIPTA BOGA INTI
2300009752;BI-FAST CR TRANSFER DR 028 ADICIPTA BOGA INTI
2300018236;BI-FAST CR TRANSFER DR 008 VICKY SANTOSO
2300017828;BI-FAST CR TRANSFER DR 009 AMERTA JAYA GAUTAM
2300017079;BI-FAST CR TRANSFER DR 501 Ridwan Riswandi
2300015092;BI-FAST CR TRANSFER DR 008 RAJASA INTAMA
2300015274;BI-FAST CR TRANSFER DR 008 JEREMY MUSA WICAKS
2300016890;BI-FAST CR TRANSFER DR 002 MOHAMAD FIRMAN SYA
2300008929;BI-FAST CR TRANSFER DR 008 YUDHO WANDONO ANGG
2300018393;BI-FAST CR TRANSFER DR 008 M SHOKHI
2300018393;BI-FAST CR TRANSFER DR 008 M SHOKHI
2300018393;BI-FAST CR TRANSFER DR 008 M SHOKHI
2300018219;BI-FAST CR TRANSFER DR 013 FELICIA APRILIANY
2300018824;BI-FAST CR TRANSFER DR 002 ZAHRAH RAMADHIAN
2300017382;BI-FAST CR TRANSFER DR 542 FARIS BUDIMAN ANNA
2300016664;BI-FAST CR TRANSFER DR 008 BERKAH BOGA MANDIR
2300018393;BI-FAST CR TRANSFER DR 008 M SHOKHI
2300017079;BI-FAST CR TRANSFER DR 501 Ridwan Riswandi
2300017079;BI-FAST CR TRANSFER DR 501 Ridwan Riswandi
2300008691;BI-FAST CR TRANSFER DR 022 HERBERT TANUDJAJA
2300017079;BI-FAST CR TRANSFER DR 501 Ridwan Riswandi
2300010936;BI-FAST CR TRANSFER DR 022 KAKIATNA AGRO INDO
2300010936;BI-FAST CR TRANSFER DR 022 KAKIATNA AGRO INDO
2300015919;BI-FAST CR TRANSFER DR 002 GEDUNG PINANG SELA
2300018580;BI-FAST CR TRANSFER DR 087 HADIPUTRANTO HADIN
2300007263;BI-FAST CR TRANSFER DR 008 MULYADI WITONO
2300017570;BI-FAST CR TRANSFER DR 008 AGREYA BERKAH INDO
2300017570;BI-FAST CR TRANSFER DR 008 AGREYA BERKAH INDO
2300017570;BI-FAST CR TRANSFER DR 008 AGREYA BERKAH INDO
2300016097;BI-FAST CR TRANSFER DR 008 RUWANDA SELERA ABA
2300018751;BI-FAST CR TRANSFER DR 008 UNGGUL WICAKSONO I
2300018040;BI-FAST CR TRANSFER DR 008 IRWAN HERMAWAN
2300018824;BI-FAST CR TRANSFER DR 002 ZAHRAH RAMADHIAN
2300018079;BI-FAST CR TRANSFER DR 501 Jessica Kwong
2300018079;BI-FAST CR TRANSFER DR 501 Jessica Kwong
2300018079;BI-FAST CR TRANSFER DR 501 Jessica Kwong
2300018079;BI-FAST CR TRANSFER DR 501 Jessica Kwong
2300018625;BI-FAST CR TRANSFER DR 008 VARIANTO GUNAWAN
2300017930;BI-FAST CR TRANSFER DR 009 REZA ZIA UL RAHMAN
2300016196;BI-FAST CR TRANSFER DR 535 ANGGI ADELIA FEBRI
2300017570;BI-FAST CR TRANSFER DR 008 AGREYA BERKAH INDO
2300018708;BI-FAST CR TRANSFER DR 501 ELSHA FARA
2300018604;BI-FAST CR TRANSFER DR 008 MAUDREY ALESIA
2300018794;BI-FAST CR TRANSFER DR 451 MURSIDAH
2300014933;BI-FAST CR TRANSFER DR 451 KOPKARSYAHBSIQQKRW
2300018607;BI-FAST CR TRANSFER DR 501 Carlos Daniel
2300008929;BI-FAST CR TRANSFER DR 008 YUDHO WANDONO ANGG
2300015155;BI-FAST CR TRANSFER DR 008 FIRDAUS NIKMATULLA
2300018312;BI-FAST CR TRANSFER DR 008 DIASTIKA SEPHIRA A
2300018847;BI-FAST CR TRANSFER DR 009 POINBALL GIM INDON
2300017570;BI-FAST CR TRANSFER DR 008 AGREYA BERKAH INDO
2300017570;BI-FAST CR TRANSFER DR 008 AGREYA BERKAH INDO
2300016862;BI-FAST CR TRANSFER DR 016 WIRIYA SANTOSO
2300018192;BI-FAST CR TRANSFER DR 008 N K MUH IBRAHIM KU
2300018389;BI-FAST CR TRANSFER DR 008 GLOBAL SINERGI INV
2300018126;BI-FAST CR TRANSFER DR 009 ANDRI DWIANTO IRAW
2300014642;BI-FAST CR TRANSFER DR 542 VITA DIAN PUTRI
2300018175;BI-FAST CR TRANSFER DR 008 POLA RASA NUSANTAR
2300017676;BI-FAST CR TRANSFER DR 501 Kimberley Adonia G
2300019210;BI-FAST CR TRANSFER DR 451 INTANPERMATASARI
2300018924;BI-FAST CR TRANSFER DR 008 NWANSA PANJANG UMU
2300013666;BI-FAST CR TRANSFER DR 002 GITA DJOEANG SEJAH
2300014906;BI-FAST CR TRANSFER DR 022 BOGA PUTRA SANTOSO
2300013207;BI-FAST CR TRANSFER DR 002 Q-THA SURYA PRATAM
2300001305;BI-FAST CR TRANSFER DR 008 RAJA RASA ALAMI
2300017828;BI-FAST CR TRANSFER DR 009 AMERTA JAYA GAUTAM
2300017911;BI-FAST CR TRANSFER DR 008 CAKRA MAJU JAYA
2300008929;BI-FAST CR TRANSFER DR 008 YUDHO WANDONO ANGG
2300018907;BI-FAST CR TRANSFER DR 008 INDRA YUDHA PRATAM
2300018907;BI-FAST CR TRANSFER DR 008 INDRA YUDHA PRATAM
2300018165;BI-FAST CR TRANSFER DR 009 MOOKIE TITIK TERAN
2300016890;BI-FAST CR TRANSFER DR 002 MOHAMAD FIRMAN SYA
2300015700;BI-FAST CR TRANSFER DR 008 ALDI RADITI RIZKIE
2300016215;BI-FAST CR TRANSFER DR 002 ACHMAD JUPRI
2300016249;BI-FAST CR TRANSFER DR 008 TAFIA PUTRI S. RAM
2300015530;BI-FAST CR TRANSFER DR 009 PISON RESTOKOPI PR
2300012044;BI-FAST CR TRANSFER DR 008 DIPURI SELARAS MEM
2300012798;BI-FAST CR TRANSFER DR 451 KOPIKOPIANDBEVERAG
2300012432;BI-FAST CR TRANSFER DR 023 HENGKY PRASETYO
2300014642;BI-FAST CR TRANSFER DR 542 VITA DIAN PUTRI
2300016346;BI-FAST CR TRANSFER DR 022 RUDY KURNIA SEJATI
2300017262;BI-FAST CR TRANSFER DR 008 KOPERASI KONSUMEN
2300017262;BI-FAST CR TRANSFER DR 008 KOPERASI KONSUMEN
2300006571;BI-FAST CR TRANSFER DR 009 PISON ANUGERAH PR
2300017435;BI-FAST CR TRANSFER DR 002 NUNUNG SOBIATY
2300016155;BI-FAST CR TRANSFER DR 013 RAFAE L SUUD AL HA
2300015149;BI-FAST CR TRANSFER DR 008 MOMENTUM MENUJU KE
2300015149;BI-FAST CR TRANSFER DR 008 MOMENTUM MENUJU KE
2300017652;BI-FAST CR TRANSFER DR 008 DAVID ROMANO L
2300009752;BI-FAST CR TRANSFER DR 028 ADICIPTA BOGA INTI
2300016538;BI-FAST CR TRANSFER DR 002 MUTAALIDA
2300017428;BI-FAST CR TRANSFER DR 009 TIGO TUNGKU SAHATI
2300009307;BI-FAST CR TRANSFER DR 009 SATRIA MAJU BERSAM
2300018272;BI-FAST CR TRANSFER DR 002 FEBRIKA RIZKI FANO
2300018483;BI-FAST CR TRANSFER DR 451 WINDAARINAWATI
2300009526;BI-FAST CR TRANSFER DR 501 Ilham Hadi Praseti
2300017652;BI-FAST CR TRANSFER DR 008 DAVID ROMANO L
2300017652;BI-FAST CR TRANSFER DR 008 DAVID ROMANO L
2300018283;BI-FAST CR TRANSFER DR 008 MEILANI OLAMIA
2300012432;BI-FAST CR TRANSFER DR 023 HENGKY PRASETYO
2300017069;BI-FAST CR TRANSFER DR 472 GENTA RAMA SUFIS
2300011554;BI-FAST CR TRANSFER DR 009 ADIRAI SUMBER REJE
2300011554;BI-FAST CR TRANSFER DR 009 ADIRAI SUMBER REJE
2300019086;BI-FAST CR TRANSFER DR 008 FATMAH ALI NAGIB
2300007137;BI-FAST CR TRANSFER DR 032 PT Kerry Ingredien
2300008929;BI-FAST CR TRANSFER DR 008 YUDHO WANDONO ANGG
2300010936;BI-FAST CR TRANSFER DR 022 KAKIATNA AGRO INDO
2300010936;BI-FAST CR TRANSFER DR 022 KAKIATNA AGRO INDO
2300010936;BI-FAST CR TRANSFER DR 022 KAKIATNA AGRO INDO
2300016249;BI-FAST CR TRANSFER DR 008 TAFIA PUTRI S. RAM
2300017079;BI-FAST CR TRANSFER DR 501 Ridwan Riswandi
2300017079;BI-FAST CR TRANSFER DR 501 Ridwan Riswandi
2300018634;BI-FAST CR TRANSFER DR 008 OMOTESANDO INDONES
2300018634;BI-FAST CR TRANSFER DR 008 OMOTESANDO INDONES
2300018627;BI-FAST CR TRANSFER DR 008 FARHAN RABBANI DAR
2300015777;BI-FAST CR TRANSFER DR 022 ROSSI SOFIAH HARDI
2300015976;BI-FAST CR TRANSFER DR 008 BERKAT INTI SELARA
2300010936;BI-FAST CR TRANSFER DR 022 KAKIATNA AGRO INDO
2300010936;BI-FAST CR TRANSFER DR 022 KAKIATNA AGRO INDO
2300015274;BI-FAST CR TRANSFER DR 008 JEREMY MUSA WICAKS
2300017079;BI-FAST CR TRANSFER DR 501 Ridwan Riswandi
2300014548;BI-FAST CR TRANSFER DR 009 ERY WIDYSULISTYO
2300016167;BI-FAST CR TRANSFER DR 028 HIOE MELANIE PRAST
2300016167;BI-FAST CR TRANSFER DR 028 HIOE MELANIE PRAST
2300009983;BI-FAST CR TRANSFER DR 002 NADYA SAFIRA UTARI
2300011476;BI-FAST CR TRANSFER DR 022 NUSAE BEUNGHAR BER
2300017044;BI-FAST CR TRANSFER DR 490 ANASTALISIA KUSUMA
2300018165;BI-FAST CR TRANSFER DR 009 MOOKIE TITIK TERAN
2300018907;BI-FAST CR TRANSFER DR 008 INDRA YUDHA PRATAM
2300018907;BI-FAST CR TRANSFER DR 008 INDRA YUDHA PRATAM
2300015092;BI-FAST CR TRANSFER DR 008 RAJASA INTAMA
2300015203;BI-FAST CR TRANSFER DR 022 GENESIS INDONESIA
2300018250;BI-FAST CR TRANSFER DR 523 DPOD Asura Harsa
2000066431;BI-FAST CR TRANSFER DR 008 YUMMY FOOD UTAMA
2300014642;BI-FAST CR TRANSFER DR 542 VITA DIAN PUTRI
2300017034;BI-FAST CR TRANSFER DR 002 TEZAR MAULANA ZAKY
2300018604;BI-FAST CR TRANSFER DR 008 MAUDREY ALESIA
2300018659;BI-FAST CR TRANSFER DR 535 RIRIK KAFILA
2300018580;BI-FAST CR TRANSFER DR 087 HADIPUTRANTO HADIN
2300016890;BI-FAST CR TRANSFER DR 002 MOHAMAD FIRMAN SYA
2300008905;BI-FAST CR TRANSFER DR 008 TABUNGAN BISNIS PU
2300008905;BI-FAST CR TRANSFER DR 008 TABUNGAN BISNIS PU
2300017262;BI-FAST CR TRANSFER DR 008 KOPERASI KONSUMEN
2300017262;BI-FAST CR TRANSFER DR 008 KOPERASI KONSUMEN
2300017262;BI-FAST CR TRANSFER DR 008 KOPERASI KONSUMEN
2300017289;BI-FAST CR TRANSFER DR 002 MITRA DAGANG MADAN
2300009752;BI-FAST CR TRANSFER DR 028 ADICIPTA BOGA INTI
2300009752;BI-FAST CR TRANSFER DR 028 ADICIPTA BOGA INTI
2300009752;BI-FAST CR TRANSFER DR 028 ADICIPTA BOGA INTI
2300009752;BI-FAST CR TRANSFER DR 028 ADICIPTA BOGA INTI
2300009752;BI-FAST CR TRANSFER DR 028 ADICIPTA BOGA INTI
2300009752;BI-FAST CR TRANSFER DR 028 ADICIPTA BOGA INTI
2300009752;BI-FAST CR TRANSFER DR 028 ADICIPTA BOGA INTI
2300009752;BI-FAST CR TRANSFER DR 028 ADICIPTA BOGA INTI
2300009752;BI-FAST CR TRANSFER DR 028 ADICIPTA BOGA INTI
2300017652;BI-FAST CR TRANSFER DR 008 DAVID ROMANO L
2300009752;BI-FAST CR TRANSFER DR 028 ADICIPTA BOGA INTI
DISTRIBUTOR GREENFIELDS;BI-FAST CR TRANSFER DR 451 PT KELOLA PANGAN I
2000066431;BI-FAST CR TRANSFER DR 009 YUMMY FOOD UTAMA
2300008691;BI-FAST CR TRANSFER DR 022 HERBERT TANUDJAJA
2300008691;BI-FAST CR TRANSFER DR 022 HERBERT TANUDJAJA
2300008691;BI-FAST CR TRANSFER DR 022 HERBERT TANUDJAJA
2300016328;BI-FAST CR TRANSFER DR 501 Bima Nugraha Kusum
2300013109;BI-FAST CR TRANSFER DR 501 Felita Latief
2300011097;BI-FAST CR TRANSFER DR 022 KIRA KIRANA AKUSAR
2300015833;BI-FAST CR TRANSFER DR 009 ANDHIKA NUR PRATAM 
2300014400;BI-FAST CR TRANSFER DR 002 FILOSOFI KOPI SEJA 
2300012389;BI-FAST CR TRANSFER DR 002 ITA WIJAYANTI 
2300012389;BI-FAST CR TRANSFER DR 002 ITA WIJAYANTI 
2300016215;BI-FAST CR TRANSFER DR 002 ACHMAD JUPRI 
2300011370;BI-FAST CR TRANSFER DR 023 WANATA JAYA CIPTA, 
2300010936;BI-FAST CR TRANSFER DR 022 KAKIATNA AGRO INDO
2300010936;BI-FAST CR TRANSFER DR 022 KAKIATNA AGRO INDO
2300015875;BI-FAST CR TRANSFER DR 022 DES DAN ROTI ARTIS
2300018588;BI-FAST CR TRANSFER DR 501 Herlina. H.
2300016122;BI-FAST CR TRANSFER DR 523 EXPAT Roasters
2300014642;BI-FAST CR TRANSFER DR 542 VITA DIAN PUTRI
2300015723;BI-FAST CR TRANSFER DR 009 SIMSEM PAYROLL BNI
2300015095;BI-FAST CR TRANSFER DR 008 ASTHA BUMI INDAH
2300010687;BI-FAST CR TRANSFER DR 002 AGUNG PRASETYO
2300012427;BI-FAST CR TRANSFER DR 002 FLIPTECH LENTERA I
2300014706;BI-FAST CR TRANSFER DR 008 REINBARR RATU RADJ
2300009183;BI-FAST CR TRANSFER DR 501 Diajeng Nurulita N
2300009183;BI-FAST CR TRANSFER DR 501 Diajeng Nurulita N
2300016155;BI-FAST CR TRANSFER DR 013 RAFAE LAYETH SUUD
2300008691;BI-FAST CR TRANSFER DR 022 HERBERT TANUDJAJA
2300005289;BI-FAST CR TRANSFER DR 022 YUNITA DS RUSTIAND
2300014856;BI-FAST CR TRANSFER DR 008 MUHAMAD IRFAN M
2300010381;BI-FAST CR TRANSFER DR 008 NOVIYANTI
2300010531;BI-FAST CR TRANSFER DR 022 SEPULUH SEPULUH ST
2300015195;BI-FAST CR TRANSFER DR 022 NI KETUT ASTUTY
2300014400;BI-FAST CR TRANSFER DR 002 FILOSOFI KOPI SEJA
2300015875;BI-FAST CR TRANSFER DR 022 DES DAN ROTI ARTIS
2300014960;BI-FAST CR TRANSFER DR 451 PT ALANA BERKAH BE
2300016248;BI-FAST CR TRANSFER DR 008 DJUWITA FANYWATI S
2300012171;BI-FAST CR TRANSFER DR 009 SUDO BREW NARATAMA
DISTRIBUTOR GREENFIELDS;BI-FAST CR TRANSFER DR 451 PT KELOLA PANGAN I
2300011370;BI-FAST CR TRANSFER DR 023 WANATA JAYA CIPTA,
2300011420;BI-FAST CR TRANSFER DR 008 SOLIHIN 
2300010936;BI-FAST CR TRANSFER DR 022 KAKIATNA AGRO INDO 
2300010936;BI-FAST CR TRANSFER DR 022 KAKIATNA AGRO INDO 
2300010936;BI-FAST CR TRANSFER DR 022 KAKIATNA AGRO INDO 
2300017078;BI-FAST CR TRANSFER DR 501 Rafly Rihza Arrohi
2300016837;BI-FAST CR TRANSFER DR 426 MAWAR SARI MAKMUR
2300016665;BI-FAST CR TRANSFER DR 008 OCTAVIANI
2300017184;BI-FAST CR TRANSFER DR 008 MUSHAB ALI
2300015195;BI-FAST CR TRANSFER DR 022 NI KETUT ASTUTY
2300015149;BI-FAST CR TRANSFER DR 008 MOMENTUM MENUJU KE
2300015203;BI-FAST CR TRANSFER DR 022 GENESIS INDONESIA
2300015203;BI-FAST CR TRANSFER DR 022 GENESIS INDONESIA
2300010936;BI-FAST CR TRANSFER DR 022 KAKIATNA AGRO INDO
2300010936;BI-FAST CR TRANSFER DR 022 KAKIATNA AGRO INDO
2300015833;BI-FAST CR TRANSFER DR 009 ANDHIKA NUR PRATAM
2300016196;BI-FAST CR TRANSFER DR 535 ANGGI ADELIA FEBRI
2300008929;BI-FAST CR TRANSFER DR 008 YUDHO WANDONO ANGG
2300017652;BI-FAST CR TRANSFER DR 008 DAVID ROMANO L
2300017428;BI-FAST CR TRANSFER DR 009 TIGO TUNGKU SAHATI
2300019087;BI-FAST CR TRANSFER DR 009 BUMI LIPUTAN BOGA
2300017079;BI-FAST CR TRANSFER DR 501 Ridwan Riswandi
2300015012;BI-FAST CR TRANSFER DR 501 Susanti Dewijana
2300014697;BI-FAST CR TRANSFER DR 031 PT TRINUSA TRAVELI
2300018203;BI-FAST CR TRANSFER DR 008 ELISABETH FISKARAN
2300010936;BI-FAST CR TRANSFER DR 022 KAKIATNA AGRO INDO
2300010936;BI-FAST CR TRANSFER DR 022 KAKIATNA AGRO INDO
2300017872;BI-FAST CR TRANSFER DR 008 JASA KREASI SETRIA
2300016342;BI-FAST CR TRANSFER DR 002 ERLINNA SUCIAYADI
2300017492;BI-FAST CR TRANSFER DR 009 M SJAHIRUL ALIM
2300009183;BI-FAST CR TRANSFER DR 501 Diajeng Nurulita N
2300009183;BI-FAST CR TRANSFER DR 501 Diajeng Nurulita N
2300017994;BI-FAST CR TRANSFER DR 501 Raka Ardiwan
2300015092;BI-FAST CR TRANSFER DR 008 RAJASA INTAMA
2300017570;BI-FAST CR TRANSFER DR 008 AGREYA BERKAH INDO
2300018416;BI-FAST CR TRANSFER DR 451 ADHIYANUARTRIKURNI
2300018191;BI-FAST CR TRANSFER DR 028 KARYA ANAK UNGGUL
2300017289;BI-FAST CR TRANSFER DR 008 MITRA DAGANG MADAN
2300016944;BI-FAST CR TRANSFER DR 008 SRI RAHMAWATI
2300016201;BI-FAST CR TRANSFER DR 028 FENNY
2300018986;BI-FAST CR TRANSFER DR 008 SOFRA RASA TURKI
2300016837;BI-FAST CR TRANSFER DR 426 MAWAR SARI MAKMUR
2300013780;BI-FAST CR TRANSFER DR 008 JEDO ABADI LESTARI
2300016094;BI-FAST CR TRANSFER DR 523 DPOD Puffs Out 1
2300016664;BI-FAST CR TRANSFER DR 008 BERKAH BOGA MANDIR
2300016664;BI-FAST CR TRANSFER DR 008 BERKAH BOGA MANDIR
2300018857;BI-FAST CR TRANSFER DR 501 Graha Pramudita
2300017079;BI-FAST CR TRANSFER DR 501 Ridwan Riswandi
2300017079;BI-FAST CR TRANSFER DR 501 Ridwan Riswandi
2300017079;BI-FAST CR TRANSFER DR 501 Ridwan Riswandi
2300018454;BI-FAST CR TRANSFER DR 009 OKTA DEWI ANGGREIN
2300008929;BI-FAST CR TRANSFER DR 008 YUDHO WANDONO ANGG
2300017570;BI-FAST CR TRANSFER DR 008 AGREYA BERKAH INDO
2300010936;BI-FAST CR TRANSFER DR 022 KAKIATNA AGRO INDO
2300010936;BI-FAST CR TRANSFER DR 022 KAKIATNA AGRO INDO
2300017034;BI-FAST CR TRANSFER DR 002 TEZAR MAULANA ZAKY
2300017432;BI-FAST CR TRANSFER DR 008 BAGJA JAYA SENTOSA
2300014944;BI-FAST CR TRANSFER DR 153 CV MADI MARI BERJA 
2300008840;BI-FAST CR TRANSFER DR 002 FLIPTECH LENTERA I
2300012427;BI-FAST CR TRANSFER DR 002 FLIPTECH LENTERA I
2300015889;BI-FAST CR TRANSFER DR 523 DPOD Endorphins 17
2300009183;BI-FAST CR TRANSFER DR 501 Diajeng Nurulita N
DISTRIBUTOR GREENFIELDS;BI-FAST CR TRANSFER DR 022 CLASSIC FINE FOODS
2300015680;BI-FAST CR TRANSFER DR 501 Ledis Vera Lesta
2300007109;BI-FAST CR TRANSFER DR 028 MAXIM JAYADI ABADI
2300007109;BI-FAST CR TRANSFER DR 028 MAXIM JAYADI ABADI
DISTRIBUTOR GREENFIELDS;BI-FAST CR TRANSFER DR 451 PT KELOLA PANGAN I
2300015106;BI-FAST CR TRANSFER DR 002 NOVITASARI
2300013152;BI-FAST CR TRANSFER DR 426 GABRIELLA ASTITI H
2300012585;BI-FAST CR TRANSFER DR 008 KELVIN GERALD M.BA
2300004864;BI-FAST CR TRANSFER DR 008 FEBRI MUHAMMAD SOF
2300015427;BI-FAST CR TRANSFER DR 008 AMARTA KARYA SEJAH
2300004686;BI-FAST CR TRANSFER DR 523 DPOD Selera Sukses
2300004695;BI-FAST CR TRANSFER DR 523 DPOD Cube Catering
2300004686;BI-FAST CR TRANSFER DR 523 DPOD Pt Selera Suk
2300010936;BI-FAST CR TRANSFER DR 022 KAKIATNA AGRO INDO
2300010936;BI-FAST CR TRANSFER DR 022 KAKIATNA AGRO INDO
2300010936;BI-FAST CR TRANSFER DR 022 KAKIATNA AGRO INDO
2300010687;BI-FAST CR TRANSFER DR 002 AGUNG PRASETYO
2300008929;BI-FAST CR TRANSFER DR 008 YUDHO WANDONO ANGG
2300007488;BI-FAST CR TRANSFER DR 494 Ponco Sunarto
2300007488;BI-FAST CR TRANSFER DR 494 Ponco Sunarto
2300007488;BI-FAST CR TRANSFER DR 494 Ponco Sunarto
2300013666;BI-FAST CR TRANSFER DR 002 GITA DJOEANG SEJAH
2300014642;BI-FAST CR TRANSFER DR 542 VITA DIAN PUTRI
2300014083;BI-FAST CR TRANSFER DR 523 DPOD Topcare Carwa
2000066431;BI-FAST CR TRANSFER DR 008 YUMMY FOOD UTAMA
2300008929;BI-FAST CR TRANSFER DR 008 YUDHO WANDONO ANGG
2300015159;BI-FAST CR TRANSFER DR 009 FIRA DWI WAHYUNI
2300015297;BI-FAST CR TRANSFER DR 008 NYDI CITRA ASARA S
DISTRIBUTOR GREENFIELDS;BI-FAST CR TRANSFER DR 008 INTAN SUKSES INSPI
2300010936;BI-FAST CR TRANSFER DR 022 KAKIATNA AGRO INDO
2300010936;BI-FAST CR TRANSFER DR 022 KAKIATNA AGRO INDO
2300010936;BI-FAST CR TRANSFER DR 022 KAKIATNA AGRO INDO
2300012521;BI-FAST CR TRANSFER DR 008 MUTHOHAROH
DISTRIBUTOR GREENFIELDS;BI-FAST CR TRANSFER DR 153 CV BARU TANJAKAN
2300012106;BI-FAST CR TRANSFER DR 213 EVIELINA HERMAWATY
2300016215;BI-FAST CR TRANSFER DR 002 IMAM ZULKIFLI MUST
2300012432;BI-FAST CR TRANSFER DR 023 HENGKY PRASETYO
2300016062;BI-FAST CR TRANSFER DR 008 CAHAYA INDAH ASIA
2300010531;BI-FAST CR TRANSFER DR 022 SEPULUH SEPULUH ST
2300016034;BI-FAST CR TRANSFER DR 009 KHOERUNNISA
2300011097;BI-FAST CR TRANSFER DR 022 KIRA KIRANA AKUSAR
2300015875;BI-FAST CR TRANSFER DR 022 DES DAN ROTI ARTIS
2300015095;BI-FAST CR TRANSFER DR 008 ASTHA BUMI INDAH
2300016422;BI-FAST CR TRANSFER DR 008 MUHAMAD ARIGHI
2300015249;BI-FAST CR TRANSFER DR 008 HAYKAL DZAKRY WIDJ
2300011994;BI-FAST CR TRANSFER DR 523 Sinamon
2300015553;BI-FAST CR TRANSFER DR 008 OKE KUSWARA
2300013109;BI-FAST CR TRANSFER DR 501 Felita Latief
2300015833;BI-FAST CR TRANSFER DR 009 ANDHIKA NUR PRATAM 
2300001056;BI-FAST CR TRANSFER DR 008 GEETEE ROSEN TANUW 
2300006571;BI-FAST CR TRANSFER DR 009 PISON ANUGERAH PR 
2300015530;BI-FAST CR TRANSFER DR 009 PISON RESTOKOPI PR 
2300010936;BI-FAST CR TRANSFER DR 022 KAKIATNA AGRO INDO 
2300010936;BI-FAST CR TRANSFER DR 022 KAKIATNA AGRO INDO 
2300010936;BI-FAST CR TRANSFER DR 022 KAKIATNA AGRO INDO 
2300007028;BI-FAST CR TRANSFER DR 013 RITA SUKMAWANGI,SE 
2300013559;BI-FAST CR TRANSFER DR 013 GIDEON MANASYE 
2300016549;BI-FAST CR TRANSFER DR 046 DITA DEWAYANTI 
DISTRIBUTOR GREENFIELDS;BI-FAST CR TRANSFER DR 451 PT KELOLA PANGAN I 
2000066431;BI-FAST CR TRANSFER DR 008 YUMMY FOOD UTAMA 
2300008929;BI-FAST CR TRANSFER DR 008 YUDHO WANDONO ANGG 
2300008691;BI-FAST CR TRANSFER DR 022 HERBERT TANUDJAJA 
2300008691;BI-FAST CR TRANSFER DR 022 HERBERT TANUDJAJA 
2300016201;BI-FAST CR TRANSFER DR 028 ARENES BOGA SEJAHT 
2300011554;BI-FAST CR TRANSFER DR 009 ADIRAI SUMBER REJE 
2300011554;BI-FAST CR TRANSFER DR 009 ADIRAI SUMBER REJE 
2300011554;BI-FAST CR TRANSFER DR 009 ADIRAI SUMBER REJE 
2300011370;BI-FAST CR TRANSFER DR 023 WANATA JAYA CIPTA, 
2300006204;BI-FAST CR TRANSFER DR 008 SARMAIDA MANURUNG 
2300015203;BI-FAST CR TRANSFER DR 022 GENESIS INDONESIA 
2300015203;BI-FAST CR TRANSFER DR 022 GENESIS INDONESIA 
2300012940;BI-FAST CR TRANSFER DR 008 SELLY STEPANI 
2300012940;BI-FAST CR TRANSFER DR 008 SELLY STEPANI 
2300015168;BI-FAST CR TRANSFER DR 008 RAYYAN IDHO NAHDI 
2300015938;BI-FAST CR TRANSFER DR 008 MUHAMMAD BACHTIAR 
2300008929;BI-FAST CR TRANSFER DR 008 YUDHO WANDONO ANGG 
2300008929;BI-FAST CR TRANSFER DR 008 YUDHO WANDONO ANGG 
2300014998;BI-FAST CR TRANSFER DR 008 RISA ESA NANDA PUT 
2000066431;BI-FAST CR TRANSFER DR 009 YUMMY FOOD UTAMA 
2000066431;BI-FAST CR TRANSFER DR 009 YUMMY FOOD UTAMA 
2300013201;BI-FAST CR TRANSFER DR 008 AKUSARA MITRA MULI 
2300016155;BI-FAST CR TRANSFER DR 013 RAFAE LAYETH SUUD 
2300016155;BI-FAST CR TRANSFER DR 013 RAFAE LAYETH SUUD 
2300008706;BI-FAST CR TRANSFER DR 008 ESTI NOVIASARI
2300010687;BI-FAST CR TRANSFER DR 002 AGUNG PRASETYO
2300016328;BI-FAST CR TRANSFER DR 501 Bima Nugraha Kusum
2300016328;BI-FAST CR TRANSFER DR 501 Bima Nugraha Kusum
2300014400;BI-FAST CR TRANSFER DR 002 FILOSOFI KOPI SEJA
2300008929;BI-FAST CR TRANSFER DR 008 YUDHO WANDONO ANGG
2300010936;BI-FAST CR TRANSFER DR 022 KAKIATNA AGRO INDO
2300010936;BI-FAST CR TRANSFER DR 022 KAKIATNA AGRO INDO
2300010936;BI-FAST CR TRANSFER DR 022 KAKIATNA AGRO INDO
2300004686;BI-FAST CR TRANSFER DR 523 DPOD Selera Sukses
2300008649;BI-FAST CR TRANSFER DR 523 DPOD Odelice Cafe
2300004686;BI-FAST CR TRANSFER DR 523 DPOD Pt Selera Suk
2300011097;BI-FAST CR TRANSFER DR 022 KIRA KIRANA AKUSAR
2300014960;BI-FAST CR TRANSFER DR 451 PT ALANA BERKAH BE
2300016236;BI-FAST CR TRANSFER DR 153 FRANSISKUS BUNJAMI
2300015095;BI-FAST CR TRANSFER DR 008 ASTHA BUMI INDAH
2300013016;BI-FAST CR TRANSFER DR 009 WAHYUDI
2300015155;BI-FAST CR TRANSFER DR 008 FIRDAUS NIKMATULLA
2300016062;BI-FAST CR TRANSFER DR 008 CAHAYA INDAH ASIA
2300010936;BI-FAST CR TRANSFER DR 022 KAKIATNA AGRO INDO
2300010936;BI-FAST CR TRANSFER DR 022 KAKIATNA AGRO INDO
2300010936;BI-FAST CR TRANSFER DR 022 KAKIATNA AGRO INDO
2300015875;BI-FAST CR TRANSFER DR 022 DES DAN ROTI ARTIS
2300014642;BI-FAST CR TRANSFER DR 542 VITA DIAN PUTRI
2300014642;BI-FAST CR TRANSFER DR 542 VITA DIAN PUTRI
2300017043;BI-FAST CR TRANSFER DR 008 SYAHID AZHARI NASU
2300016297;BI-FAST CR TRANSFER DR 008 IRVAN PERMANA
2300016215;BI-FAST CR TRANSFER DR 002 ACHMAD JUPRI
2300016092;BI-FAST CR TRANSFER DR 002 BULAN BINTOEN MATA
2300016603;BI-FAST CR TRANSFER DR 008 DWI PUSPITA ANGGRA
2300008840;BI-FAST CR TRANSFER DR 002 FLIPTECH LENTERA I
2300008691;BI-FAST CR TRANSFER DR 022 HERBERT TANUDJAJA
2300008691;BI-FAST CR TRANSFER DR 022 HERBERT TANUDJAJA
2300008691;BI-FAST CR TRANSFER DR 022 HERBERT TANUDJAJA
2300011370;BI-FAST CR TRANSFER DR 023 WANATA JAYA CIPTA,
2300012427;BI-FAST CR TRANSFER DR 002 FLIPTECH LENTERA I
2300015875;BI-FAST CR TRANSFER DR 022 DES DAN ROTI ARTIS
2300015189;BI-FAST CR TRANSFER DR 002 MITRA DIANI BERSAM
2300013705;BI-FAST CR TRANSFER DR 002 HENDRICK CASIDY
2300015687;BI-FAST CR TRANSFER DR 523 DPOD Bogajaya Suks
DISTRIBUTOR GREENFIELDS;BI-FAST CR TRANSFER DR 011 INDO BANGKA PERKAS
2300014706;BI-FAST CR TRANSFER DR 008 REINBARR RATU RADJ
2300014400;BI-FAST CR TRANSFER DR 002 FILOSOFI KOPI SEJA 
2300018588;BI-FAST CR TRANSFER DR 501 Herlina. H. 
2300015203;BI-FAST CR TRANSFER DR 022 GENESIS INDONESIA 
2300015203;BI-FAST CR TRANSFER DR 022 GENESIS INDONESIA 
2300015198;BI-FAST CR TRANSFER DR 523 DPOD Banyak Berkah 
2300014856;BI-FAST CR TRANSFER DR 008 MUHAMAD IRFAN M 
2300012940;BI-FAST CR TRANSFER DR 008 SELLY STEPANI 
DISTRIBUTOR GREENFIELDS;BI-FAST CR TRANSFER DR 022 CLASSIC FINE FOODS 
2300007109;BI-FAST CR TRANSFER DR 028 MAXIM JAYADI ABADI 
2300008929;BI-FAST CR TRANSFER DR 008 YUDHO WANDONO ANGG 
2300007109;BI-FAST CR TRANSFER DR 028 MAXIM JAYADI ABADI 
2300015135;BI-FAST CR TRANSFER DR 008 MENSA JAKARTA 
2300013876;BI-FAST CR TRANSFER DR 002 COTTA TERRA PRIMA 
2300012456;BI-FAST CR TRANSFER DR 002 RINO BAGUS PRASETY 
2300015938;BI-FAST CR TRANSFER DR 008 MUHAMMAD BACHTIAR 
2300007488;BI-FAST CR TRANSFER DR 494 Ponco Sunarto 
2300007488;BI-FAST CR TRANSFER DR 494 Ponco Sunarto 
2300011768;BI-FAST CR TRANSFER DR 031 PT TRAVELOKA INDON 
2300014697;BI-FAST CR TRANSFER DR 031 PT TRINUSA TRAVELI 
2300008634;BI-FAST CR TRANSFER DR 523 DPOD Pt Paradoks R 
2300011370;BI-FAST CR TRANSFER DR 023 WANATA JAYA CIPTA, 
2300008735;BI-FAST CR TRANSFER DR 008 TITIK KUMPUL SEJAH 
2300016248;BI-FAST CR TRANSFER DR 008 DJUWITA FANYWATI S 
2300016483;BI-FAST CR TRANSFER DR 008 INDAH RAHAYU 
2300015249;BI-FAST CR TRANSFER DR 008 HAYKAL DZAKRY WIDJ 
2300016664;BI-FAST CR TRANSFER DR 008 BERKAH BOGA MANDIR 
2300012399;BI-FAST CR TRANSFER DR 022 TIGA KAWA MITRA 
2300015723;BI-FAST CR TRANSFER DR 009 SIMSEM PAYROLL BNI 
2300008850;BI-FAST CR TRANSFER DR 008 PURNOMO 
2300016249;BI-FAST CR TRANSFER DR 008 TAFIA PUTRI S. RAM 
2300016249;BI-FAST CR TRANSFER DR 008 TAFIA PUTRI S. RAM 
2300012980;BI-FAST CR TRANSFER DR 002 AFRIDA FATHARANI 
2300008691;BI-FAST CR TRANSFER DR 022 HERBERT TANUDJAJA 
2300008691;BI-FAST CR TRANSFER DR 022 HERBERT TANUDJAJA 
2300014329;BI-FAST CR TRANSFER DR 153 CV CATUR NIAGA SEN 
2300014944;BI-FAST CR TRANSFER DR 153 CV MADI MARI BERJA 
INTERNAL GREENFIELDS;BI-FAST CR TRANSFER DR 013 KEZIA GABRIELA EST
2300013876;BI-FAST CR TRANSFER DR 002 COTTA TERRA PRIMA 
2300012554;BI-FAST CR TRANSFER DR 008 SUMBER SELERA INDO 
2300012521;BI-FAST CR TRANSFER DR 008 MUTHOHAROH 
2300005289;BI-FAST CR TRANSFER DR 022 YUNITA DS RUSTIAND 
2300012941;BI-FAST CR TRANSFER DR 009 TITO LUTHFI ATHAYA 
2300014400;BI-FAST CR TRANSFER DR 002 FILOSOFI KOPI SEJA 
2300015203;BI-FAST CR TRANSFER DR 022 GENESIS INDONESIA 
2300015203;BI-FAST CR TRANSFER DR 022 GENESIS INDONESIA 
2300015203;BI-FAST CR TRANSFER DR 022 GENESIS INDONESIA 
DISTRIBUTOR GREENFIELDS;BI-FAST CR TRANSFER DR 153 CV BARU TANJAKAN 
2300012801;BI-FAST CR TRANSFER DR 008 CHAIRUL ANAM 
2300010936;BI-FAST CR TRANSFER DR 022 KAKIATNA AGRO INDO
2300010936;BI-FAST CR TRANSFER DR 022 KAKIATNA AGRO INDO
2300010936;BI-FAST CR TRANSFER DR 022 KAKIATNA AGRO INDO
2300012554;BI-FAST CR TRANSFER DR 008 SUMBER SELERA INDO
2300012554;BI-FAST CR TRANSFER DR 008 SUMBER SELERA INDO
2300015168;BI-FAST CR TRANSFER DR 008 RAYYAN IDHO NAHDI
2300007109;BI-FAST CR TRANSFER DR 028 MAXIM JAYADI ABADI
2300007109;BI-FAST CR TRANSFER DR 028 MAXIM JAYADI ABADI
2300012886;BI-FAST CR TRANSFER DR 008 JOHANES JETHRO NUG
2000066431;BI-FAST CR TRANSFER DR 009 YUMMY FOOD UTAMA
DISTRIBUTOR GREENFIELDS;BI-FAST CR TRANSFER DR 451 PT KELOLA PANGAN I
2300015977;BI-FAST CR TRANSFER DR 008 BERKAT INTI SELARA
2300015797;BI-FAST CR TRANSFER DR 523 Dari Bloomery Seka
2300015477;BI-FAST CR TRANSFER DR 008 KUNTHI MULYAWATI
2300014979;BI-FAST CR TRANSFER DR 008 ATON YULIANTO
2300012521;BI-FAST CR TRANSFER DR 008 MUTHOHAROH
2300014706;BI-FAST CR TRANSFER DR 008 REINBARR RATU RADJ
2300010936;BI-FAST CR TRANSFER DR 022 KAKIATNA AGRO INDO
2300016293;BI-FAST CR TRANSFER DR 501 Teriani Anggi
2300016328;BI-FAST CR TRANSFER DR 501 Bima Nugraha Kusum
2300011370;BI-FAST CR TRANSFER DR 023 WANATA JAYA CIPTA,
MODERN TRADE;BI-FAST CR TRANSFER DR 002 JAKARTA SENTRA ARO
2300016092;BI-FAST CR TRANSFER DR 002 BULAN BINTOEN MATA
2300012106;BI-FAST CR TRANSFER DR 213 EVIELINA HERMAWATY
2300015833;BI-FAST CR TRANSFER DR 009 ANDHIKA NUR PRATAM
2300012941;BI-FAST CR TRANSFER DR 009 TITO LUTHFI ATHAYA
2300016033;BI-FAST CR TRANSFER DR 002 SION TRADING LINE
2300013646;BI-FAST CR TRANSFER DR 008 LAILUL MUFARIDAH
2300015203;BI-FAST CR TRANSFER DR 022 GENESIS INDONESIA
2300015203;BI-FAST CR TRANSFER DR 022 GENESIS INDONESIA
2300015203;BI-FAST CR TRANSFER DR 022 GENESIS INDONESIA
2300004695;BI-FAST CR TRANSFER DR 523 DPOD Cube Catering
DISTRIBUTOR GREENFIELDS;BI-FAST CR TRANSFER DR 022 CLASSIC FINE FOODS
2300011768;BI-FAST CR TRANSFER DR 031 PT TRAVELOKA INDON
2300014697;BI-FAST CR TRANSFER DR 031 PT TRINUSA TRAVELI
2300016201;BI-FAST CR TRANSFER DR 028 FENNY
2300018389;BI-FAST CR TRANSFER DR 008 GLOBAL SINERGI INV
2300016664;BI-FAST CR TRANSFER DR 008 BERKAH BOGA MANDIR
2300009307;BI-FAST CR TRANSFER DR 009 SATRIA MAJU BERSAM
2300009307;BI-FAST CR TRANSFER DR 009 SATRIA MAJU BERSAM
2300014998;BI-FAST CR TRANSFER DR 008 RISA ESA NANDA PUT
2300010936;BI-FAST CR TRANSFER DR 022 KAKIATNA AGRO INDO
2300010936;BI-FAST CR TRANSFER DR 022 KAKIATNA AGRO INDO
2300010936;BI-FAST CR TRANSFER DR 022 KAKIATNA AGRO INDO
2300010936;BI-FAST CR TRANSFER DR 022 KAKIATNA AGRO INDO
2300010936;BI-FAST CR TRANSFER DR 022 KAKIATNA AGRO INDO
2300010936;BI-FAST CR TRANSFER DR 022 KAKIATNA AGRO INDO
2300011370;BI-FAST CR TRANSFER DR 023 WANATA JAYA CIPTA,
2300011370;BI-FAST CR TRANSFER DR 023 WANATA JAYA CIPTA,
2300015095;BI-FAST CR TRANSFER DR 008 ASTHA BUMI INDAH
2300015095;BI-FAST CR TRANSFER DR 008 ASTHA BUMI INDAH
2300015844;BI-FAST CR TRANSFER DR 008 HERU KUSETYO
2300014706;BI-FAST CR TRANSFER DR 008 REINBARR RATU RADJ
2300016155;BI-FAST CR TRANSFER DR 013 RAFAE LAYETH SUUD 
2300016155;BI-FAST CR TRANSFER DR 013 RAFAE LAYETH SUUD 
2300016155;BI-FAST CR TRANSFER DR 013 RAFAE LAYETH SUUD 
2300016155;BI-FAST CR TRANSFER DR 013 RAFAE LAYETH SUUD 
2300016155;BI-FAST CR TRANSFER DR 013 RAFAE LAYETH SUUD 
MODERN TRADE;BI-FAST CR TRANSFER DR 002 JAKARTA SENTRA ARO
2300015106;BI-FAST CR TRANSFER DR 002 NOVITASARI
2300015931;BI-FAST CR TRANSFER DR 028 ISYE FITRIYULIASTU
2300017043;BI-FAST CR TRANSFER DR 008 SYAHID AZHARI NASU 
INTERNAL GREENFIELDS;BI-FAST CR TRANSFER DR 013 KEZIA GABRIELA EST 
2300015938;BI-FAST CR TRANSFER DR 008 MUHAMMAD BACHTIAR 
2300015996;BI-FAST CR TRANSFER DR 008 CIPTA KIRANA WEHAR 
2300006925;BI-FAST CR TRANSFER DR 009 VIDYANTI 
2300012521;BI-FAST CR TRANSFER DR 008 MUTHOHAROH
2300014642;BI-FAST CR TRANSFER DR 542 VITA DIAN PUTRI
2300008735;BI-FAST CR TRANSFER DR 008 TITIK KUMPUL SEJAH 
2300015181;BI-FAST CR TRANSFER DR 002 WISMA KANTA UTAMA 
2300013705;BI-FAST CR TRANSFER DR 002 HENDRICK CASIDY 
2300014856;BI-FAST CR TRANSFER DR 008 MUHAMAD IRFAN M
2300015889;BI-FAST CR TRANSFER DR 523 DPOD Endorphins 17
2300010936;BI-FAST CR TRANSFER DR 022 KAKIATNA AGRO INDO
2300010936;BI-FAST CR TRANSFER DR 022 KAKIATNA AGRO INDO
2000066431;BI-FAST CR TRANSFER DR 009 YUMMY FOOD UTAMA
2300010687;BI-FAST CR TRANSFER DR 002 AGUNG PRASETYO
2300015159;BI-FAST CR TRANSFER DR 009 FIRA DWI WAHYUNI
2300012399;BI-FAST CR TRANSFER DR 022 TIGA KAWA MITRA
DISTRIBUTOR GREENFIELDS;BI-FAST CR TRANSFER DR 153 CV BARU TANJAKAN
2300016155;BI-FAST CR TRANSFER DR 013 RAFAE LAYETH SUUD
2300016249;BI-FAST CR TRANSFER DR 008 TAFIA PUTRI S. RAM 
2300016249;BI-FAST CR TRANSFER DR 008 TAFIA PUTRI S. RAM 
2300010687;BI-FAST CR TRANSFER DR 002 AGUNG PRASETYO
2300015181;BI-FAST CR TRANSFER DR 002 WISMA KANTA UTAMA
2300011768;BI-FAST CR TRANSFER DR 031 PT TRAVELOKA INDON
2300016215;BI-FAST CR TRANSFER DR 002 ACHMAD JUPRI
DISTRIBUTOR GREENFIELDS;BI-FAST CR TRANSFER DR 008 INTAN SUKSES INSPI
2300014919;BI-FAST CR TRANSFER DR 542 Erwin Fransiscus
2300016509;BI-FAST CR TRANSFER DR 009 KHARISMA PERDANA
2300016665;BI-FAST CR TRANSFER DR 008 OCTAVIANI
2300016616;BI-FAST CR TRANSFER DR 019 SOETA MAJU BERSA
2300015938;BI-FAST CR TRANSFER DR 008 MUHAMMAD BACHTIAR
2300011420;BI-FAST CR TRANSFER DR 008 SOLIHIN
2300007287;BI-FAST CR TRANSFER DR 523 DPOD Copper Group
2300010936;BI-FAST CR TRANSFER DR 022 KAKIATNA AGRO INDO
2300015181;BI-FAST CR TRANSFER DR 002 WISMA KANTA UTAMA
2300015181;BI-FAST CR TRANSFER DR 002 WISMA KANTA UTAMA
2300005715;BI-FAST CR TRANSFER DR 535 CORNELIA DEBRINA P
2300014642;BI-FAST CR TRANSFER DR 542 VITA DIAN PUTRI
2300016802;BI-FAST CR TRANSFER DR 008 JUNIUS IVAN BUCI
2300015237;BI-FAST CR TRANSFER DR 523 DPOD Indola Jaya A
2300008691;BI-FAST CR TRANSFER DR 022 HERBERT TANUDJAJA
2300008691;BI-FAST CR TRANSFER DR 022 HERBERT TANUDJAJA
2300015931;BI-FAST CR TRANSFER DR 028 ISYE FITRIYULIASTU
2300016328;BI-FAST CR TRANSFER DR 501 Bima Nugraha Kusum
2300015095;BI-FAST CR TRANSFER DR 008 ASTHA BUMI INDAH
2300014361;BI-FAST CR TRANSFER DR 022 OMAR AGOES
2300014642;BI-FAST CR TRANSFER DR 542 VITA DIAN PUTRI
2300010936;BI-FAST CR TRANSFER DR 022 KAKIATNA AGRO INDO
2300010936;BI-FAST CR TRANSFER DR 022 KAKIATNA AGRO INDO
2300015135;BI-FAST CR TRANSFER DR 008 MENSA JAKARTA
2300015938;BI-FAST CR TRANSFER DR 008 MUHAMMAD BACHTIAR
DISTRIBUTOR GREENFIELDS;BI-FAST CR TRANSFER DR 451 PTKELOLAPANGANINDO
2300007488;BI-FAST CR TRANSFER DR 494 Ponco Sunarto
2300015159;BI-FAST CR TRANSFER DR 009 FIRA DWI WAHYUNI
2300011768;BI-FAST CR TRANSFER DR 031 PT TRAVELOKA INDON
2300014697;BI-FAST CR TRANSFER DR 031 PT TRINUSA TRAVELI
DISTRIBUTOR GREENFIELDS;BI-FAST CR TRANSFER DR 022 CLASSIC FINE FOODS
2300015168;BI-FAST CR TRANSFER DR 008 RAYYAN IDHO NAHDI
2300009484;BI-FAST CR TRANSFER DR 523 DPOD Doux Cookies
2300004686;BI-FAST CR TRANSFER DR 523 DPOD Pt Selera Suk
2300016538;BI-FAST CR TRANSFER DR 002 MUTAALIDA
2300015106;BI-FAST CR TRANSFER DR 002 NOVITASARI
2300009183;BI-FAST CR TRANSFER DR 501 Diajeng Nurulita N
2300010936;BI-FAST CR TRANSFER DR 022 KAKIATNA AGRO INDO 
2300010936;BI-FAST CR TRANSFER DR 022 KAKIATNA AGRO INDO 
2300016236;BI-FAST CR TRANSFER DR 153 FRANSISKUS BUNJAMI 
2300014642;BI-FAST CR TRANSFER DR 542 VITA DIAN PUTRI
2300011370;BI-FAST CR TRANSFER DR 023 WANATA JAYA CIPTA,
2300012106;BI-FAST CR TRANSFER DR 213 EVIELINA HERMAWATY 
2300016665;BI-FAST CR TRANSFER DR 008 OCTAVIANI 
2300008691;BI-FAST CR TRANSFER DR 022 HERBERT TANUDJAJA 
2300008850;BI-FAST CR TRANSFER DR 002 PURNOMO 
2300015723;BI-FAST CR TRANSFER DR 009 SIMSEM PAYROLL BNI 
2300015797;BI-FAST CR TRANSFER DR 523 Dari Bloomery Seka 
2300017641;BI-FAST CR TRANSFER DR 008 ESA KARYA BEVERAGE
2300017570;BI-FAST CR TRANSFER DR 008 AGREYA BERKAH INDO
2300017123;BI-FAST CR TRANSFER DR 008 I GST AYU AGUNG MA
2300008929;BI-FAST CR TRANSFER DR 008 YUDHO WANDONO ANGG
2300000838;BI-FAST CR TRANSFER DR 022 KITCHENETTE LESTAR
2300018192;BI-FAST CR TRANSFER DR 008 N K MUH IBRAHIM KU
2300018627;BI-FAST CR TRANSFER DR 008 FARHAN RABBANI DAR
2300016423;BI-FAST CR TRANSFER DR 008 DEA UMYATI
2300017156;BI-FAST CR TRANSFER DR 028 RIVA LAURITZ
2300012980;BI-FAST CR TRANSFER DR 002 AFRIDA FATHARANI
2300017570;BI-FAST CR TRANSFER DR 008 AGREYA BERKAH INDO
2300017570;BI-FAST CR TRANSFER DR 008 AGREYA BERKAH INDO
2300018917;BI-FAST CR TRANSFER DR 451 MAMASMASPUPAH
2300018824;BI-FAST CR TRANSFER DR 002 ZAHRAH RAMADHIAN
2300016259;BI-FAST CR TRANSFER DR 008 HANA RIZKA EFRILIA
2300018120;BI-FAST CR TRANSFER DR 008 RISSA AULIA
2300018066;BI-FAST CR TRANSFER DR 002 Fadlu Rochman
2300017872;BI-FAST CR TRANSFER DR 008 JASA KREASI SETRIA
2300018996;BI-FAST CR TRANSFER DR 008 MIL TOAST INDONESI
2300017570;BI-FAST CR TRANSFER DR 008 AGREYA BERKAH INDO
2300012368;BI-FAST CR TRANSFER DR 523 Dari PT Bumi Ber
2300018454;BI-FAST CR TRANSFER DR 009 OKTA DEWI ANGGREIN
2300016623;BI-FAST CR TRANSFER DR 535 RATIH
2300018416;BI-FAST CR TRANSFER DR 451 ADHIYANUARTRIKURNI
2300017828;BI-FAST CR TRANSFER DR 009 AMERTA JAYA GAUTAM
2300016860;BI-FAST CR TRANSFER DR 008 HIRES KREASI PRATA
2300016538;BI-FAST CR TRANSFER DR 002 MUTAALIDA
2300010687;BI-FAST CR TRANSFER DR 002 AGUNG PRASETYO
2300017789;BI-FAST CR TRANSFER DR 008 AGUNG BUDI UTOMO
2300017289;BI-FAST CR TRANSFER DR 008 MITRA DAGANG MADAN
2300012044;BI-FAST CR TRANSFER DR 008 DIPURI SELARAS MEM
2300018312;BI-FAST CR TRANSFER DR 002 DIASTIKA SEPHIRA A
2300001056;BI-FAST CR TRANSFER DR 008 GEETEE ROSEN TANUW
2300015931;BI-FAST CR TRANSFER DR 028 ISYE FITRIYULIASTU
2300018191;BI-FAST CR TRANSFER DR 028 KARYA ANAK UNGGUL
2300018667;BI-FAST CR TRANSFER DR 008 MANYSTAR FOOD SUPP
2300018079;BI-FAST CR TRANSFER DR 501 Jessica Kwong
2300016201;BI-FAST CR TRANSFER DR 028 FENNY
2300012554;BI-FAST CR TRANSFER DR 008 SUMBER SELERA INDO
2300010936;BI-FAST CR TRANSFER DR 022 KAKIATNA AGRO INDO
2300010936;BI-FAST CR TRANSFER DR 022 KAKIATNA AGRO INDO
2300010936;BI-FAST CR TRANSFER DR 022 KAKIATNA AGRO INDO
2300016201;BI-FAST CR TRANSFER DR 028 FENNY
2300016201;BI-FAST CR TRANSFER DR 028 FENNY
2300013780;BI-FAST CR TRANSFER DR 008 JEDO ABADI LESTARI
2300012456;BI-FAST CR TRANSFER DR 002 RINO BAGUS PRASETY
2300015630;BI-FAST CR TRANSFER DR 002 BELINDA G R SALEND
2300012886;BI-FAST CR TRANSFER DR 008 JOHANES JETHRO NUG
2300012427;BI-FAST CR TRANSFER DR 002 FLIPTECH LENTERA I
2300015120;BI-FAST CR TRANSFER DR 008 SAYURRUN NUSANTARA
2300014642;BI-FAST CR TRANSFER DR 542 VITA DIAN PUTRI
2300015875;BI-FAST CR TRANSFER DR 022 DES DAN ROTI ARTIS
2300015766;BI-FAST CR TRANSFER DR 213 GIOVANNO HARTONO
2300011289;BI-FAST CR TRANSFER DR 008 NOVA ANGGRAINI
2300012748;BI-FAST CR TRANSFER DR 009 GRUHAM INDONESIA M
2300013152;BI-FAST CR TRANSFER DR 426 GABRIELLA ASTITI H
2300011097;BI-FAST CR TRANSFER DR 022 KIRA KIRANA AKUSAR
2300015477;BI-FAST CR TRANSFER DR 008 KUNTHI MULYAWATI
2300012427;BI-FAST CR TRANSFER DR 002 FLIPTECH LENTERA I
2300012171;BI-FAST CR TRANSFER DR 009 SUDO BREW NARATAMA
2300015181;BI-FAST CR TRANSFER DR 002 WISMA KANTA UTAMA
2300015155;BI-FAST CR TRANSFER DR 008 FIRDAUS NIKMATULLA
2300009183;BI-FAST CR TRANSFER DR 501 Diajeng Nurulita N
2300012026;BI-FAST CR TRANSFER DR 002 SRI WAHYUNI
2300016422;BI-FAST CR TRANSFER DR 008 MUHAMAD ARIGHI
2300010936;BI-FAST CR TRANSFER DR 022 KAKIATNA AGRO INDO
2300010936;BI-FAST CR TRANSFER DR 022 KAKIATNA AGRO INDO
2300010936;BI-FAST CR TRANSFER DR 022 KAKIATNA AGRO INDO
2300008706;BI-FAST CR TRANSFER DR 008 ESTI NOVIASARI
2300015996;BI-FAST CR TRANSFER DR 008 CIPTA KIRANA WEHAR
2300009183;BI-FAST CR TRANSFER DR 501 Diajeng Nurulita N
2300008929;BI-FAST CR TRANSFER DR 008 JONARDY
2300008691;BI-FAST CR TRANSFER DR 022 HERBERT TANUDJAJA
2300008691;BI-FAST CR TRANSFER DR 022 HERBERT TANUDJAJA
2300015833;BI-FAST CR TRANSFER DR 002 ANDHIKA NUR PRATAM
2300012171;BI-FAST CR TRANSFER DR 009 SUDO BREW NARATAMA
2300016215;BI-FAST CR TRANSFER DR 002 ACHMAD JUPRI
2300007488;BI-FAST CR TRANSFER DR 494 Ponco Sunarto
2300007488;BI-FAST CR TRANSFER DR 494 Ponco Sunarto
2300015203;BI-FAST CR TRANSFER DR 022 GENESIS INDONESIA
2300007488;BI-FAST CR TRANSFER DR 494 Ponco Sunarto
2300015195;BI-FAST CR TRANSFER DR 022 NI KETUT ASTUTY
2300015092;BI-FAST CR TRANSFER DR 008 RAJASA INTAMA
DISTRIBUTOR GREENFIELDS;BI-FAST CR TRANSFER DR 022 CLASSIC FINE FOODS
2300016328;BI-FAST CR TRANSFER DR 501 Bima Nugraha Kusum
2300016328;BI-FAST CR TRANSFER DR 501 Bima Nugraha Kusum
2300005715;BI-FAST CR TRANSFER DR 535 CORNELIA DEBRINA P
2300015095;BI-FAST CR TRANSFER DR 008 ASTHA BUMI INDAH
2300015095;BI-FAST CR TRANSFER DR 008 ASTHA BUMI INDAH
2300017043;BI-FAST CR TRANSFER DR 008 SYAHID AZHARI NASU
2300014400;BI-FAST CR TRANSFER DR 002 FILOSOFI KOPI SEJA
2300016439;BI-FAST CR TRANSFER DR 009 NUR PAGI SORE
2300007109;BI-FAST CR TRANSFER DR 028 MAXIM JAYADI ABADI
2300007109;BI-FAST CR TRANSFER DR 028 MAXIM JAYADI ABADI
2300014083;BI-FAST CR TRANSFER DR 523 DPOD Topcare Carwa
2300013780;BI-FAST CR TRANSFER DR 008 JEDO ABADI LESTARI
2300015249;BI-FAST CR TRANSFER DR 008 HAYKAL DZAKRY WIDJ
2300012886;BI-FAST CR TRANSFER DR 008 JOHANES JETHRO NUG
DISTRIBUTOR GREENFIELDS;BI-FAST CR TRANSFER DR 008 INTAN SUKSES INSPI 
2300007028;BI-FAST CR TRANSFER DR 013 RITA SUKMAWANGI,SE 
2300015875;BI-FAST CR TRANSFER DR 022 DES DAN ROTI ARTIS 
2300015797;BI-FAST CR TRANSFER DR 523 DPOD Bloomery Seka 
2300015797;BI-FAST CR TRANSFER DR 523 DPOD Bloomery Seka 
2300008691;BI-FAST CR TRANSFER DR 022 HERBERT TANUDJAJA 
2300006571;BI-FAST CR TRANSFER DR 009 PISON ANUGERAH PR
2300015203;BI-FAST CR TRANSFER DR 022 GENESIS INDONESIA
2300015203;BI-FAST CR TRANSFER DR 022 GENESIS INDONESIA
2300011097;BI-FAST CR TRANSFER DR 022 KIRA KIRANA AKUSAR
2300010936;BI-FAST CR TRANSFER DR 022 KAKIATNA AGRO INDO
2300010936;BI-FAST CR TRANSFER DR 022 KAKIATNA AGRO INDO
2300010936;BI-FAST CR TRANSFER DR 022 KAKIATNA AGRO INDO
2300014400;BI-FAST CR TRANSFER DR 002 FILOSOFI KOPI SEJA
2300015530;BI-FAST CR TRANSFER DR 009 PISON RESTOKOPI PR
2300011554;BI-FAST CR TRANSFER DR 009 ADIRAI SUMBER REJE
2300011554;BI-FAST CR TRANSFER DR 009 ADIRAI SUMBER REJE
2300016155;BI-FAST CR TRANSFER DR 013 RAFAE LAYETH SUUD
2300016215;BI-FAST CR TRANSFER DR 002 ACHMAD JUPRI
2300016328;BI-FAST CR TRANSFER DR 501 Bima Nugraha Kusum 
2300016328;BI-FAST CR TRANSFER DR 501 Bima Nugraha Kusum 
2300010936;BI-FAST CR TRANSFER DR 022 KAKIATNA AGRO INDO 
2300010936;BI-FAST CR TRANSFER DR 022 KAKIATNA AGRO INDO 
2300010936;BI-FAST CR TRANSFER DR 022 KAKIATNA AGRO INDO 
2300011370;BI-FAST CR TRANSFER DR 023 WANATA JAYA CIPTA, 
2300015095;BI-FAST CR TRANSFER DR 008 ASTHA BUMI INDAH 
2300015095;BI-FAST CR TRANSFER DR 008 ASTHA BUMI INDAH 
2300014998;BI-FAST CR TRANSFER DR 008 RISA ESA NANDA PUT 
2300013876;BI-FAST CR TRANSFER DR 002 COTTA TERRA PRIMA 
2300013876;BI-FAST CR TRANSFER DR 002 COTTA TERRA PRIMA 
2300016454;BI-FAST CR TRANSFER DR 008 CIPTA RANGKAI BERS 
2300015176;BI-FAST CR TRANSFER DR 008 ERWANSYAH DALIMUNT 
2300016423;BI-FAST CR TRANSFER DR 535 MOHAMAD FAIZ ALPAR
2300016320;BI-FAST CR TRANSFER DR 022 APRIZA HARYASANTI
2300015195;BI-FAST CR TRANSFER DR 022 NI KETUT ASTUTY
2300012554;BI-FAST CR TRANSFER DR 008 SUMBER SELERA INDO
2300012554;BI-FAST CR TRANSFER DR 008 SUMBER SELERA INDO
2300014642;BI-FAST CR TRANSFER DR 542 VITA DIAN PUTRI
2300014642;BI-FAST CR TRANSFER DR 542 VITA DIAN PUTRI
2300016092;BI-FAST CR TRANSFER DR 002 BULAN BINTOEN MATA
2300008691;BI-FAST CR TRANSFER DR 022 HERBERT TANUDJAJA
2300008691;BI-FAST CR TRANSFER DR 022 HERBERT TANUDJAJA
DISTRIBUTOR GREENFIELDS;BI-FAST CR TRANSFER DR 008 KELOLA PANGAN INDO
2300015687;BI-FAST CR TRANSFER DR 523 DPOD Bogajaya Suks
2300005715;BI-FAST CR TRANSFER DR 535 CORNELIA DEBRINA P
2300010936;BI-FAST CR TRANSFER DR 022 KAKIATNA AGRO INDO 
2300010936;BI-FAST CR TRANSFER DR 022 KAKIATNA AGRO INDO 
2300010936;BI-FAST CR TRANSFER DR 022 KAKIATNA AGRO INDO 
2300016236;BI-FAST CR TRANSFER DR 153 FRANSISKUS BUNJAMI 
2300011097;BI-FAST CR TRANSFER DR 022 KIRA KIRANA AKUSAR 
2300007488;BI-FAST CR TRANSFER DR 494 Ponco Sunarto 
2300007488;BI-FAST CR TRANSFER DR 494 Ponco Sunarto 
2300007488;BI-FAST CR TRANSFER DR 494 Ponco Sunarto 
2300013780;BI-FAST CR TRANSFER DR 008 JEDO ABADI LESTARI 
2300012940;BI-FAST CR TRANSFER DR 008 SELLY STEPANI 
2300012521;BI-FAST CR TRANSFER DR 008 MUTHOHAROH 
2300010516;BI-FAST CR TRANSFER DR 028 DCIKA PRIMA MAHKOT 
2300014706;BI-FAST CR TRANSFER DR 008 REINBARR RATU RADJ 
2300015833;BI-FAST CR TRANSFER DR 009 ANDHIKA NUR PRATAM
2300012521;BI-FAST CR TRANSFER DR 008 MUTHOHAROH
2300014642;BI-FAST CR TRANSFER DR 542 VITA DIAN PUTRI
2300015195;BI-FAST CR TRANSFER DR 022 NI KETUT ASTUTY
2300010105;BI-FAST CR TRANSFER DR 008 KOPKAR MADANI ASTR
2300014400;BI-FAST CR TRANSFER DR 002 FILOSOFI KOPI SEJA
2300011370;BI-FAST CR TRANSFER DR 023 WANATA JAYA CIPTA,
2300012432;BI-FAST CR TRANSFER DR 023 HENGKY PRASETYO
2300015203;BI-FAST CR TRANSFER DR 022 GENESIS INDONESIA
DISTRIBUTOR GREENFIELDS;BI-FAST CR TRANSFER DR 451 PT KELOLA PANGAN I
2300013016;BI-FAST CR TRANSFER DR 009 WAHYUDI
2300015092;BI-FAST CR TRANSFER DR 008 RAJASA INTAMA
2300012399;BI-FAST CR TRANSFER DR 022 TIGA KAWA MITRA
2300011553;BI-FAST CR TRANSFER DR 451 PT CITA CENDERA MA
2300016215;BI-FAST CR TRANSFER DR 002 ACHMAD JUPRI
2300015159;BI-FAST CR TRANSFER DR 009 FIRA DWI WAHYUNI
2300015278;BI-FAST CR TRANSFER DR 022 ALAM KAWA MITRA
2300016155;BI-FAST CR TRANSFER DR 013 RAFAE LAYETH SUUD
2300014856;BI-FAST CR TRANSFER DR 008 MUHAMAD IRFAN M
2300016155;BI-FAST CR TRANSFER DR 013 RAFAE LAYETH SUUD
2300015875;BI-FAST CR TRANSFER DR 022 DES DAN ROTI ARTIS 
2300015127;BI-FAST CR TRANSFER DR 008 ANIS YULITA 
DISTRIBUTOR GREENFIELDS;BI-FAST CR TRANSFER DR 022 CLASSIC FINE FOODS 
2300010936;BI-FAST CR TRANSFER DR 022 KAKIATNA AGRO INDO 
2300010936;BI-FAST CR TRANSFER DR 022 KAKIATNA AGRO INDO 
2300010936;BI-FAST CR TRANSFER DR 022 KAKIATNA AGRO INDO 
2300016092;BI-FAST CR TRANSFER DR 002 BULAN BINTOEN MATA 
2300016201;BI-FAST CR TRANSFER DR 028 FENNY 
2300015295;BI-FAST CR TRANSFER DR 451 ANDE RIYADI 
2300014960;BI-FAST CR TRANSFER DR 451 PT ALANA BERKAH BE 
2300015328;BI-FAST CR TRANSFER DR 548 JOHANNES BENJAMIN 
2300013876;BI-FAST CR TRANSFER DR 002 COTTA TERRA PRIMA 
2300016092;BI-FAST CR TRANSFER DR 002 BULAN BINTOEN MATA 
2300009183;BI-FAST CR TRANSFER DR 501 Diajeng Nurulita N 
2000066431;BI-FAST CR TRANSFER DR 009 YUMMY FOOD UTAMA
2300010936;BI-FAST CR TRANSFER DR 022 KAKIATNA AGRO INDO
2300010936;BI-FAST CR TRANSFER DR 022 KAKIATNA AGRO INDO
2300010936;BI-FAST CR TRANSFER DR 022 KAKIATNA AGRO INDO
2300016328;BI-FAST CR TRANSFER DR 501 Bima Nugraha Kusum
2300016249;BI-FAST CR TRANSFER DR 008 TAFIA PUTRI S. RAM
2300016328;BI-FAST CR TRANSFER DR 501 Bima Nugraha Kusum
2300011768;BI-FAST CR TRANSFER DR 031 PT TRAVELOKA INDON
2300014697;BI-FAST CR TRANSFER DR 031 PT TRINUSA TRAVELI
2300012427;BI-FAST CR TRANSFER DR 002 FLIPTECH LENTERA I
2300014642;BI-FAST CR TRANSFER DR 542 VITA DIAN PUTRI
2300014960;BI-FAST CR TRANSFER DR 451 PT ALANA BERKAH BE
2300016034;BI-FAST CR TRANSFER DR 009 KHOERUNNISA
2300012941;BI-FAST CR TRANSFER DR 009 TITO LUTHFI ATHAYA
2300010936;BI-FAST CR TRANSFER DR 022 KAKIATNA AGRO INDO
2300010936;BI-FAST CR TRANSFER DR 022 KAKIATNA AGRO INDO
2300008929;BI-FAST CR TRANSFER DR 008 YUDHO WANDONO ANGG
2300011476;BI-FAST CR TRANSFER DR 022 NUSAE BEUNGHAR BER
2300017079;BI-FAST CR TRANSFER DR 501 Ridwan Riswandi
2300017079;BI-FAST CR TRANSFER DR 501 Ridwan Riswandi
2300018751;BI-FAST CR TRANSFER DR 008 UNGGUL WICAKSONO I
2300008691;BI-FAST CR TRANSFER DR 022 HERBERT TANUDJAJA
2300010936;BI-FAST CR TRANSFER DR 022 KAKIATNA AGRO INDO
2300010936;BI-FAST CR TRANSFER DR 022 KAKIATNA AGRO INDO
2300016623;BI-FAST CR TRANSFER DR 535 RATIH
2300018748;BI-FAST CR TRANSFER DR 008 MOEHAMAD FAIZ GANI
2300017044;BI-FAST CR TRANSFER DR 490 ANASTALISIA KUSUMA
2300013876;BI-FAST CR TRANSFER DR 002 COTTA TERRA PRIMA
2300015777;BI-FAST CR TRANSFER DR 022 ROSSI SOFIAH HARDI
2300015482;BI-FAST CR TRANSFER DR 002 ROY GUSERNI
2300017789;BI-FAST CR TRANSFER DR 008 AGUNG BUDI UTOMO
2300015249;BI-FAST CR TRANSFER DR 008 HAYKAL DZAKRY WIDJ
2300018857;BI-FAST CR TRANSFER DR 542 Graha Pramudita
2300012798;BI-FAST CR TRANSFER DR 451 KOPIKOPIANDBEVERAG
2300017901;BI-FAST CR TRANSFER DR 009 RFA KHARISMA INTER
2300016097;BI-FAST CR TRANSFER DR 008 RUWANDA SELERA ABA
2300015777;BI-FAST CR TRANSFER DR 022 ROSSI SOFIAH HARDI
2300012456;BI-FAST CR TRANSFER DR 002 RINO BAGUS PRASETY
2300017653;BI-FAST CR TRANSFER DR 008 AGUS CHANDRA WAHYU
2300017514;BI-FAST CR TRANSFER DR 008 KORI-HABITAT UNTUK
2300007137;BI-FAST CR TRANSFER DR 032 PT Kerry Ingredien
2300016033;BI-FAST CR TRANSFER DR 002 SION TRADING LINE 
2300012940;BI-FAST CR TRANSFER DR 008 SELLY STEPANI 
2300016574;BI-FAST CR TRANSFER DR 009 JULIASDI SAPUTRA 
2300016201;BI-FAST CR TRANSFER DR 028 ARENES BOGA SEJAHT 
2300015977;BI-FAST CR TRANSFER DR 008 BERKAT INTI SELARA 
2300015203;BI-FAST CR TRANSFER DR 022 GENESIS INDONESIA
2300016259;BI-FAST CR TRANSFER DR 008 HANA RIZKA EFRILIA